﻿Event Index,UTC Timestamp,UTC Date,Local Timestamp,Local Timezone,Local Date,Experiment ID,Experiment Version,Tree Node Key,Repeat Key,Schedule ID,Participant Public ID,Participant Private ID,Participant Starting Group,Participant Status,Participant Completion Code,Participant External Session ID,Participant Device Type,Participant Device,Participant OS,Participant Browser,Participant Monitor Size,Participant Viewport Size,Checkpoint,Task Name,Task Version,branch-9edj,branch-ee59,checkpoint-7g4v,branch-52fz,checkpoint-irp3,randomiser-czzd,randomiser-hvq1,randomiser-7do6,randomiser-o6lu,randomiser-b834,randomiser-gfgd,randomiser-ml5o,randomiser-mulp,randomiser-didj,Question Key,Response
1,1586548024672,10/04/2020 19:47:04,1586548076016,-4,10/04/2020 15:47:56,15296,6,questionnaire-d7os,,4422637,5b5fc64dde55140001381039,1252507,,complete,,5e90cccb375d6e0763cb9e1b,computer,Desktop or Laptop,Mac OS 10.14,Firefox 74.0,1280x800,1280x701,Pass,Demographics,1,Yes,Pass,Pass,,,Mixed_JaneSet1_AustinSH_JaneS_JaneTest1,,,,,,,,LeftMale_LeftSign,BEGIN QUESTIONNAIRE,
2,1586548041395,10/04/2020 19:47:21,1586548092808,-4,10/04/2020 15:48:12,15296,6,questionnaire-d7os,,4422637,5b5fc64dde55140001381039,1252507,,complete,,5e90cccb375d6e0763cb9e1b,computer,Desktop or Laptop,Mac OS 10.14,Firefox 74.0,1280x800,1280x701,Pass,Demographics,1,Yes,Pass,Pass,,,Mixed_JaneSet1_AustinSH_JaneS_JaneTest1,,,,,,,,LeftMale_LeftSign,response-accent-1,New England
3,1586548041519,10/04/2020 19:47:21,1586548092809,-4,10/04/2020 15:48:12,15296,6,questionnaire-d7os,,4422637,5b5fc64dde55140001381039,1252507,,complete,,5e90cccb375d6e0763cb9e1b,computer,Desktop or Laptop,Mac OS 10.14,Firefox 74.0,1280x800,1280x701,Pass,Demographics,1,Yes,Pass,Pass,,,Mixed_JaneSet1_AustinSH_JaneS_JaneTest1,,,,,,,,LeftMale_LeftSign,response-accent-text,
4,1586548041519,10/04/2020 19:47:21,1586548092809,-4,10/04/2020 15:48:12,15296,6,questionnaire-d7os,,4422637,5b5fc64dde55140001381039,1252507,,complete,,5e90cccb375d6e0763cb9e1b,computer,Desktop or Laptop,Mac OS 10.14,Firefox 74.0,1280x800,1280x701,Pass,Demographics,1,Yes,Pass,Pass,,,Mixed_JaneSet1_AustinSH_JaneS_JaneTest1,,,,,,,,LeftMale_LeftSign,response-sex-1,Female
5,1586548041519,10/04/2020 19:47:21,1586548092810,-4,10/04/2020 15:48:12,15296,6,questionnaire-d7os,,4422637,5b5fc64dde55140001381039,1252507,,complete,,5e90cccb375d6e0763cb9e1b,computer,Desktop or Laptop,Mac OS 10.14,Firefox 74.0,1280x800,1280x701,Pass,Demographics,1,Yes,Pass,Pass,,,Mixed_JaneSet1_AustinSH_JaneS_JaneTest1,,,,,,,,LeftMale_LeftSign,response-ethnicity-2,Not Hispanic or Latino
6,1586548041519,10/04/2020 19:47:21,1586548092810,-4,10/04/2020 15:48:12,15296,6,questionnaire-d7os,,4422637,5b5fc64dde55140001381039,1252507,,complete,,5e90cccb375d6e0763cb9e1b,computer,Desktop or Laptop,Mac OS 10.14,Firefox 74.0,1280x800,1280x701,Pass,Demographics,1,Yes,Pass,Pass,,,Mixed_JaneSet1_AustinSH_JaneS_JaneTest1,,,,,,,,LeftMale_LeftSign,response-race-5,White
7,1586548041519,10/04/2020 19:47:21,1586548092810,-4,10/04/2020 15:48:12,15296,6,questionnaire-d7os,,4422637,5b5fc64dde55140001381039,1252507,,complete,,5e90cccb375d6e0763cb9e1b,computer,Desktop or Laptop,Mac OS 10.14,Firefox 74.0,1280x800,1280x701,Pass,Demographics,1,Yes,Pass,Pass,,,Mixed_JaneSet1_AustinSH_JaneS_JaneTest1,,,,,,,,LeftMale_LeftSign,END QUESTIONNAIRE,16794
1,1586548087902,10/04/2020 19:48:07,1586548087419,-4,10/04/2020 15:48:07,15296,6,questionnaire-d7os,,4422647,5b2913910ec82d0001d2578d,1252513,,complete,,5e90cd0a6aeaa70be16c5795,computer,Desktop or Laptop,Windows 10,Chrome 80.0.3987.149,1920x1080,1745x915,Pass,Demographics,1,Yes,Pass,Pass,,,Mixed_JaneSet1_AustinS_JaneSH_AustinTest1,,LeftFemale_LeftShine,,,,,,,BEGIN QUESTIONNAIRE,
2,1586548126099,10/04/2020 19:48:46,1586548125652,-4,10/04/2020 15:48:45,15296,6,questionnaire-d7os,,4422647,5b2913910ec82d0001d2578d,1252513,,complete,,5e90cd0a6aeaa70be16c5795,computer,Desktop or Laptop,Windows 10,Chrome 80.0.3987.149,1920x1080,1730x915,Pass,Demographics,1,Yes,Pass,Pass,,,Mixed_JaneSet1_AustinS_JaneSH_AustinTest1,,LeftFemale_LeftShine,,,,,,,response-accent-2,Southern
3,1586548126224,10/04/2020 19:48:46,1586548125654,-4,10/04/2020 15:48:45,15296,6,questionnaire-d7os,,4422647,5b2913910ec82d0001d2578d,1252513,,complete,,5e90cd0a6aeaa70be16c5795,computer,Desktop or Laptop,Windows 10,Chrome 80.0.3987.149,1920x1080,1730x915,Pass,Demographics,1,Yes,Pass,Pass,,,Mixed_JaneSet1_AustinS_JaneSH_AustinTest1,,LeftFemale_LeftShine,,,,,,,response-accent-text,
4,1586548126224,10/04/2020 19:48:46,1586548125654,-4,10/04/2020 15:48:45,15296,6,questionnaire-d7os,,4422647,5b2913910ec82d0001d2578d,1252513,,complete,,5e90cd0a6aeaa70be16c5795,computer,Desktop or Laptop,Windows 10,Chrome 80.0.3987.149,1920x1080,1730x915,Pass,Demographics,1,Yes,Pass,Pass,,,Mixed_JaneSet1_AustinS_JaneSH_AustinTest1,,LeftFemale_LeftShine,,,,,,,response-sex-2,Male
5,1586548126224,10/04/2020 19:48:46,1586548125655,-4,10/04/2020 15:48:45,15296,6,questionnaire-d7os,,4422647,5b2913910ec82d0001d2578d,1252513,,complete,,5e90cd0a6aeaa70be16c5795,computer,Desktop or Laptop,Windows 10,Chrome 80.0.3987.149,1920x1080,1730x915,Pass,Demographics,1,Yes,Pass,Pass,,,Mixed_JaneSet1_AustinS_JaneSH_AustinTest1,,LeftFemale_LeftShine,,,,,,,response-ethnicity-2,Not Hispanic or Latino
6,1586548126224,10/04/2020 19:48:46,1586548125655,-4,10/04/2020 15:48:45,15296,6,questionnaire-d7os,,4422647,5b2913910ec82d0001d2578d,1252513,,complete,,5e90cd0a6aeaa70be16c5795,computer,Desktop or Laptop,Windows 10,Chrome 80.0.3987.149,1920x1080,1730x915,Pass,Demographics,1,Yes,Pass,Pass,,,Mixed_JaneSet1_AustinS_JaneSH_AustinTest1,,LeftFemale_LeftShine,,,,,,,response-race-5,White
7,1586548126224,10/04/2020 19:48:46,1586548125655,-4,10/04/2020 15:48:45,15296,6,questionnaire-d7os,,4422647,5b2913910ec82d0001d2578d,1252513,,complete,,5e90cd0a6aeaa70be16c5795,computer,Desktop or Laptop,Windows 10,Chrome 80.0.3987.149,1920x1080,1730x915,Pass,Demographics,1,Yes,Pass,Pass,,,Mixed_JaneSet1_AustinS_JaneSH_AustinTest1,,LeftFemale_LeftShine,,,,,,,END QUESTIONNAIRE,38236
1,1586548142514,10/04/2020 19:49:02,1586548143264,-4,10/04/2020 15:49:03,15296,6,questionnaire-d7os,,4422654,5e3f1fa7f459231841ed03b3,1252516,,complete,,5e90cd3bc38d4a402875ea27,computer,Desktop or Laptop,Windows 10,Edge 18.18363,1536x864,1536x729,Pass,Demographics,1,Yes,Pass,Pass,,,Mixed_JaneSet1_AustinS_JaneSH_JaneTest1,,,,,,LeftFemale_LeftShine,,,BEGIN QUESTIONNAIRE,
2,1586548155314,10/04/2020 19:49:15,1586548156065,-4,10/04/2020 15:49:16,15296,6,questionnaire-d7os,,4422654,5e3f1fa7f459231841ed03b3,1252516,,complete,,5e90cd3bc38d4a402875ea27,computer,Desktop or Laptop,Windows 10,Edge 18.18363,1536x864,1520x729,Pass,Demographics,1,Yes,Pass,Pass,,,Mixed_JaneSet1_AustinS_JaneSH_JaneTest1,,,,,,LeftFemale_LeftShine,,,response-accent-1,New England
3,1586548155472,10/04/2020 19:49:15,1586548156068,-4,10/04/2020 15:49:16,15296,6,questionnaire-d7os,,4422654,5e3f1fa7f459231841ed03b3,1252516,,complete,,5e90cd3bc38d4a402875ea27,computer,Desktop or Laptop,Windows 10,Edge 18.18363,1536x864,1520x729,Pass,Demographics,1,Yes,Pass,Pass,,,Mixed_JaneSet1_AustinS_JaneSH_JaneTest1,,,,,,LeftFemale_LeftShine,,,response-accent-text,
4,1586548155472,10/04/2020 19:49:15,1586548156068,-4,10/04/2020 15:49:16,15296,6,questionnaire-d7os,,4422654,5e3f1fa7f459231841ed03b3,1252516,,complete,,5e90cd3bc38d4a402875ea27,computer,Desktop or Laptop,Windows 10,Edge 18.18363,1536x864,1520x729,Pass,Demographics,1,Yes,Pass,Pass,,,Mixed_JaneSet1_AustinS_JaneSH_JaneTest1,,,,,,LeftFemale_LeftShine,,,response-sex-2,Male
5,1586548155472,10/04/2020 19:49:15,1586548156068,-4,10/04/2020 15:49:16,15296,6,questionnaire-d7os,,4422654,5e3f1fa7f459231841ed03b3,1252516,,complete,,5e90cd3bc38d4a402875ea27,computer,Desktop or Laptop,Windows 10,Edge 18.18363,1536x864,1520x729,Pass,Demographics,1,Yes,Pass,Pass,,,Mixed_JaneSet1_AustinS_JaneSH_JaneTest1,,,,,,LeftFemale_LeftShine,,,response-ethnicity-2,Not Hispanic or Latino
6,1586548155472,10/04/2020 19:49:15,1586548156068,-4,10/04/2020 15:49:16,15296,6,questionnaire-d7os,,4422654,5e3f1fa7f459231841ed03b3,1252516,,complete,,5e90cd3bc38d4a402875ea27,computer,Desktop or Laptop,Windows 10,Edge 18.18363,1536x864,1520x729,Pass,Demographics,1,Yes,Pass,Pass,,,Mixed_JaneSet1_AustinS_JaneSH_JaneTest1,,,,,,LeftFemale_LeftShine,,,response-race-5,White
7,1586548155472,10/04/2020 19:49:15,1586548156068,-4,10/04/2020 15:49:16,15296,6,questionnaire-d7os,,4422654,5e3f1fa7f459231841ed03b3,1252516,,complete,,5e90cd3bc38d4a402875ea27,computer,Desktop or Laptop,Windows 10,Edge 18.18363,1536x864,1520x729,Pass,Demographics,1,Yes,Pass,Pass,,,Mixed_JaneSet1_AustinS_JaneSH_JaneTest1,,,,,,LeftFemale_LeftShine,,,END QUESTIONNAIRE,12804
1,1586548209208,10/04/2020 19:50:09,1586548210753,-7,10/04/2020 12:50:10,15296,6,questionnaire-d7os,,4422666,5e7c0b47b7838b24ceb7f48b,1252520,,complete,,5e90cd78e6812e3ec9fb5844,computer,Desktop or Laptop,Mac OS 10.10.5,Chrome 80.0.3987.163,1280x800,1072x597,Pass,Demographics,1,Yes,Pass,Pass,,,Mixed_AustinSet1_AustinSH_JaneS_JaneTest1,,,,,,,LeftMale_LeftShine,,BEGIN QUESTIONNAIRE,
2,1586548229773,10/04/2020 19:50:29,1586548231385,-7,10/04/2020 12:50:31,15296,6,questionnaire-d7os,,4422666,5e7c0b47b7838b24ceb7f48b,1252520,,complete,,5e90cd78e6812e3ec9fb5844,computer,Desktop or Laptop,Mac OS 10.10.5,Chrome 80.0.3987.163,1280x800,1057x597,Pass,Demographics,1,Yes,Pass,Pass,,,Mixed_AustinSet1_AustinSH_JaneS_JaneTest1,,,,,,,LeftMale_LeftShine,,response-accent-4,Pacific northwest
3,1586548230100,10/04/2020 19:50:30,1586548231388,-7,10/04/2020 12:50:31,15296,6,questionnaire-d7os,,4422666,5e7c0b47b7838b24ceb7f48b,1252520,,complete,,5e90cd78e6812e3ec9fb5844,computer,Desktop or Laptop,Mac OS 10.10.5,Chrome 80.0.3987.163,1280x800,1057x597,Pass,Demographics,1,Yes,Pass,Pass,,,Mixed_AustinSet1_AustinSH_JaneS_JaneTest1,,,,,,,LeftMale_LeftShine,,response-accent-text,
4,1586548230100,10/04/2020 19:50:30,1586548231388,-7,10/04/2020 12:50:31,15296,6,questionnaire-d7os,,4422666,5e7c0b47b7838b24ceb7f48b,1252520,,complete,,5e90cd78e6812e3ec9fb5844,computer,Desktop or Laptop,Mac OS 10.10.5,Chrome 80.0.3987.163,1280x800,1057x597,Pass,Demographics,1,Yes,Pass,Pass,,,Mixed_AustinSet1_AustinSH_JaneS_JaneTest1,,,,,,,LeftMale_LeftShine,,response-sex-1,Female
5,1586548230100,10/04/2020 19:50:30,1586548231389,-7,10/04/2020 12:50:31,15296,6,questionnaire-d7os,,4422666,5e7c0b47b7838b24ceb7f48b,1252520,,complete,,5e90cd78e6812e3ec9fb5844,computer,Desktop or Laptop,Mac OS 10.10.5,Chrome 80.0.3987.163,1280x800,1057x597,Pass,Demographics,1,Yes,Pass,Pass,,,Mixed_AustinSet1_AustinSH_JaneS_JaneTest1,,,,,,,LeftMale_LeftShine,,response-ethnicity-2,Not Hispanic or Latino
6,1586548230100,10/04/2020 19:50:30,1586548231389,-7,10/04/2020 12:50:31,15296,6,questionnaire-d7os,,4422666,5e7c0b47b7838b24ceb7f48b,1252520,,complete,,5e90cd78e6812e3ec9fb5844,computer,Desktop or Laptop,Mac OS 10.10.5,Chrome 80.0.3987.163,1280x800,1057x597,Pass,Demographics,1,Yes,Pass,Pass,,,Mixed_AustinSet1_AustinSH_JaneS_JaneTest1,,,,,,,LeftMale_LeftShine,,response-race-5,White
7,1586548230100,10/04/2020 19:50:30,1586548231389,-7,10/04/2020 12:50:31,15296,6,questionnaire-d7os,,4422666,5e7c0b47b7838b24ceb7f48b,1252520,,complete,,5e90cd78e6812e3ec9fb5844,computer,Desktop or Laptop,Mac OS 10.10.5,Chrome 80.0.3987.163,1280x800,1057x597,Pass,Demographics,1,Yes,Pass,Pass,,,Mixed_AustinSet1_AustinSH_JaneS_JaneTest1,,,,,,,LeftMale_LeftShine,,END QUESTIONNAIRE,20636
END OF FILE
