﻿Event Index,UTC Timestamp,UTC Date,Local Timestamp,Local Timezone,Local Date,Experiment ID,Experiment Version,Tree Node Key,Repeat Key,Schedule ID,Participant Public ID,Participant Private ID,Participant Starting Group,Participant Status,Participant Completion Code,Participant External Session ID,Participant Device Type,Participant Device,Participant OS,Participant Browser,Participant Monitor Size,Participant Viewport Size,Checkpoint,Task Name,Task Version,branch-9edj,branch-ee59,checkpoint-7g4v,branch-52fz,checkpoint-irp3,randomiser-czzd,randomiser-hvq1,randomiser-7do6,randomiser-o6lu,randomiser-b834,randomiser-gfgd,randomiser-ml5o,randomiser-mulp,randomiser-didj,Question Key,Response
1,1588710246990,05/05/2020 20:24:06,1588710247413,-4,05/05/2020 16:24:07,15296,8,questionnaire-d7os,,4795945,5ea876f4ea2ee42be043746d,1358123,,complete,,5eb1cac37fc5b811036c2c5a,computer,Desktop or Laptop,Windows 10,Chrome 81.0.4044.129,1280x720,1280x578,Pass,Demographics,1,Yes,Pass,Pass,,,Mixed_AustinSet1_AustinS_JaneSH_JaneTest1,,,,,LeftMale_LeftShine,,,,BEGIN QUESTIONNAIRE,
2,1588710269059,05/05/2020 20:24:29,1588710269530,-4,05/05/2020 16:24:29,15296,8,questionnaire-d7os,,4795945,5ea876f4ea2ee42be043746d,1358123,,complete,,5eb1cac37fc5b811036c2c5a,computer,Desktop or Laptop,Windows 10,Chrome 81.0.4044.129,1280x720,1263x578,Pass,Demographics,1,Yes,Pass,Pass,,,Mixed_AustinSet1_AustinS_JaneSH_JaneTest1,,,,,LeftMale_LeftShine,,,,response-accent-5,Pacific southwest
3,1588710269168,05/05/2020 20:24:29,1588710269532,-4,05/05/2020 16:24:29,15296,8,questionnaire-d7os,,4795945,5ea876f4ea2ee42be043746d,1358123,,complete,,5eb1cac37fc5b811036c2c5a,computer,Desktop or Laptop,Windows 10,Chrome 81.0.4044.129,1280x720,1263x578,Pass,Demographics,1,Yes,Pass,Pass,,,Mixed_AustinSet1_AustinS_JaneSH_JaneTest1,,,,,LeftMale_LeftShine,,,,response-accent-text,
4,1588710269168,05/05/2020 20:24:29,1588710269533,-4,05/05/2020 16:24:29,15296,8,questionnaire-d7os,,4795945,5ea876f4ea2ee42be043746d,1358123,,complete,,5eb1cac37fc5b811036c2c5a,computer,Desktop or Laptop,Windows 10,Chrome 81.0.4044.129,1280x720,1263x578,Pass,Demographics,1,Yes,Pass,Pass,,,Mixed_AustinSet1_AustinS_JaneSH_JaneTest1,,,,,LeftMale_LeftShine,,,,response-sex-3,Other
5,1588710269168,05/05/2020 20:24:29,1588710269533,-4,05/05/2020 16:24:29,15296,8,questionnaire-d7os,,4795945,5ea876f4ea2ee42be043746d,1358123,,complete,,5eb1cac37fc5b811036c2c5a,computer,Desktop or Laptop,Windows 10,Chrome 81.0.4044.129,1280x720,1263x578,Pass,Demographics,1,Yes,Pass,Pass,,,Mixed_AustinSet1_AustinS_JaneSH_JaneTest1,,,,,LeftMale_LeftShine,,,,response-ethnicity-2,Not Hispanic or Latino
6,1588710269168,05/05/2020 20:24:29,1588710269533,-4,05/05/2020 16:24:29,15296,8,questionnaire-d7os,,4795945,5ea876f4ea2ee42be043746d,1358123,,complete,,5eb1cac37fc5b811036c2c5a,computer,Desktop or Laptop,Windows 10,Chrome 81.0.4044.129,1280x720,1263x578,Pass,Demographics,1,Yes,Pass,Pass,,,Mixed_AustinSet1_AustinS_JaneSH_JaneTest1,,,,,LeftMale_LeftShine,,,,response-race-5,White
7,1588710269168,05/05/2020 20:24:29,1588710269533,-4,05/05/2020 16:24:29,15296,8,questionnaire-d7os,,4795945,5ea876f4ea2ee42be043746d,1358123,,complete,,5eb1cac37fc5b811036c2c5a,computer,Desktop or Laptop,Windows 10,Chrome 81.0.4044.129,1280x720,1263x578,Pass,Demographics,1,Yes,Pass,Pass,,,Mixed_AustinSet1_AustinS_JaneSH_JaneTest1,,,,,LeftMale_LeftShine,,,,END QUESTIONNAIRE,22120
1,1588775300972,06/05/2020 14:28:20,1588775300494,-5,06/05/2020 09:28:20,15296,8,questionnaire-d7os,,4807697,5e42cd8ba3b8cc1602e23371,1366394,,complete,,5eb2c8ffd8bf9505ddd0f95b,computer,Desktop or Laptop,Windows 10,Chrome 81.0.4044.129,1440x900,1440x740,Pass,Demographics,1,Yes,Pass,Pass,,,Mixed_AustinSet1_AustinS_JaneSH_JaneTest1,,,,,LeftMale_LeftShine,,,,BEGIN QUESTIONNAIRE,
2,1588775311786,06/05/2020 14:28:31,1588775311341,-5,06/05/2020 09:28:31,15296,8,questionnaire-d7os,,4807697,5e42cd8ba3b8cc1602e23371,1366394,,complete,,5eb2c8ffd8bf9505ddd0f95b,computer,Desktop or Laptop,Windows 10,Chrome 81.0.4044.129,1440x900,1423x740,Pass,Demographics,1,Yes,Pass,Pass,,,Mixed_AustinSet1_AustinS_JaneSH_JaneTest1,,,,,LeftMale_LeftShine,,,,response-accent-3,Midwestern
3,1588775311989,06/05/2020 14:28:31,1588775311343,-5,06/05/2020 09:28:31,15296,8,questionnaire-d7os,,4807697,5e42cd8ba3b8cc1602e23371,1366394,,complete,,5eb2c8ffd8bf9505ddd0f95b,computer,Desktop or Laptop,Windows 10,Chrome 81.0.4044.129,1440x900,1423x740,Pass,Demographics,1,Yes,Pass,Pass,,,Mixed_AustinSet1_AustinS_JaneSH_JaneTest1,,,,,LeftMale_LeftShine,,,,response-accent-text,
4,1588775311989,06/05/2020 14:28:31,1588775311344,-5,06/05/2020 09:28:31,15296,8,questionnaire-d7os,,4807697,5e42cd8ba3b8cc1602e23371,1366394,,complete,,5eb2c8ffd8bf9505ddd0f95b,computer,Desktop or Laptop,Windows 10,Chrome 81.0.4044.129,1440x900,1423x740,Pass,Demographics,1,Yes,Pass,Pass,,,Mixed_AustinSet1_AustinS_JaneSH_JaneTest1,,,,,LeftMale_LeftShine,,,,response-sex-2,Male
5,1588775311989,06/05/2020 14:28:31,1588775311344,-5,06/05/2020 09:28:31,15296,8,questionnaire-d7os,,4807697,5e42cd8ba3b8cc1602e23371,1366394,,complete,,5eb2c8ffd8bf9505ddd0f95b,computer,Desktop or Laptop,Windows 10,Chrome 81.0.4044.129,1440x900,1423x740,Pass,Demographics,1,Yes,Pass,Pass,,,Mixed_AustinSet1_AustinS_JaneSH_JaneTest1,,,,,LeftMale_LeftShine,,,,response-ethnicity-2,Not Hispanic or Latino
6,1588775311989,06/05/2020 14:28:31,1588775311344,-5,06/05/2020 09:28:31,15296,8,questionnaire-d7os,,4807697,5e42cd8ba3b8cc1602e23371,1366394,,complete,,5eb2c8ffd8bf9505ddd0f95b,computer,Desktop or Laptop,Windows 10,Chrome 81.0.4044.129,1440x900,1423x740,Pass,Demographics,1,Yes,Pass,Pass,,,Mixed_AustinSet1_AustinS_JaneSH_JaneTest1,,,,,LeftMale_LeftShine,,,,response-race-5,White
7,1588775311989,06/05/2020 14:28:31,1588775311344,-5,06/05/2020 09:28:31,15296,8,questionnaire-d7os,,4807697,5e42cd8ba3b8cc1602e23371,1366394,,complete,,5eb2c8ffd8bf9505ddd0f95b,computer,Desktop or Laptop,Windows 10,Chrome 81.0.4044.129,1440x900,1423x740,Pass,Demographics,1,Yes,Pass,Pass,,,Mixed_AustinSet1_AustinS_JaneSH_JaneTest1,,,,,LeftMale_LeftShine,,,,END QUESTIONNAIRE,10850
END OF FILE
