﻿Event Index,UTC Timestamp,UTC Date,Local Timestamp,Local Timezone,Local Date,Experiment ID,Experiment Version,Tree Node Key,Repeat Key,Schedule ID,Participant Public ID,Participant Private ID,Participant Starting Group,Participant Status,Participant Completion Code,Participant External Session ID,Participant Device Type,Participant Device,Participant OS,Participant Browser,Participant Monitor Size,Participant Viewport Size,Checkpoint,Task Name,Task Version,branch-9edj,branch-ee59,checkpoint-7g4v,branch-52fz,checkpoint-irp3,randomiser-czzd,randomiser-hvq1,randomiser-7do6,randomiser-o6lu,randomiser-b834,randomiser-gfgd,randomiser-ml5o,randomiser-mulp,randomiser-didj,Question Key,Response
1,1586383172600,08/04/2020 21:59:32,1586383263537,-4,08/04/2020 18:01:03,15296,4,questionnaire-t1fh,,4400383,5cc619058d2a1e001785c3aa,1246107,,complete,,5e8e493e5763b20baf8740fd,computer,Desktop or Laptop,Windows 10,Chrome 80.0.3987.163,1920x1080,1920x888,Pass,Information-Sheet,2,Yes,Pass,Pass,,,Mixed_JaneSet1_AustinSH_JaneS_JaneTest1,,,,,,,,LeftFemale_LeftSign,BEGIN QUESTIONNAIRE,
2,1586383694332,08/04/2020 22:08:14,1586383785044,-4,08/04/2020 18:09:45,15296,4,questionnaire-t1fh,,4400383,5cc619058d2a1e001785c3aa,1246107,,complete,,5e8e493e5763b20baf8740fd,computer,Desktop or Laptop,Windows 10,Chrome 80.0.3987.163,1920x1080,1903x888,Pass,Information-Sheet,2,Yes,Pass,Pass,,,Mixed_JaneSet1_AustinSH_JaneS_JaneTest1,,,,,,,,LeftFemale_LeftSign,consent,Yes
3,1586383694457,08/04/2020 22:08:14,1586383785047,-4,08/04/2020 18:09:45,15296,4,questionnaire-t1fh,,4400383,5cc619058d2a1e001785c3aa,1246107,,complete,,5e8e493e5763b20baf8740fd,computer,Desktop or Laptop,Windows 10,Chrome 80.0.3987.163,1920x1080,1903x888,Pass,Information-Sheet,2,Yes,Pass,Pass,,,Mixed_JaneSet1_AustinSH_JaneS_JaneTest1,,,,,,,,LeftFemale_LeftSign,consent-quantised,1
4,1586383694457,08/04/2020 22:08:14,1586383785047,-4,08/04/2020 18:09:45,15296,4,questionnaire-t1fh,,4400383,5cc619058d2a1e001785c3aa,1246107,,complete,,5e8e493e5763b20baf8740fd,computer,Desktop or Laptop,Windows 10,Chrome 80.0.3987.163,1920x1080,1903x888,Pass,Information-Sheet,2,Yes,Pass,Pass,,,Mixed_JaneSet1_AustinSH_JaneS_JaneTest1,,,,,,,,LeftFemale_LeftSign,END QUESTIONNAIRE,521510
1,1586383203053,08/04/2020 22:00:03,1586383270618,-4,08/04/2020 18:01:10,15296,4,questionnaire-t1fh,,4400388,5e5578c220b63957aeea65dd,1246109,,complete,,5e8e4949e05d6d0d48c84ec3,computer,Desktop or Laptop,Windows 10,Chrome 80.0.3987.163,1366x768,1366x625,Pass,Information-Sheet,2,Yes,Pass,Pass,,,Mixed_JaneSet1_AustinSH_JaneS_JaneTest1,,,,,,,,LeftMale_LeftShine,BEGIN QUESTIONNAIRE,
2,1586383263439,08/04/2020 22:01:03,1586383331084,-4,08/04/2020 18:02:11,15296,4,questionnaire-t1fh,,4400388,5e5578c220b63957aeea65dd,1246109,,complete,,5e8e4949e05d6d0d48c84ec3,computer,Desktop or Laptop,Windows 10,Chrome 80.0.3987.163,1366x768,1349x625,Pass,Information-Sheet,2,Yes,Pass,Pass,,,Mixed_JaneSet1_AustinSH_JaneS_JaneTest1,,,,,,,,LeftMale_LeftShine,consent,Yes
3,1586383263626,08/04/2020 22:01:03,1586383331086,-4,08/04/2020 18:02:11,15296,4,questionnaire-t1fh,,4400388,5e5578c220b63957aeea65dd,1246109,,complete,,5e8e4949e05d6d0d48c84ec3,computer,Desktop or Laptop,Windows 10,Chrome 80.0.3987.163,1366x768,1349x625,Pass,Information-Sheet,2,Yes,Pass,Pass,,,Mixed_JaneSet1_AustinSH_JaneS_JaneTest1,,,,,,,,LeftMale_LeftShine,consent-quantised,1
4,1586383263626,08/04/2020 22:01:03,1586383331086,-4,08/04/2020 18:02:11,15296,4,questionnaire-t1fh,,4400388,5e5578c220b63957aeea65dd,1246109,,complete,,5e8e4949e05d6d0d48c84ec3,computer,Desktop or Laptop,Windows 10,Chrome 80.0.3987.163,1366x768,1349x625,Pass,Information-Sheet,2,Yes,Pass,Pass,,,Mixed_JaneSet1_AustinSH_JaneS_JaneTest1,,,,,,,,LeftMale_LeftShine,END QUESTIONNAIRE,60468
1,1586383207316,08/04/2020 22:00:07,1586383205280,-5,08/04/2020 17:00:05,15296,4,questionnaire-t1fh,,4400390,5e573ba5ad27610fa25300aa,1246111,,complete,,5e8e492ff84fbf10845bb3bf,computer,Desktop or Laptop,Windows 10,Chrome 80.0.3987.163,1920x1080,1920x937,Pass,Information-Sheet,2,Yes,Pass,Pass,,,Mixed_AustinSet1_AustinSH_JaneS_JaneTest1,,,,,,,LeftFemale_LeftSign,,BEGIN QUESTIONNAIRE,
2,1586383216237,08/04/2020 22:00:16,1586383216282,-5,08/04/2020 17:00:16,15296,4,questionnaire-t1fh,,4400390,5e573ba5ad27610fa25300aa,1246111,,complete,,5e8e492ff84fbf10845bb3bf,computer,Desktop or Laptop,Windows 10,Chrome 80.0.3987.163,1920x1080,1903x937,Pass,Information-Sheet,2,Yes,Pass,Pass,,,Mixed_AustinSet1_AustinSH_JaneS_JaneTest1,,,,,,,LeftFemale_LeftSign,,consent,Yes
3,1586383216424,08/04/2020 22:00:16,1586383216284,-5,08/04/2020 17:00:16,15296,4,questionnaire-t1fh,,4400390,5e573ba5ad27610fa25300aa,1246111,,complete,,5e8e492ff84fbf10845bb3bf,computer,Desktop or Laptop,Windows 10,Chrome 80.0.3987.163,1920x1080,1903x937,Pass,Information-Sheet,2,Yes,Pass,Pass,,,Mixed_AustinSet1_AustinSH_JaneS_JaneTest1,,,,,,,LeftFemale_LeftSign,,consent-quantised,1
4,1586383216424,08/04/2020 22:00:16,1586383216284,-5,08/04/2020 17:00:16,15296,4,questionnaire-t1fh,,4400390,5e573ba5ad27610fa25300aa,1246111,,complete,,5e8e492ff84fbf10845bb3bf,computer,Desktop or Laptop,Windows 10,Chrome 80.0.3987.163,1920x1080,1903x937,Pass,Information-Sheet,2,Yes,Pass,Pass,,,Mixed_AustinSet1_AustinSH_JaneS_JaneTest1,,,,,,,LeftFemale_LeftSign,,END QUESTIONNAIRE,11004
1,1586383215596,08/04/2020 22:00:15,1586383216339,-5,08/04/2020 17:00:16,15296,4,questionnaire-t1fh,,4400393,5dd5c04f86c88658b24d4cde,1246114,,complete,,5e8e49562943020f3448b73e,computer,Desktop or Laptop,Windows 10,Chrome 80.0.3987.163,1366x768,1366x657,Pass,Information-Sheet,2,Yes,Fail,Pass,Pass,,Mixed_AustinSet1_AustinSH_JaneS_AustinTest1,,,LeftMale_LeftSign,,,,,,BEGIN QUESTIONNAIRE,
2,1586383242845,08/04/2020 22:00:42,1586383243626,-5,08/04/2020 17:00:43,15296,4,questionnaire-t1fh,,4400393,5dd5c04f86c88658b24d4cde,1246114,,complete,,5e8e49562943020f3448b73e,computer,Desktop or Laptop,Windows 10,Chrome 80.0.3987.163,1366x768,1349x657,Pass,Information-Sheet,2,Yes,Fail,Pass,Pass,,Mixed_AustinSet1_AustinSH_JaneS_AustinTest1,,,LeftMale_LeftSign,,,,,,consent,Yes
3,1586383243065,08/04/2020 22:00:43,1586383243629,-5,08/04/2020 17:00:43,15296,4,questionnaire-t1fh,,4400393,5dd5c04f86c88658b24d4cde,1246114,,complete,,5e8e49562943020f3448b73e,computer,Desktop or Laptop,Windows 10,Chrome 80.0.3987.163,1366x768,1349x657,Pass,Information-Sheet,2,Yes,Fail,Pass,Pass,,Mixed_AustinSet1_AustinSH_JaneS_AustinTest1,,,LeftMale_LeftSign,,,,,,consent-quantised,1
4,1586383243065,08/04/2020 22:00:43,1586383243629,-5,08/04/2020 17:00:43,15296,4,questionnaire-t1fh,,4400393,5dd5c04f86c88658b24d4cde,1246114,,complete,,5e8e49562943020f3448b73e,computer,Desktop or Laptop,Windows 10,Chrome 80.0.3987.163,1366x768,1349x657,Pass,Information-Sheet,2,Yes,Fail,Pass,Pass,,Mixed_AustinSet1_AustinSH_JaneS_AustinTest1,,,LeftMale_LeftSign,,,,,,END QUESTIONNAIRE,27291
1,1586383230540,08/04/2020 22:00:30,1586383229359,-5,08/04/2020 17:00:29,15296,4,questionnaire-t1fh,,4400399,5ce610802be975001b46f0ac,1246116,,complete,,5e8e496d29430210559409a8,computer,Desktop or Laptop,Windows 10,Chrome 80.0.3987.163,1600x900,1600x757,Pass,Information-Sheet,2,Yes,Pass,Pass,,,Mixed_AustinSet1_AustinS_JaneSH_JaneTest1,,,,,LeftFemale_LeftShine,,,,BEGIN QUESTIONNAIRE,
2,1586383239043,08/04/2020 22:00:39,1586383237937,-5,08/04/2020 17:00:37,15296,4,questionnaire-t1fh,,4400399,5ce610802be975001b46f0ac,1246116,,complete,,5e8e496d29430210559409a8,computer,Desktop or Laptop,Windows 10,Chrome 80.0.3987.163,1600x900,1583x757,Pass,Information-Sheet,2,Yes,Pass,Pass,,,Mixed_AustinSet1_AustinS_JaneSH_JaneTest1,,,,,LeftFemale_LeftShine,,,,consent,Yes
3,1586383239229,08/04/2020 22:00:39,1586383237938,-5,08/04/2020 17:00:37,15296,4,questionnaire-t1fh,,4400399,5ce610802be975001b46f0ac,1246116,,complete,,5e8e496d29430210559409a8,computer,Desktop or Laptop,Windows 10,Chrome 80.0.3987.163,1600x900,1583x757,Pass,Information-Sheet,2,Yes,Pass,Pass,,,Mixed_AustinSet1_AustinS_JaneSH_JaneTest1,,,,,LeftFemale_LeftShine,,,,consent-quantised,1
4,1586383239229,08/04/2020 22:00:39,1586383237939,-5,08/04/2020 17:00:37,15296,4,questionnaire-t1fh,,4400399,5ce610802be975001b46f0ac,1246116,,complete,,5e8e496d29430210559409a8,computer,Desktop or Laptop,Windows 10,Chrome 80.0.3987.163,1600x900,1583x757,Pass,Information-Sheet,2,Yes,Pass,Pass,,,Mixed_AustinSet1_AustinS_JaneSH_JaneTest1,,,,,LeftFemale_LeftShine,,,,END QUESTIONNAIRE,8581
1,1586383230993,08/04/2020 22:00:30,1586383232740,-4,08/04/2020 18:00:32,15296,4,questionnaire-t1fh,,4400400,5dd1d1a051db1c23a1751a85,1246117,,complete,,5e8e4947a9e4ef0f0ebbfd52,computer,Desktop or Laptop,Windows 8.1,Chrome 80.0.3987.149,1366x768,1366x603,Pass,Information-Sheet,2,Yes,Pass,Pass,,,Mixed_JaneSet1_AustinSH_JaneS_AustinTest1,,,,LeftMale_LeftSign,,,,,BEGIN QUESTIONNAIRE,
2,1586383254389,08/04/2020 22:00:54,1586383256167,-4,08/04/2020 18:00:56,15296,4,questionnaire-t1fh,,4400400,5dd1d1a051db1c23a1751a85,1246117,,complete,,5e8e4947a9e4ef0f0ebbfd52,computer,Desktop or Laptop,Windows 8.1,Chrome 80.0.3987.149,1366x768,1349x603,Pass,Information-Sheet,2,Yes,Pass,Pass,,,Mixed_JaneSet1_AustinSH_JaneS_AustinTest1,,,,LeftMale_LeftSign,,,,,consent,Yes
3,1586383254530,08/04/2020 22:00:54,1586383256171,-4,08/04/2020 18:00:56,15296,4,questionnaire-t1fh,,4400400,5dd1d1a051db1c23a1751a85,1246117,,complete,,5e8e4947a9e4ef0f0ebbfd52,computer,Desktop or Laptop,Windows 8.1,Chrome 80.0.3987.149,1366x768,1349x603,Pass,Information-Sheet,2,Yes,Pass,Pass,,,Mixed_JaneSet1_AustinSH_JaneS_AustinTest1,,,,LeftMale_LeftSign,,,,,consent-quantised,1
4,1586383254530,08/04/2020 22:00:54,1586383256172,-4,08/04/2020 18:00:56,15296,4,questionnaire-t1fh,,4400400,5dd1d1a051db1c23a1751a85,1246117,,complete,,5e8e4947a9e4ef0f0ebbfd52,computer,Desktop or Laptop,Windows 8.1,Chrome 80.0.3987.149,1366x768,1349x603,Pass,Information-Sheet,2,Yes,Pass,Pass,,,Mixed_JaneSet1_AustinSH_JaneS_AustinTest1,,,,LeftMale_LeftSign,,,,,END QUESTIONNAIRE,23432
1,1586383233696,08/04/2020 22:00:33,1586383233546,-7,08/04/2020 15:00:33,15296,4,questionnaire-t1fh,,4400401,5e718a10031ef50be0aa2092,1246118,,complete,,5e8e496fd5fa440ffd58cd4d,computer,Desktop or Laptop,Mac OS 10.15.3,Chrome 80.0.3987.163,1440x900,986x798,Pass,Information-Sheet,2,Yes,Pass,Pass,,,Mixed_JaneSet1_AustinS_JaneSH_JaneTest1,,,,,,LeftFemale_LeftSign,,,BEGIN QUESTIONNAIRE,
2,1586383264174,08/04/2020 22:01:04,1586383264079,-7,08/04/2020 15:01:04,15296,4,questionnaire-t1fh,,4400401,5e718a10031ef50be0aa2092,1246118,,complete,,5e8e496fd5fa440ffd58cd4d,computer,Desktop or Laptop,Mac OS 10.15.3,Chrome 80.0.3987.163,1440x900,986x798,Pass,Information-Sheet,2,Yes,Pass,Pass,,,Mixed_JaneSet1_AustinS_JaneSH_JaneTest1,,,,,,LeftFemale_LeftSign,,,consent,Yes
3,1586383264580,08/04/2020 22:01:04,1586383264080,-7,08/04/2020 15:01:04,15296,4,questionnaire-t1fh,,4400401,5e718a10031ef50be0aa2092,1246118,,complete,,5e8e496fd5fa440ffd58cd4d,computer,Desktop or Laptop,Mac OS 10.15.3,Chrome 80.0.3987.163,1440x900,986x798,Pass,Information-Sheet,2,Yes,Pass,Pass,,,Mixed_JaneSet1_AustinS_JaneSH_JaneTest1,,,,,,LeftFemale_LeftSign,,,consent-quantised,1
4,1586383264580,08/04/2020 22:01:04,1586383264080,-7,08/04/2020 15:01:04,15296,4,questionnaire-t1fh,,4400401,5e718a10031ef50be0aa2092,1246118,,complete,,5e8e496fd5fa440ffd58cd4d,computer,Desktop or Laptop,Mac OS 10.15.3,Chrome 80.0.3987.163,1440x900,986x798,Pass,Information-Sheet,2,Yes,Pass,Pass,,,Mixed_JaneSet1_AustinS_JaneSH_JaneTest1,,,,,,LeftFemale_LeftSign,,,END QUESTIONNAIRE,30534
1,1586383252419,08/04/2020 22:00:52,1586383252126,-4,08/04/2020 18:00:52,15296,4,questionnaire-t1fh,,4400409,5e801cdb4f63947143efce35,1246122,,complete,,5e8e4978e2bcb30fb476de63,mobile,Apple iPhone,iOS 13.3,Mobile Safari 13.0.4,414x736,414x622,Pass,Information-Sheet,2,Yes,Pass,Pass,,,Mixed_AustinSet1_AustinS_JaneSH_AustinTest1,LeftMale_LeftSign,,,,,,,,BEGIN QUESTIONNAIRE,
2,1586383302430,08/04/2020 22:01:42,1586383301912,-4,08/04/2020 18:01:41,15296,4,questionnaire-t1fh,,4400409,5e801cdb4f63947143efce35,1246122,,complete,,5e8e4978e2bcb30fb476de63,mobile,Apple iPhone,iOS 13.3,Mobile Safari 13.0.4,414x736,414x622,Pass,Information-Sheet,2,Yes,Pass,Pass,,,Mixed_AustinSet1_AustinS_JaneSH_AustinTest1,LeftMale_LeftSign,,,,,,,,consent,Yes
3,1586383302758,08/04/2020 22:01:42,1586383301916,-4,08/04/2020 18:01:41,15296,4,questionnaire-t1fh,,4400409,5e801cdb4f63947143efce35,1246122,,complete,,5e8e4978e2bcb30fb476de63,mobile,Apple iPhone,iOS 13.3,Mobile Safari 13.0.4,414x736,414x622,Pass,Information-Sheet,2,Yes,Pass,Pass,,,Mixed_AustinSet1_AustinS_JaneSH_AustinTest1,LeftMale_LeftSign,,,,,,,,consent-quantised,1
4,1586383302758,08/04/2020 22:01:42,1586383301916,-4,08/04/2020 18:01:41,15296,4,questionnaire-t1fh,,4400409,5e801cdb4f63947143efce35,1246122,,complete,,5e8e4978e2bcb30fb476de63,mobile,Apple iPhone,iOS 13.3,Mobile Safari 13.0.4,414x736,414x622,Pass,Information-Sheet,2,Yes,Pass,Pass,,,Mixed_AustinSet1_AustinS_JaneSH_AustinTest1,LeftMale_LeftSign,,,,,,,,END QUESTIONNAIRE,49790
1,1586383272187,08/04/2020 22:01:12,1586383272079,-7,08/04/2020 15:01:12,15296,4,questionnaire-t1fh,,4400425,5e7ac2fed44d42000b4f4115,1246132,,complete,,5e8e4978d053330e8d9627c7,computer,Desktop or Laptop,Windows 10,Chrome 80.0.3987.163,3072x1728,2458x1269,Pass,Information-Sheet,2,Yes,Pass,Pass,,,Mixed_AustinSet1_AustinS_JaneSH_AustinTest1,LeftFemale_LeftShine,,,,,,,,BEGIN QUESTIONNAIRE,
2,1586383309121,08/04/2020 22:01:49,1586383309075,-7,08/04/2020 15:01:49,15296,4,questionnaire-t1fh,,4400425,5e7ac2fed44d42000b4f4115,1246132,,complete,,5e8e4978d053330e8d9627c7,computer,Desktop or Laptop,Windows 10,Chrome 80.0.3987.163,3072x1728,2458x1269,Pass,Information-Sheet,2,Yes,Pass,Pass,,,Mixed_AustinSet1_AustinS_JaneSH_AustinTest1,LeftFemale_LeftShine,,,,,,,,consent,Yes
3,1586383309293,08/04/2020 22:01:49,1586383309076,-7,08/04/2020 15:01:49,15296,4,questionnaire-t1fh,,4400425,5e7ac2fed44d42000b4f4115,1246132,,complete,,5e8e4978d053330e8d9627c7,computer,Desktop or Laptop,Windows 10,Chrome 80.0.3987.163,3072x1728,2458x1269,Pass,Information-Sheet,2,Yes,Pass,Pass,,,Mixed_AustinSet1_AustinS_JaneSH_AustinTest1,LeftFemale_LeftShine,,,,,,,,consent-quantised,1
4,1586383309293,08/04/2020 22:01:49,1586383309076,-7,08/04/2020 15:01:49,15296,4,questionnaire-t1fh,,4400425,5e7ac2fed44d42000b4f4115,1246132,,complete,,5e8e4978d053330e8d9627c7,computer,Desktop or Laptop,Windows 10,Chrome 80.0.3987.163,3072x1728,2458x1269,Pass,Information-Sheet,2,Yes,Pass,Pass,,,Mixed_AustinSet1_AustinS_JaneSH_AustinTest1,LeftFemale_LeftShine,,,,,,,,END QUESTIONNAIRE,36997
1,1586383285133,08/04/2020 22:01:25,1586383285323,-4,08/04/2020 18:01:25,15296,4,questionnaire-t1fh,,4400430,5e829ea94f0f009d87c49646,1246133,,complete,,5e8e49396f1e671031185d9a,computer,Desktop or Laptop,Chromium OS 12607.81.0,Chrome 79.0.3945.119,1280x800,1280x673,Pass,Information-Sheet,2,Yes,Pass,Pass,,,Mixed_AustinSet1_AustinS_JaneSH_JaneTest1,,,,,LeftFemale_LeftSign,,,,BEGIN QUESTIONNAIRE,
2,1586383346257,08/04/2020 22:02:26,1586383344552,-4,08/04/2020 18:02:24,15296,4,questionnaire-t1fh,,4400430,5e829ea94f0f009d87c49646,1246133,,complete,,5e8e49396f1e671031185d9a,computer,Desktop or Laptop,Chromium OS 12607.81.0,Chrome 79.0.3945.119,1280x800,1280x673,Pass,Information-Sheet,2,Yes,Pass,Pass,,,Mixed_AustinSet1_AustinS_JaneSH_JaneTest1,,,,,LeftFemale_LeftSign,,,,consent,Yes
3,1586383346664,08/04/2020 22:02:26,1586383344560,-4,08/04/2020 18:02:24,15296,4,questionnaire-t1fh,,4400430,5e829ea94f0f009d87c49646,1246133,,complete,,5e8e49396f1e671031185d9a,computer,Desktop or Laptop,Chromium OS 12607.81.0,Chrome 79.0.3945.119,1280x800,1280x673,Pass,Information-Sheet,2,Yes,Pass,Pass,,,Mixed_AustinSet1_AustinS_JaneSH_JaneTest1,,,,,LeftFemale_LeftSign,,,,consent-quantised,1
4,1586383346664,08/04/2020 22:02:26,1586383344563,-4,08/04/2020 18:02:24,15296,4,questionnaire-t1fh,,4400430,5e829ea94f0f009d87c49646,1246133,,complete,,5e8e49396f1e671031185d9a,computer,Desktop or Laptop,Chromium OS 12607.81.0,Chrome 79.0.3945.119,1280x800,1280x673,Pass,Information-Sheet,2,Yes,Pass,Pass,,,Mixed_AustinSet1_AustinS_JaneSH_JaneTest1,,,,,LeftFemale_LeftSign,,,,END QUESTIONNAIRE,59241
1,1586383337898,08/04/2020 22:02:17,1586383337739,-4,08/04/2020 18:02:17,15296,4,questionnaire-t1fh,,4400496,5e7bf5421c5c21000cc7b6e3,1246173,,complete,,5e8e493742d2cd0fbbf18fdb,computer,Desktop or Laptop,Mac OS 10.14.6,Safari 13.0.5,2560x1440,2184x1274,Pass,Information-Sheet,2,Yes,Fail,Pass,Pass,,Mixed_AustinSet1_AustinS_JaneSH_AustinTest1,LeftMale_LeftShine,,,,,,,,BEGIN QUESTIONNAIRE,
2,1586383437537,08/04/2020 22:03:57,1586383437412,-4,08/04/2020 18:03:57,15296,4,questionnaire-t1fh,,4400496,5e7bf5421c5c21000cc7b6e3,1246173,,complete,,5e8e493742d2cd0fbbf18fdb,computer,Desktop or Laptop,Mac OS 10.14.6,Safari 13.0.5,2560x1440,2184x1274,Pass,Information-Sheet,2,Yes,Fail,Pass,Pass,,Mixed_AustinSet1_AustinS_JaneSH_AustinTest1,LeftMale_LeftShine,,,,,,,,consent,Yes
3,1586383437787,08/04/2020 22:03:57,1586383437413,-4,08/04/2020 18:03:57,15296,4,questionnaire-t1fh,,4400496,5e7bf5421c5c21000cc7b6e3,1246173,,complete,,5e8e493742d2cd0fbbf18fdb,computer,Desktop or Laptop,Mac OS 10.14.6,Safari 13.0.5,2560x1440,2184x1274,Pass,Information-Sheet,2,Yes,Fail,Pass,Pass,,Mixed_AustinSet1_AustinS_JaneSH_AustinTest1,LeftMale_LeftShine,,,,,,,,consent-quantised,1
4,1586383437787,08/04/2020 22:03:57,1586383437413,-4,08/04/2020 18:03:57,15296,4,questionnaire-t1fh,,4400496,5e7bf5421c5c21000cc7b6e3,1246173,,complete,,5e8e493742d2cd0fbbf18fdb,computer,Desktop or Laptop,Mac OS 10.14.6,Safari 13.0.5,2560x1440,2184x1274,Pass,Information-Sheet,2,Yes,Fail,Pass,Pass,,Mixed_AustinSet1_AustinS_JaneSH_AustinTest1,LeftMale_LeftShine,,,,,,,,END QUESTIONNAIRE,99674
1,1586383354585,08/04/2020 22:02:34,1586383354463,-4,08/04/2020 18:02:34,15296,4,questionnaire-t1fh,,4400518,5e7943283da1364fd72556f5,1246178,,complete,,5e8e496728369e0cf2575112,computer,Desktop or Laptop,Linux x86_64,Firefox 74.0,1920x1080,1920x935,Pass,Information-Sheet,2,Yes,Pass,Pass,,,Mixed_JaneSet1_AustinS_JaneSH_AustinTest1,,LeftMale_LeftShine,,,,,,,BEGIN QUESTIONNAIRE,
2,1586383463148,08/04/2020 22:04:23,1586383463058,-4,08/04/2020 18:04:23,15296,4,questionnaire-t1fh,,4400518,5e7943283da1364fd72556f5,1246178,,complete,,5e8e496728369e0cf2575112,computer,Desktop or Laptop,Linux x86_64,Firefox 74.0,1920x1080,1908x935,Pass,Information-Sheet,2,Yes,Pass,Pass,,,Mixed_JaneSet1_AustinS_JaneSH_AustinTest1,,LeftMale_LeftShine,,,,,,,consent,Yes
3,1586383463260,08/04/2020 22:04:23,1586383463061,-4,08/04/2020 18:04:23,15296,4,questionnaire-t1fh,,4400518,5e7943283da1364fd72556f5,1246178,,complete,,5e8e496728369e0cf2575112,computer,Desktop or Laptop,Linux x86_64,Firefox 74.0,1920x1080,1908x935,Pass,Information-Sheet,2,Yes,Pass,Pass,,,Mixed_JaneSet1_AustinS_JaneSH_AustinTest1,,LeftMale_LeftShine,,,,,,,consent-quantised,1
4,1586383463260,08/04/2020 22:04:23,1586383463061,-4,08/04/2020 18:04:23,15296,4,questionnaire-t1fh,,4400518,5e7943283da1364fd72556f5,1246178,,complete,,5e8e496728369e0cf2575112,computer,Desktop or Laptop,Linux x86_64,Firefox 74.0,1920x1080,1908x935,Pass,Information-Sheet,2,Yes,Pass,Pass,,,Mixed_JaneSet1_AustinS_JaneSH_AustinTest1,,LeftMale_LeftShine,,,,,,,END QUESTIONNAIRE,108598
1,1586383354960,08/04/2020 22:02:34,1586383356184,-4,08/04/2020 18:02:36,15296,4,questionnaire-t1fh,,4400519,5e8b7c36fc9f9e046bd7aa13,1246179,,complete,,5e8e497cf8e15810004b3034,computer,Desktop or Laptop,Windows 10,Firefox 74.0,1920x1080,1920x944,Pass,Information-Sheet,2,Yes,Pass,Pass,,,Mixed_AustinSet1_AustinSH_JaneS_AustinTest1,,,LeftFemale_LeftShine,,,,,,BEGIN QUESTIONNAIRE,
2,1586383369757,08/04/2020 22:02:49,1586383371045,-4,08/04/2020 18:02:51,15296,4,questionnaire-t1fh,,4400519,5e8b7c36fc9f9e046bd7aa13,1246179,,complete,,5e8e497cf8e15810004b3034,computer,Desktop or Laptop,Windows 10,Firefox 74.0,1920x1080,1903x944,Pass,Information-Sheet,2,Yes,Pass,Pass,,,Mixed_AustinSet1_AustinSH_JaneS_AustinTest1,,,LeftFemale_LeftShine,,,,,,consent,Yes
3,1586383369914,08/04/2020 22:02:49,1586383371047,-4,08/04/2020 18:02:51,15296,4,questionnaire-t1fh,,4400519,5e8b7c36fc9f9e046bd7aa13,1246179,,complete,,5e8e497cf8e15810004b3034,computer,Desktop or Laptop,Windows 10,Firefox 74.0,1920x1080,1903x944,Pass,Information-Sheet,2,Yes,Pass,Pass,,,Mixed_AustinSet1_AustinSH_JaneS_AustinTest1,,,LeftFemale_LeftShine,,,,,,consent-quantised,1
4,1586383369914,08/04/2020 22:02:49,1586383371048,-4,08/04/2020 18:02:51,15296,4,questionnaire-t1fh,,4400519,5e8b7c36fc9f9e046bd7aa13,1246179,,complete,,5e8e497cf8e15810004b3034,computer,Desktop or Laptop,Windows 10,Firefox 74.0,1920x1080,1903x944,Pass,Information-Sheet,2,Yes,Pass,Pass,,,Mixed_AustinSet1_AustinSH_JaneS_AustinTest1,,,LeftFemale_LeftShine,,,,,,END QUESTIONNAIRE,14864
1,1586383361023,08/04/2020 22:02:41,1586383360145,-5,08/04/2020 17:02:40,15296,4,questionnaire-t1fh,,4400527,5e8118a6c13dec813441c1c1,1246182,,complete,,5e8e496dd1aa0d0f9d51d455,computer,Desktop or Laptop,Windows 10,Chrome 80.0.3987.163,1536x864,1536x726,Pass,Information-Sheet,2,Yes,Fail,Pass,Pass,,Mixed_AustinSet1_AustinS_JaneSH_JaneTest1,,,,,LeftMale_LeftSign,,,,BEGIN QUESTIONNAIRE,
2,1586383384602,08/04/2020 22:03:04,1586383383929,-5,08/04/2020 17:03:03,15296,4,questionnaire-t1fh,,4400527,5e8118a6c13dec813441c1c1,1246182,,complete,,5e8e496dd1aa0d0f9d51d455,computer,Desktop or Laptop,Windows 10,Chrome 80.0.3987.163,1536x864,1519x726,Pass,Information-Sheet,2,Yes,Fail,Pass,Pass,,Mixed_AustinSet1_AustinS_JaneSH_JaneTest1,,,,,LeftMale_LeftSign,,,,consent,Yes
3,1586383384805,08/04/2020 22:03:04,1586383383935,-5,08/04/2020 17:03:03,15296,4,questionnaire-t1fh,,4400527,5e8118a6c13dec813441c1c1,1246182,,complete,,5e8e496dd1aa0d0f9d51d455,computer,Desktop or Laptop,Windows 10,Chrome 80.0.3987.163,1536x864,1519x726,Pass,Information-Sheet,2,Yes,Fail,Pass,Pass,,Mixed_AustinSet1_AustinS_JaneSH_JaneTest1,,,,,LeftMale_LeftSign,,,,consent-quantised,1
4,1586383384805,08/04/2020 22:03:04,1586383383935,-5,08/04/2020 17:03:03,15296,4,questionnaire-t1fh,,4400527,5e8118a6c13dec813441c1c1,1246182,,complete,,5e8e496dd1aa0d0f9d51d455,computer,Desktop or Laptop,Windows 10,Chrome 80.0.3987.163,1536x864,1519x726,Pass,Information-Sheet,2,Yes,Fail,Pass,Pass,,Mixed_AustinSet1_AustinS_JaneSH_JaneTest1,,,,,LeftMale_LeftSign,,,,END QUESTIONNAIRE,23790
1,1586383418830,08/04/2020 22:03:38,1586383418710,-4,08/04/2020 18:03:38,15296,4,questionnaire-t1fh,,4400597,5def27aabc4b5c5ccd461dd3,1246201,,complete,,5e8e492eac5c6d0d670d5b0f,computer,Desktop or Laptop,Mac OS 10.15.3,Safari 13.0.5,1680x1050,1330x837,Pass,Information-Sheet,2,Yes,Pass,Pass,,,Mixed_JaneSet1_AustinS_JaneSH_JaneTest1,,,,,,LeftMale_LeftSign,,,BEGIN QUESTIONNAIRE,
2,1586383425893,08/04/2020 22:03:45,1586383425827,-4,08/04/2020 18:03:45,15296,4,questionnaire-t1fh,,4400597,5def27aabc4b5c5ccd461dd3,1246201,,complete,,5e8e492eac5c6d0d670d5b0f,computer,Desktop or Laptop,Mac OS 10.15.3,Safari 13.0.5,1680x1050,1330x837,Pass,Information-Sheet,2,Yes,Pass,Pass,,,Mixed_JaneSet1_AustinS_JaneSH_JaneTest1,,,,,,LeftMale_LeftSign,,,consent,Yes
3,1586383426002,08/04/2020 22:03:46,1586383425828,-4,08/04/2020 18:03:45,15296,4,questionnaire-t1fh,,4400597,5def27aabc4b5c5ccd461dd3,1246201,,complete,,5e8e492eac5c6d0d670d5b0f,computer,Desktop or Laptop,Mac OS 10.15.3,Safari 13.0.5,1680x1050,1330x837,Pass,Information-Sheet,2,Yes,Pass,Pass,,,Mixed_JaneSet1_AustinS_JaneSH_JaneTest1,,,,,,LeftMale_LeftSign,,,consent-quantised,1
4,1586383426002,08/04/2020 22:03:46,1586383425828,-4,08/04/2020 18:03:45,15296,4,questionnaire-t1fh,,4400597,5def27aabc4b5c5ccd461dd3,1246201,,complete,,5e8e492eac5c6d0d670d5b0f,computer,Desktop or Laptop,Mac OS 10.15.3,Safari 13.0.5,1680x1050,1330x837,Pass,Information-Sheet,2,Yes,Pass,Pass,,,Mixed_JaneSet1_AustinS_JaneSH_JaneTest1,,,,,,LeftMale_LeftSign,,,END QUESTIONNAIRE,7118
1,1586383436959,08/04/2020 22:03:56,1586383436752,-7,08/04/2020 15:03:56,15296,4,questionnaire-t1fh,,4400611,5be8dd56d153f500019ab3cf,1246203,,complete,,5e8e4a3ff5166b0fc796a259,computer,Desktop or Laptop,Ubuntu undefined,Firefox 75.0,1600x900,1539x775,Pass,Information-Sheet,2,Yes,Pass,Pass,,,Mixed_AustinSet1_AustinSH_JaneS_JaneTest1,,,,,,,LeftMale_LeftSign,,BEGIN QUESTIONNAIRE,
2,1586383450570,08/04/2020 22:04:10,1586383450473,-7,08/04/2020 15:04:10,15296,4,questionnaire-t1fh,,4400611,5be8dd56d153f500019ab3cf,1246203,,complete,,5e8e4a3ff5166b0fc796a259,computer,Desktop or Laptop,Ubuntu undefined,Firefox 75.0,1600x900,1527x775,Pass,Information-Sheet,2,Yes,Pass,Pass,,,Mixed_AustinSet1_AustinSH_JaneS_JaneTest1,,,,,,,LeftMale_LeftSign,,consent,Yes
3,1586383450773,08/04/2020 22:04:10,1586383450477,-7,08/04/2020 15:04:10,15296,4,questionnaire-t1fh,,4400611,5be8dd56d153f500019ab3cf,1246203,,complete,,5e8e4a3ff5166b0fc796a259,computer,Desktop or Laptop,Ubuntu undefined,Firefox 75.0,1600x900,1527x775,Pass,Information-Sheet,2,Yes,Pass,Pass,,,Mixed_AustinSet1_AustinSH_JaneS_JaneTest1,,,,,,,LeftMale_LeftSign,,consent-quantised,1
4,1586383450773,08/04/2020 22:04:10,1586383450477,-7,08/04/2020 15:04:10,15296,4,questionnaire-t1fh,,4400611,5be8dd56d153f500019ab3cf,1246203,,complete,,5e8e4a3ff5166b0fc796a259,computer,Desktop or Laptop,Ubuntu undefined,Firefox 75.0,1600x900,1527x775,Pass,Information-Sheet,2,Yes,Pass,Pass,,,Mixed_AustinSet1_AustinSH_JaneS_JaneTest1,,,,,,,LeftMale_LeftSign,,END QUESTIONNAIRE,13725
1,1586383437538,08/04/2020 22:03:57,1586383425602,-4,08/04/2020 18:03:45,15296,4,questionnaire-t1fh,,4400613,5e50457db5592809a2a50cc4,1246204,,complete,,5e8e49616c1dea10ab62b43d,computer,Desktop or Laptop,Windows 7,Chrome 80.0.3987.163,1600x900,1600x757,Pass,Information-Sheet,2,Yes,Fail,Pass,Pass,,Mixed_JaneSet1_AustinSH_JaneS_AustinTest1,,,,LeftFemale_LeftShine,,,,,BEGIN QUESTIONNAIRE,
2,1586383592746,08/04/2020 22:06:32,1586383577575,-4,08/04/2020 18:06:17,15296,4,questionnaire-t1fh,,4400613,5e50457db5592809a2a50cc4,1246204,,complete,,5e8e49616c1dea10ab62b43d,computer,Desktop or Laptop,Windows 7,Chrome 80.0.3987.163,1600x900,1583x757,Pass,Information-Sheet,2,Yes,Fail,Pass,Pass,,Mixed_JaneSet1_AustinSH_JaneS_AustinTest1,,,,LeftFemale_LeftShine,,,,,consent,Yes
3,1586383592901,08/04/2020 22:06:32,1586383577580,-4,08/04/2020 18:06:17,15296,4,questionnaire-t1fh,,4400613,5e50457db5592809a2a50cc4,1246204,,complete,,5e8e49616c1dea10ab62b43d,computer,Desktop or Laptop,Windows 7,Chrome 80.0.3987.163,1600x900,1583x757,Pass,Information-Sheet,2,Yes,Fail,Pass,Pass,,Mixed_JaneSet1_AustinSH_JaneS_AustinTest1,,,,LeftFemale_LeftShine,,,,,consent-quantised,1
4,1586383592901,08/04/2020 22:06:32,1586383577580,-4,08/04/2020 18:06:17,15296,4,questionnaire-t1fh,,4400613,5e50457db5592809a2a50cc4,1246204,,complete,,5e8e49616c1dea10ab62b43d,computer,Desktop or Laptop,Windows 7,Chrome 80.0.3987.163,1600x900,1583x757,Pass,Information-Sheet,2,Yes,Fail,Pass,Pass,,Mixed_JaneSet1_AustinSH_JaneS_AustinTest1,,,,LeftFemale_LeftShine,,,,,END QUESTIONNAIRE,151978
1,1586383509496,08/04/2020 22:05:09,1586383509772,-7,08/04/2020 15:05:09,15296,4,questionnaire-t1fh,,4400682,5a454e442f91ec0001dcb66c,1246219,,complete,,5e8e4967672c83109f9276da,computer,Desktop or Laptop,Windows 10,Edge 18.18363,1366x768,1366x655,Pass,Information-Sheet,2,Yes,Pass,Pass,,,Mixed_AustinSet1_AustinSH_JaneS_JaneTest1,,,,,,,LeftFemale_LeftShine,,BEGIN QUESTIONNAIRE,
2,1586383555962,08/04/2020 22:05:55,1586383556313,-7,08/04/2020 15:05:56,15296,4,questionnaire-t1fh,,4400682,5a454e442f91ec0001dcb66c,1246219,,complete,,5e8e4967672c83109f9276da,computer,Desktop or Laptop,Windows 10,Edge 18.18363,1366x768,1350x655,Pass,Information-Sheet,2,Yes,Pass,Pass,,,Mixed_AustinSet1_AustinSH_JaneS_JaneTest1,,,,,,,LeftFemale_LeftShine,,consent,Yes
3,1586383556168,08/04/2020 22:05:56,1586383556318,-7,08/04/2020 15:05:56,15296,4,questionnaire-t1fh,,4400682,5a454e442f91ec0001dcb66c,1246219,,complete,,5e8e4967672c83109f9276da,computer,Desktop or Laptop,Windows 10,Edge 18.18363,1366x768,1350x655,Pass,Information-Sheet,2,Yes,Pass,Pass,,,Mixed_AustinSet1_AustinSH_JaneS_JaneTest1,,,,,,,LeftFemale_LeftShine,,consent-quantised,1
4,1586383556168,08/04/2020 22:05:56,1586383556319,-7,08/04/2020 15:05:56,15296,4,questionnaire-t1fh,,4400682,5a454e442f91ec0001dcb66c,1246219,,complete,,5e8e4967672c83109f9276da,computer,Desktop or Laptop,Windows 10,Edge 18.18363,1366x768,1350x655,Pass,Information-Sheet,2,Yes,Pass,Pass,,,Mixed_AustinSet1_AustinSH_JaneS_JaneTest1,,,,,,,LeftFemale_LeftShine,,END QUESTIONNAIRE,46547
1,1586383711473,08/04/2020 22:08:31,1586383737980,-4,08/04/2020 18:08:57,15296,4,questionnaire-t1fh,,4400858,5e73b2c44bccf231dc550e9b,1246232,,complete,,5e8e4967146f640cce0bb6c4,computer,Desktop or Laptop,Windows 7,Chrome 80.0.3987.149,1440x900,1440x789,Pass,Information-Sheet,2,Yes,Pass,Pass,,,Mixed_AustinSet1_AustinSH_JaneS_AustinTest1,,,LeftMale_LeftShine,,,,,,BEGIN QUESTIONNAIRE,
2,1586383811629,08/04/2020 22:10:11,1586383838133,-4,08/04/2020 18:10:38,15296,4,questionnaire-t1fh,,4400858,5e73b2c44bccf231dc550e9b,1246232,,complete,,5e8e4967146f640cce0bb6c4,computer,Desktop or Laptop,Windows 7,Chrome 80.0.3987.149,1440x900,1423x789,Pass,Information-Sheet,2,Yes,Pass,Pass,,,Mixed_AustinSet1_AustinSH_JaneS_AustinTest1,,,LeftMale_LeftShine,,,,,,consent,Yes
3,1586383811799,08/04/2020 22:10:11,1586383838141,-4,08/04/2020 18:10:38,15296,4,questionnaire-t1fh,,4400858,5e73b2c44bccf231dc550e9b,1246232,,complete,,5e8e4967146f640cce0bb6c4,computer,Desktop or Laptop,Windows 7,Chrome 80.0.3987.149,1440x900,1423x789,Pass,Information-Sheet,2,Yes,Pass,Pass,,,Mixed_AustinSet1_AustinSH_JaneS_AustinTest1,,,LeftMale_LeftShine,,,,,,consent-quantised,1
4,1586383811799,08/04/2020 22:10:11,1586383838141,-4,08/04/2020 18:10:38,15296,4,questionnaire-t1fh,,4400858,5e73b2c44bccf231dc550e9b,1246232,,complete,,5e8e4967146f640cce0bb6c4,computer,Desktop or Laptop,Windows 7,Chrome 80.0.3987.149,1440x900,1423x789,Pass,Information-Sheet,2,Yes,Pass,Pass,,,Mixed_AustinSet1_AustinSH_JaneS_AustinTest1,,,LeftMale_LeftShine,,,,,,END QUESTIONNAIRE,100162
1,1586383731350,08/04/2020 22:08:51,1586383731276,-5,08/04/2020 17:08:51,15296,4,questionnaire-t1fh,,4400887,5d6fbd3f9ba41b0018d20082,1246234,,complete,,5e8e4978473d040f9156a4a0,computer,Desktop or Laptop,Windows 10,Chrome 80.0.3987.149,1360x768,1360x695,Pass,Information-Sheet,2,Yes,Pass,Pass,,,Mixed_AustinSet1_AustinS_JaneSH_AustinTest1,LeftFemale_LeftSign,,,,,,,,BEGIN QUESTIONNAIRE,
2,1586383765298,08/04/2020 22:09:25,1586383765326,-5,08/04/2020 17:09:25,15296,4,questionnaire-t1fh,,4400887,5d6fbd3f9ba41b0018d20082,1246234,,complete,,5e8e4978473d040f9156a4a0,computer,Desktop or Laptop,Windows 10,Chrome 80.0.3987.149,1360x768,1343x695,Pass,Information-Sheet,2,Yes,Pass,Pass,,,Mixed_AustinSet1_AustinS_JaneSH_AustinTest1,LeftFemale_LeftSign,,,,,,,,consent,Yes
3,1586383765489,08/04/2020 22:09:25,1586383765328,-5,08/04/2020 17:09:25,15296,4,questionnaire-t1fh,,4400887,5d6fbd3f9ba41b0018d20082,1246234,,complete,,5e8e4978473d040f9156a4a0,computer,Desktop or Laptop,Windows 10,Chrome 80.0.3987.149,1360x768,1343x695,Pass,Information-Sheet,2,Yes,Pass,Pass,,,Mixed_AustinSet1_AustinS_JaneSH_AustinTest1,LeftFemale_LeftSign,,,,,,,,consent-quantised,1
4,1586383765489,08/04/2020 22:09:25,1586383765328,-5,08/04/2020 17:09:25,15296,4,questionnaire-t1fh,,4400887,5d6fbd3f9ba41b0018d20082,1246234,,complete,,5e8e4978473d040f9156a4a0,computer,Desktop or Laptop,Windows 10,Chrome 80.0.3987.149,1360x768,1343x695,Pass,Information-Sheet,2,Yes,Pass,Pass,,,Mixed_AustinSet1_AustinS_JaneSH_AustinTest1,LeftFemale_LeftSign,,,,,,,,END QUESTIONNAIRE,34052
1,1586383929858,08/04/2020 22:12:09,1586383954700,-5,08/04/2020 17:12:34,15296,4,questionnaire-t1fh,,4401159,5e7c8b692730910008c30b5d,1246242,,complete,,5e8e49688818170cde653bf2,computer,Desktop or Laptop,Windows 10,Chrome 80.0.3987.163,1920x1080,1920x969,Pass,Information-Sheet,2,Yes,Pass,Pass,,,Mixed_JaneSet1_AustinS_JaneSH_JaneTest1,,,,,,LeftMale_LeftShine,,,BEGIN QUESTIONNAIRE,
2,1586384448372,08/04/2020 22:20:48,1586384473177,-5,08/04/2020 17:21:13,15296,4,questionnaire-t1fh,,4401159,5e7c8b692730910008c30b5d,1246242,,complete,,5e8e49688818170cde653bf2,computer,Desktop or Laptop,Windows 10,Chrome 80.0.3987.163,1920x1080,1903x969,Pass,Information-Sheet,2,Yes,Pass,Pass,,,Mixed_JaneSet1_AustinS_JaneSH_JaneTest1,,,,,,LeftMale_LeftShine,,,consent,Yes
3,1586384448559,08/04/2020 22:20:48,1586384473181,-5,08/04/2020 17:21:13,15296,4,questionnaire-t1fh,,4401159,5e7c8b692730910008c30b5d,1246242,,complete,,5e8e49688818170cde653bf2,computer,Desktop or Laptop,Windows 10,Chrome 80.0.3987.163,1920x1080,1903x969,Pass,Information-Sheet,2,Yes,Pass,Pass,,,Mixed_JaneSet1_AustinS_JaneSH_JaneTest1,,,,,,LeftMale_LeftShine,,,consent-quantised,1
4,1586384448559,08/04/2020 22:20:48,1586384473181,-5,08/04/2020 17:21:13,15296,4,questionnaire-t1fh,,4401159,5e7c8b692730910008c30b5d,1246242,,complete,,5e8e49688818170cde653bf2,computer,Desktop or Laptop,Windows 10,Chrome 80.0.3987.163,1920x1080,1903x969,Pass,Information-Sheet,2,Yes,Pass,Pass,,,Mixed_JaneSet1_AustinS_JaneSH_JaneTest1,,,,,,LeftMale_LeftShine,,,END QUESTIONNAIRE,518481
1,1586383984895,08/04/2020 22:13:04,1586383984648,-4,08/04/2020 18:13:04,15296,4,questionnaire-t1fh,,4401240,5c2fcd716ea6880001dc8e3d,1246244,,complete,,5e8e4c5429529110756a02e5,computer,Desktop or Laptop,Windows 10,Edge 18.18362,1920x1080,1197x859,Pass,Information-Sheet,2,Yes,Pass,Pass,,,Mixed_AustinSet1_AustinS_JaneSH_JaneTest1,,,,,LeftMale_LeftShine,,,,BEGIN QUESTIONNAIRE,
2,1586383990942,08/04/2020 22:13:10,1586383990733,-4,08/04/2020 18:13:10,15296,4,questionnaire-t1fh,,4401240,5c2fcd716ea6880001dc8e3d,1246244,,complete,,5e8e4c5429529110756a02e5,computer,Desktop or Laptop,Windows 10,Edge 18.18362,1920x1080,1197x859,Pass,Information-Sheet,2,Yes,Pass,Pass,,,Mixed_AustinSet1_AustinS_JaneSH_JaneTest1,,,,,LeftMale_LeftShine,,,,consent,Yes
3,1586383991084,08/04/2020 22:13:11,1586383990735,-4,08/04/2020 18:13:10,15296,4,questionnaire-t1fh,,4401240,5c2fcd716ea6880001dc8e3d,1246244,,complete,,5e8e4c5429529110756a02e5,computer,Desktop or Laptop,Windows 10,Edge 18.18362,1920x1080,1197x859,Pass,Information-Sheet,2,Yes,Pass,Pass,,,Mixed_AustinSet1_AustinS_JaneSH_JaneTest1,,,,,LeftMale_LeftShine,,,,consent-quantised,1
4,1586383991084,08/04/2020 22:13:11,1586383990735,-4,08/04/2020 18:13:10,15296,4,questionnaire-t1fh,,4401240,5c2fcd716ea6880001dc8e3d,1246244,,complete,,5e8e4c5429529110756a02e5,computer,Desktop or Laptop,Windows 10,Edge 18.18362,1920x1080,1197x859,Pass,Information-Sheet,2,Yes,Pass,Pass,,,Mixed_AustinSet1_AustinS_JaneSH_JaneTest1,,,,,LeftMale_LeftShine,,,,END QUESTIONNAIRE,6087
1,1586385811175,08/04/2020 22:43:31,1586385810582,-4,08/04/2020 18:43:30,15296,4,questionnaire-t1fh,,4401773,5e3202b526c59107b213738b,1246295,,complete,,5e8e5383473d04105690971e,computer,Desktop or Laptop,Windows 10,Chrome 80.0.3987.163,1920x1080,1920x937,Pass,Information-Sheet,2,Yes,Pass,Pass,,,Mixed_AustinSet1_AustinS_JaneSH_AustinTest1,LeftFemale_LeftShine,,,,,,,,BEGIN QUESTIONNAIRE,
2,1586385818652,08/04/2020 22:43:38,1586385818095,-4,08/04/2020 18:43:38,15296,4,questionnaire-t1fh,,4401773,5e3202b526c59107b213738b,1246295,,complete,,5e8e5383473d04105690971e,computer,Desktop or Laptop,Windows 10,Chrome 80.0.3987.163,1920x1080,1903x937,Pass,Information-Sheet,2,Yes,Pass,Pass,,,Mixed_AustinSet1_AustinS_JaneSH_AustinTest1,LeftFemale_LeftShine,,,,,,,,consent,Yes
3,1586385818792,08/04/2020 22:43:38,1586385818096,-4,08/04/2020 18:43:38,15296,4,questionnaire-t1fh,,4401773,5e3202b526c59107b213738b,1246295,,complete,,5e8e5383473d04105690971e,computer,Desktop or Laptop,Windows 10,Chrome 80.0.3987.163,1920x1080,1903x937,Pass,Information-Sheet,2,Yes,Pass,Pass,,,Mixed_AustinSet1_AustinS_JaneSH_AustinTest1,LeftFemale_LeftShine,,,,,,,,consent-quantised,1
4,1586385818792,08/04/2020 22:43:38,1586385818096,-4,08/04/2020 18:43:38,15296,4,questionnaire-t1fh,,4401773,5e3202b526c59107b213738b,1246295,,complete,,5e8e5383473d04105690971e,computer,Desktop or Laptop,Windows 10,Chrome 80.0.3987.163,1920x1080,1903x937,Pass,Information-Sheet,2,Yes,Pass,Pass,,,Mixed_AustinSet1_AustinS_JaneSH_AustinTest1,LeftFemale_LeftShine,,,,,,,,END QUESTIONNAIRE,7514
END OF FILE
