﻿Event Index,UTC Timestamp,UTC Date,Local Timestamp,Local Timezone,Local Date,Experiment ID,Experiment Version,Tree Node Key,Repeat Key,Schedule ID,Participant Public ID,Participant Private ID,Participant Starting Group,Participant Status,Participant Completion Code,Participant External Session ID,Participant Device Type,Participant Device,Participant OS,Participant Browser,Participant Monitor Size,Participant Viewport Size,Checkpoint,Task Name,Task Version,branch-9edj,branch-ee59,checkpoint-7g4v,branch-52fz,checkpoint-irp3,randomiser-czzd,randomiser-hvq1,randomiser-7do6,randomiser-o6lu,randomiser-b834,randomiser-gfgd,randomiser-ml5o,randomiser-mulp,randomiser-didj,Question Key,Response
1,1586383272109,08/04/2020 22:01:12,1586383272085,-5,08/04/2020 17:01:12,15296,4,questionnaire-d7os,,4400426,5e573ba5ad27610fa25300aa,1246111,,complete,,5e8e492ff84fbf10845bb3bf,computer,Desktop or Laptop,Windows 10,Chrome 80.0.3987.163,1920x1080,1920x937,Pass,Demographics,1,Yes,Pass,Pass,,,Mixed_AustinSet1_AustinSH_JaneS_JaneTest1,,,,,,,LeftFemale_LeftSign,,BEGIN QUESTIONNAIRE,
2,1586383287852,08/04/2020 22:01:27,1586383287901,-5,08/04/2020 17:01:27,15296,4,questionnaire-d7os,,4400426,5e573ba5ad27610fa25300aa,1246111,,complete,,5e8e492ff84fbf10845bb3bf,computer,Desktop or Laptop,Windows 10,Chrome 80.0.3987.163,1920x1080,1920x937,Pass,Demographics,1,Yes,Pass,Pass,,,Mixed_AustinSet1_AustinSH_JaneS_JaneTest1,,,,,,,LeftFemale_LeftSign,,response-accent-2,Southern
3,1586383288071,08/04/2020 22:01:28,1586383287903,-5,08/04/2020 17:01:27,15296,4,questionnaire-d7os,,4400426,5e573ba5ad27610fa25300aa,1246111,,complete,,5e8e492ff84fbf10845bb3bf,computer,Desktop or Laptop,Windows 10,Chrome 80.0.3987.163,1920x1080,1920x937,Pass,Demographics,1,Yes,Pass,Pass,,,Mixed_AustinSet1_AustinSH_JaneS_JaneTest1,,,,,,,LeftFemale_LeftSign,,response-accent-text,
4,1586383288071,08/04/2020 22:01:28,1586383287903,-5,08/04/2020 17:01:27,15296,4,questionnaire-d7os,,4400426,5e573ba5ad27610fa25300aa,1246111,,complete,,5e8e492ff84fbf10845bb3bf,computer,Desktop or Laptop,Windows 10,Chrome 80.0.3987.163,1920x1080,1920x937,Pass,Demographics,1,Yes,Pass,Pass,,,Mixed_AustinSet1_AustinSH_JaneS_JaneTest1,,,,,,,LeftFemale_LeftSign,,response-sex-2,Male
5,1586383288071,08/04/2020 22:01:28,1586383287903,-5,08/04/2020 17:01:27,15296,4,questionnaire-d7os,,4400426,5e573ba5ad27610fa25300aa,1246111,,complete,,5e8e492ff84fbf10845bb3bf,computer,Desktop or Laptop,Windows 10,Chrome 80.0.3987.163,1920x1080,1920x937,Pass,Demographics,1,Yes,Pass,Pass,,,Mixed_AustinSet1_AustinSH_JaneS_JaneTest1,,,,,,,LeftFemale_LeftSign,,response-ethnicity-1,Hispanic or Latino
6,1586383288071,08/04/2020 22:01:28,1586383287903,-5,08/04/2020 17:01:27,15296,4,questionnaire-d7os,,4400426,5e573ba5ad27610fa25300aa,1246111,,complete,,5e8e492ff84fbf10845bb3bf,computer,Desktop or Laptop,Windows 10,Chrome 80.0.3987.163,1920x1080,1920x937,Pass,Demographics,1,Yes,Pass,Pass,,,Mixed_AustinSet1_AustinSH_JaneS_JaneTest1,,,,,,,LeftFemale_LeftSign,,response-race-5,White
7,1586383288071,08/04/2020 22:01:28,1586383287903,-5,08/04/2020 17:01:27,15296,4,questionnaire-d7os,,4400426,5e573ba5ad27610fa25300aa,1246111,,complete,,5e8e492ff84fbf10845bb3bf,computer,Desktop or Laptop,Windows 10,Chrome 80.0.3987.163,1920x1080,1920x937,Pass,Demographics,1,Yes,Pass,Pass,,,Mixed_AustinSet1_AustinSH_JaneS_JaneTest1,,,,,,,LeftFemale_LeftSign,,END QUESTIONNAIRE,15818
1,1586383280711,08/04/2020 22:01:20,1586383279529,-5,08/04/2020 17:01:19,15296,4,questionnaire-d7os,,4400429,5ce610802be975001b46f0ac,1246116,,complete,,5e8e496d29430210559409a8,computer,Desktop or Laptop,Windows 10,Chrome 80.0.3987.163,1600x900,1600x757,Pass,Demographics,1,Yes,Pass,Pass,,,Mixed_AustinSet1_AustinS_JaneSH_JaneTest1,,,,,LeftFemale_LeftShine,,,,BEGIN QUESTIONNAIRE,
2,1586383296138,08/04/2020 22:01:36,1586383295005,-5,08/04/2020 17:01:35,15296,4,questionnaire-d7os,,4400429,5ce610802be975001b46f0ac,1246116,,complete,,5e8e496d29430210559409a8,computer,Desktop or Laptop,Windows 10,Chrome 80.0.3987.163,1600x900,1583x757,Pass,Demographics,1,Yes,Pass,Pass,,,Mixed_AustinSet1_AustinS_JaneSH_JaneTest1,,,,,LeftFemale_LeftShine,,,,response-accent-2,Southern
3,1586383296371,08/04/2020 22:01:36,1586383295006,-5,08/04/2020 17:01:35,15296,4,questionnaire-d7os,,4400429,5ce610802be975001b46f0ac,1246116,,complete,,5e8e496d29430210559409a8,computer,Desktop or Laptop,Windows 10,Chrome 80.0.3987.163,1600x900,1583x757,Pass,Demographics,1,Yes,Pass,Pass,,,Mixed_AustinSet1_AustinS_JaneSH_JaneTest1,,,,,LeftFemale_LeftShine,,,,response-accent-text,
4,1586383296371,08/04/2020 22:01:36,1586383295006,-5,08/04/2020 17:01:35,15296,4,questionnaire-d7os,,4400429,5ce610802be975001b46f0ac,1246116,,complete,,5e8e496d29430210559409a8,computer,Desktop or Laptop,Windows 10,Chrome 80.0.3987.163,1600x900,1583x757,Pass,Demographics,1,Yes,Pass,Pass,,,Mixed_AustinSet1_AustinS_JaneSH_JaneTest1,,,,,LeftFemale_LeftShine,,,,response-sex-2,Male
5,1586383296371,08/04/2020 22:01:36,1586383295006,-5,08/04/2020 17:01:35,15296,4,questionnaire-d7os,,4400429,5ce610802be975001b46f0ac,1246116,,complete,,5e8e496d29430210559409a8,computer,Desktop or Laptop,Windows 10,Chrome 80.0.3987.163,1600x900,1583x757,Pass,Demographics,1,Yes,Pass,Pass,,,Mixed_AustinSet1_AustinS_JaneSH_JaneTest1,,,,,LeftFemale_LeftShine,,,,response-ethnicity-2,Not Hispanic or Latino
6,1586383296371,08/04/2020 22:01:36,1586383295007,-5,08/04/2020 17:01:35,15296,4,questionnaire-d7os,,4400429,5ce610802be975001b46f0ac,1246116,,complete,,5e8e496d29430210559409a8,computer,Desktop or Laptop,Windows 10,Chrome 80.0.3987.163,1600x900,1583x757,Pass,Demographics,1,Yes,Pass,Pass,,,Mixed_AustinSet1_AustinS_JaneSH_JaneTest1,,,,,LeftFemale_LeftShine,,,,response-race-5,White
7,1586383296371,08/04/2020 22:01:36,1586383295007,-5,08/04/2020 17:01:35,15296,4,questionnaire-d7os,,4400429,5ce610802be975001b46f0ac,1246116,,complete,,5e8e496d29430210559409a8,computer,Desktop or Laptop,Windows 10,Chrome 80.0.3987.163,1600x900,1583x757,Pass,Demographics,1,Yes,Pass,Pass,,,Mixed_AustinSet1_AustinS_JaneSH_JaneTest1,,,,,LeftFemale_LeftShine,,,,END QUESTIONNAIRE,15479
1,1586383318439,08/04/2020 22:01:58,1586383320121,-4,08/04/2020 18:02:00,15296,4,questionnaire-d7os,,4400471,5dd1d1a051db1c23a1751a85,1246117,,complete,,5e8e4947a9e4ef0f0ebbfd52,computer,Desktop or Laptop,Windows 8.1,Chrome 80.0.3987.149,1366x768,1366x603,Pass,Demographics,1,Yes,Pass,Pass,,,Mixed_JaneSet1_AustinSH_JaneS_AustinTest1,,,,LeftMale_LeftSign,,,,,BEGIN QUESTIONNAIRE,
2,1586383335617,08/04/2020 22:02:15,1586383337359,-4,08/04/2020 18:02:17,15296,4,questionnaire-d7os,,4400471,5dd1d1a051db1c23a1751a85,1246117,,complete,,5e8e4947a9e4ef0f0ebbfd52,computer,Desktop or Laptop,Windows 8.1,Chrome 80.0.3987.149,1366x768,1349x603,Pass,Demographics,1,Yes,Pass,Pass,,,Mixed_JaneSet1_AustinSH_JaneS_AustinTest1,,,,LeftMale_LeftSign,,,,,response-accent-1,New England
3,1586383335836,08/04/2020 22:02:15,1586383337362,-4,08/04/2020 18:02:17,15296,4,questionnaire-d7os,,4400471,5dd1d1a051db1c23a1751a85,1246117,,complete,,5e8e4947a9e4ef0f0ebbfd52,computer,Desktop or Laptop,Windows 8.1,Chrome 80.0.3987.149,1366x768,1349x603,Pass,Demographics,1,Yes,Pass,Pass,,,Mixed_JaneSet1_AustinSH_JaneS_AustinTest1,,,,LeftMale_LeftSign,,,,,response-accent-text,
4,1586383335836,08/04/2020 22:02:15,1586383337363,-4,08/04/2020 18:02:17,15296,4,questionnaire-d7os,,4400471,5dd1d1a051db1c23a1751a85,1246117,,complete,,5e8e4947a9e4ef0f0ebbfd52,computer,Desktop or Laptop,Windows 8.1,Chrome 80.0.3987.149,1366x768,1349x603,Pass,Demographics,1,Yes,Pass,Pass,,,Mixed_JaneSet1_AustinSH_JaneS_AustinTest1,,,,LeftMale_LeftSign,,,,,response-sex-2,Male
5,1586383335836,08/04/2020 22:02:15,1586383337364,-4,08/04/2020 18:02:17,15296,4,questionnaire-d7os,,4400471,5dd1d1a051db1c23a1751a85,1246117,,complete,,5e8e4947a9e4ef0f0ebbfd52,computer,Desktop or Laptop,Windows 8.1,Chrome 80.0.3987.149,1366x768,1349x603,Pass,Demographics,1,Yes,Pass,Pass,,,Mixed_JaneSet1_AustinSH_JaneS_AustinTest1,,,,LeftMale_LeftSign,,,,,response-ethnicity-2,Not Hispanic or Latino
6,1586383335836,08/04/2020 22:02:15,1586383337364,-4,08/04/2020 18:02:17,15296,4,questionnaire-d7os,,4400471,5dd1d1a051db1c23a1751a85,1246117,,complete,,5e8e4947a9e4ef0f0ebbfd52,computer,Desktop or Laptop,Windows 8.1,Chrome 80.0.3987.149,1366x768,1349x603,Pass,Demographics,1,Yes,Pass,Pass,,,Mixed_JaneSet1_AustinSH_JaneS_AustinTest1,,,,LeftMale_LeftSign,,,,,response-race-5,White
7,1586383335836,08/04/2020 22:02:15,1586383337365,-4,08/04/2020 18:02:17,15296,4,questionnaire-d7os,,4400471,5dd1d1a051db1c23a1751a85,1246117,,complete,,5e8e4947a9e4ef0f0ebbfd52,computer,Desktop or Laptop,Windows 8.1,Chrome 80.0.3987.149,1366x768,1349x603,Pass,Demographics,1,Yes,Pass,Pass,,,Mixed_JaneSet1_AustinSH_JaneS_AustinTest1,,,,LeftMale_LeftSign,,,,,END QUESTIONNAIRE,17245
1,1586383325475,08/04/2020 22:02:05,1586383325329,-7,08/04/2020 15:02:05,15296,4,questionnaire-d7os,,4400478,5e718a10031ef50be0aa2092,1246118,,complete,,5e8e496fd5fa440ffd58cd4d,computer,Desktop or Laptop,Mac OS 10.15.3,Chrome 80.0.3987.163,1440x900,986x798,Pass,Demographics,1,Yes,Pass,Pass,,,Mixed_JaneSet1_AustinS_JaneSH_JaneTest1,,,,,,LeftFemale_LeftSign,,,BEGIN QUESTIONNAIRE,
2,1586383405453,08/04/2020 22:03:25,1586383405331,-7,08/04/2020 15:03:25,15296,4,questionnaire-d7os,,4400478,5e718a10031ef50be0aa2092,1246118,,complete,,5e8e496fd5fa440ffd58cd4d,computer,Desktop or Laptop,Mac OS 10.15.3,Chrome 80.0.3987.163,1440x900,986x798,Pass,Demographics,1,Yes,Pass,Pass,,,Mixed_JaneSet1_AustinS_JaneSH_JaneTest1,,,,,,LeftFemale_LeftSign,,,response-accent-5,Pacific southwest
3,1586383405641,08/04/2020 22:03:25,1586383405333,-7,08/04/2020 15:03:25,15296,4,questionnaire-d7os,,4400478,5e718a10031ef50be0aa2092,1246118,,complete,,5e8e496fd5fa440ffd58cd4d,computer,Desktop or Laptop,Mac OS 10.15.3,Chrome 80.0.3987.163,1440x900,986x798,Pass,Demographics,1,Yes,Pass,Pass,,,Mixed_JaneSet1_AustinS_JaneSH_JaneTest1,,,,,,LeftFemale_LeftSign,,,response-accent-text,
4,1586383405641,08/04/2020 22:03:25,1586383405333,-7,08/04/2020 15:03:25,15296,4,questionnaire-d7os,,4400478,5e718a10031ef50be0aa2092,1246118,,complete,,5e8e496fd5fa440ffd58cd4d,computer,Desktop or Laptop,Mac OS 10.15.3,Chrome 80.0.3987.163,1440x900,986x798,Pass,Demographics,1,Yes,Pass,Pass,,,Mixed_JaneSet1_AustinS_JaneSH_JaneTest1,,,,,,LeftFemale_LeftSign,,,response-sex-1,Female
5,1586383405641,08/04/2020 22:03:25,1586383405333,-7,08/04/2020 15:03:25,15296,4,questionnaire-d7os,,4400478,5e718a10031ef50be0aa2092,1246118,,complete,,5e8e496fd5fa440ffd58cd4d,computer,Desktop or Laptop,Mac OS 10.15.3,Chrome 80.0.3987.163,1440x900,986x798,Pass,Demographics,1,Yes,Pass,Pass,,,Mixed_JaneSet1_AustinS_JaneSH_JaneTest1,,,,,,LeftFemale_LeftSign,,,response-ethnicity-2,Not Hispanic or Latino
6,1586383405641,08/04/2020 22:03:25,1586383405334,-7,08/04/2020 15:03:25,15296,4,questionnaire-d7os,,4400478,5e718a10031ef50be0aa2092,1246118,,complete,,5e8e496fd5fa440ffd58cd4d,computer,Desktop or Laptop,Mac OS 10.15.3,Chrome 80.0.3987.163,1440x900,986x798,Pass,Demographics,1,Yes,Pass,Pass,,,Mixed_JaneSet1_AustinS_JaneSH_JaneTest1,,,,,,LeftFemale_LeftSign,,,response-race-2,Asian
7,1586383405641,08/04/2020 22:03:25,1586383405334,-7,08/04/2020 15:03:25,15296,4,questionnaire-d7os,,4400478,5e718a10031ef50be0aa2092,1246118,,complete,,5e8e496fd5fa440ffd58cd4d,computer,Desktop or Laptop,Mac OS 10.15.3,Chrome 80.0.3987.163,1440x900,986x798,Pass,Demographics,1,Yes,Pass,Pass,,,Mixed_JaneSet1_AustinS_JaneSH_JaneTest1,,,,,,LeftFemale_LeftSign,,,END QUESTIONNAIRE,80005
1,1586383337711,08/04/2020 22:02:17,1586383405295,-4,08/04/2020 18:03:25,15296,4,questionnaire-d7os,,4400497,5e5578c220b63957aeea65dd,1246109,,complete,,5e8e4949e05d6d0d48c84ec3,computer,Desktop or Laptop,Windows 10,Chrome 80.0.3987.163,1366x768,1366x625,Pass,Demographics,1,Yes,Pass,Pass,,,Mixed_JaneSet1_AustinSH_JaneS_JaneTest1,,,,,,,,LeftMale_LeftShine,BEGIN QUESTIONNAIRE,
2,1586383354351,08/04/2020 22:02:34,1586383421975,-4,08/04/2020 18:03:41,15296,4,questionnaire-d7os,,4400497,5e5578c220b63957aeea65dd,1246109,,complete,,5e8e4949e05d6d0d48c84ec3,computer,Desktop or Laptop,Windows 10,Chrome 80.0.3987.163,1366x768,1349x625,Pass,Demographics,1,Yes,Pass,Pass,,,Mixed_JaneSet1_AustinSH_JaneS_JaneTest1,,,,,,,,LeftMale_LeftShine,response-accent-2,Southern
3,1586383354523,08/04/2020 22:02:34,1586383421977,-4,08/04/2020 18:03:41,15296,4,questionnaire-d7os,,4400497,5e5578c220b63957aeea65dd,1246109,,complete,,5e8e4949e05d6d0d48c84ec3,computer,Desktop or Laptop,Windows 10,Chrome 80.0.3987.163,1366x768,1349x625,Pass,Demographics,1,Yes,Pass,Pass,,,Mixed_JaneSet1_AustinSH_JaneS_JaneTest1,,,,,,,,LeftMale_LeftShine,response-accent-text,
4,1586383354523,08/04/2020 22:02:34,1586383421977,-4,08/04/2020 18:03:41,15296,4,questionnaire-d7os,,4400497,5e5578c220b63957aeea65dd,1246109,,complete,,5e8e4949e05d6d0d48c84ec3,computer,Desktop or Laptop,Windows 10,Chrome 80.0.3987.163,1366x768,1349x625,Pass,Demographics,1,Yes,Pass,Pass,,,Mixed_JaneSet1_AustinSH_JaneS_JaneTest1,,,,,,,,LeftMale_LeftShine,response-sex-1,Female
5,1586383354523,08/04/2020 22:02:34,1586383421978,-4,08/04/2020 18:03:41,15296,4,questionnaire-d7os,,4400497,5e5578c220b63957aeea65dd,1246109,,complete,,5e8e4949e05d6d0d48c84ec3,computer,Desktop or Laptop,Windows 10,Chrome 80.0.3987.163,1366x768,1349x625,Pass,Demographics,1,Yes,Pass,Pass,,,Mixed_JaneSet1_AustinSH_JaneS_JaneTest1,,,,,,,,LeftMale_LeftShine,response-ethnicity-2,Not Hispanic or Latino
6,1586383354523,08/04/2020 22:02:34,1586383421978,-4,08/04/2020 18:03:41,15296,4,questionnaire-d7os,,4400497,5e5578c220b63957aeea65dd,1246109,,complete,,5e8e4949e05d6d0d48c84ec3,computer,Desktop or Laptop,Windows 10,Chrome 80.0.3987.163,1366x768,1349x625,Pass,Demographics,1,Yes,Pass,Pass,,,Mixed_JaneSet1_AustinSH_JaneS_JaneTest1,,,,,,,,LeftMale_LeftShine,response-race-5,White
7,1586383354523,08/04/2020 22:02:34,1586383421978,-4,08/04/2020 18:03:41,15296,4,questionnaire-d7os,,4400497,5e5578c220b63957aeea65dd,1246109,,complete,,5e8e4949e05d6d0d48c84ec3,computer,Desktop or Laptop,Windows 10,Chrome 80.0.3987.163,1366x768,1349x625,Pass,Demographics,1,Yes,Pass,Pass,,,Mixed_JaneSet1_AustinSH_JaneS_JaneTest1,,,,,,,,LeftMale_LeftShine,END QUESTIONNAIRE,16683
1,1586383358179,08/04/2020 22:02:38,1586383358079,-7,08/04/2020 15:02:38,15296,4,questionnaire-d7os,,4400524,5e7ac2fed44d42000b4f4115,1246132,,complete,,5e8e4978d053330e8d9627c7,computer,Desktop or Laptop,Windows 10,Chrome 80.0.3987.163,3072x1728,2458x1269,Pass,Demographics,1,Yes,Pass,Pass,,,Mixed_AustinSet1_AustinS_JaneSH_AustinTest1,LeftFemale_LeftShine,,,,,,,,BEGIN QUESTIONNAIRE,
2,1586383384195,08/04/2020 22:03:04,1586383384178,-7,08/04/2020 15:03:04,15296,4,questionnaire-d7os,,4400524,5e7ac2fed44d42000b4f4115,1246132,,complete,,5e8e4978d053330e8d9627c7,computer,Desktop or Laptop,Windows 10,Chrome 80.0.3987.163,3072x1728,2458x1269,Pass,Demographics,1,Yes,Pass,Pass,,,Mixed_AustinSet1_AustinS_JaneSH_AustinTest1,LeftFemale_LeftShine,,,,,,,,response-accent-5,Pacific southwest
3,1586383384415,08/04/2020 22:03:04,1586383384179,-7,08/04/2020 15:03:04,15296,4,questionnaire-d7os,,4400524,5e7ac2fed44d42000b4f4115,1246132,,complete,,5e8e4978d053330e8d9627c7,computer,Desktop or Laptop,Windows 10,Chrome 80.0.3987.163,3072x1728,2458x1269,Pass,Demographics,1,Yes,Pass,Pass,,,Mixed_AustinSet1_AustinS_JaneSH_AustinTest1,LeftFemale_LeftShine,,,,,,,,response-accent-text,
4,1586383384415,08/04/2020 22:03:04,1586383384179,-7,08/04/2020 15:03:04,15296,4,questionnaire-d7os,,4400524,5e7ac2fed44d42000b4f4115,1246132,,complete,,5e8e4978d053330e8d9627c7,computer,Desktop or Laptop,Windows 10,Chrome 80.0.3987.163,3072x1728,2458x1269,Pass,Demographics,1,Yes,Pass,Pass,,,Mixed_AustinSet1_AustinS_JaneSH_AustinTest1,LeftFemale_LeftShine,,,,,,,,response-sex-2,Male
5,1586383384415,08/04/2020 22:03:04,1586383384179,-7,08/04/2020 15:03:04,15296,4,questionnaire-d7os,,4400524,5e7ac2fed44d42000b4f4115,1246132,,complete,,5e8e4978d053330e8d9627c7,computer,Desktop or Laptop,Windows 10,Chrome 80.0.3987.163,3072x1728,2458x1269,Pass,Demographics,1,Yes,Pass,Pass,,,Mixed_AustinSet1_AustinS_JaneSH_AustinTest1,LeftFemale_LeftShine,,,,,,,,response-ethnicity-2,Not Hispanic or Latino
6,1586383384415,08/04/2020 22:03:04,1586383384179,-7,08/04/2020 15:03:04,15296,4,questionnaire-d7os,,4400524,5e7ac2fed44d42000b4f4115,1246132,,complete,,5e8e4978d053330e8d9627c7,computer,Desktop or Laptop,Windows 10,Chrome 80.0.3987.163,3072x1728,2458x1269,Pass,Demographics,1,Yes,Pass,Pass,,,Mixed_AustinSet1_AustinS_JaneSH_AustinTest1,LeftFemale_LeftShine,,,,,,,,response-race-5,White
7,1586383384415,08/04/2020 22:03:04,1586383384179,-7,08/04/2020 15:03:04,15296,4,questionnaire-d7os,,4400524,5e7ac2fed44d42000b4f4115,1246132,,complete,,5e8e4978d053330e8d9627c7,computer,Desktop or Laptop,Windows 10,Chrome 80.0.3987.163,3072x1728,2458x1269,Pass,Demographics,1,Yes,Pass,Pass,,,Mixed_AustinSet1_AustinS_JaneSH_AustinTest1,LeftFemale_LeftShine,,,,,,,,END QUESTIONNAIRE,26100
1,1586383364492,08/04/2020 22:02:44,1586383364250,-4,08/04/2020 18:02:44,15296,4,questionnaire-d7os,,4400535,5e801cdb4f63947143efce35,1246122,,complete,,5e8e4978e2bcb30fb476de63,mobile,Apple iPhone,iOS 13.3,Mobile Safari 13.0.4,414x736,736x414,Pass,Demographics,1,Yes,Pass,Pass,,,Mixed_AustinSet1_AustinS_JaneSH_AustinTest1,LeftMale_LeftSign,,,,,,,,BEGIN QUESTIONNAIRE,
2,1586383377665,08/04/2020 22:02:57,1586383377063,-4,08/04/2020 18:02:57,15296,4,questionnaire-d7os,,4400535,5e801cdb4f63947143efce35,1246122,,complete,,5e8e4978e2bcb30fb476de63,mobile,Apple iPhone,iOS 13.3,Mobile Safari 13.0.4,414x736,736x414,Pass,Demographics,1,Yes,Pass,Pass,,,Mixed_AustinSet1_AustinS_JaneSH_AustinTest1,LeftMale_LeftSign,,,,,,,,response-accent-2,Southern
3,1586383378073,08/04/2020 22:02:58,1586383377065,-4,08/04/2020 18:02:57,15296,4,questionnaire-d7os,,4400535,5e801cdb4f63947143efce35,1246122,,complete,,5e8e4978e2bcb30fb476de63,mobile,Apple iPhone,iOS 13.3,Mobile Safari 13.0.4,414x736,736x414,Pass,Demographics,1,Yes,Pass,Pass,,,Mixed_AustinSet1_AustinS_JaneSH_AustinTest1,LeftMale_LeftSign,,,,,,,,response-accent-text,
4,1586383378073,08/04/2020 22:02:58,1586383377066,-4,08/04/2020 18:02:57,15296,4,questionnaire-d7os,,4400535,5e801cdb4f63947143efce35,1246122,,complete,,5e8e4978e2bcb30fb476de63,mobile,Apple iPhone,iOS 13.3,Mobile Safari 13.0.4,414x736,736x414,Pass,Demographics,1,Yes,Pass,Pass,,,Mixed_AustinSet1_AustinS_JaneSH_AustinTest1,LeftMale_LeftSign,,,,,,,,response-sex-2,Male
5,1586383378073,08/04/2020 22:02:58,1586383377066,-4,08/04/2020 18:02:57,15296,4,questionnaire-d7os,,4400535,5e801cdb4f63947143efce35,1246122,,complete,,5e8e4978e2bcb30fb476de63,mobile,Apple iPhone,iOS 13.3,Mobile Safari 13.0.4,414x736,736x414,Pass,Demographics,1,Yes,Pass,Pass,,,Mixed_AustinSet1_AustinS_JaneSH_AustinTest1,LeftMale_LeftSign,,,,,,,,response-ethnicity-2,Not Hispanic or Latino
6,1586383378073,08/04/2020 22:02:58,1586383377066,-4,08/04/2020 18:02:57,15296,4,questionnaire-d7os,,4400535,5e801cdb4f63947143efce35,1246122,,complete,,5e8e4978e2bcb30fb476de63,mobile,Apple iPhone,iOS 13.3,Mobile Safari 13.0.4,414x736,736x414,Pass,Demographics,1,Yes,Pass,Pass,,,Mixed_AustinSet1_AustinS_JaneSH_AustinTest1,LeftMale_LeftSign,,,,,,,,response-race-5,White
7,1586383378073,08/04/2020 22:02:58,1586383377066,-4,08/04/2020 18:02:57,15296,4,questionnaire-d7os,,4400535,5e801cdb4f63947143efce35,1246122,,complete,,5e8e4978e2bcb30fb476de63,mobile,Apple iPhone,iOS 13.3,Mobile Safari 13.0.4,414x736,736x414,Pass,Demographics,1,Yes,Pass,Pass,,,Mixed_AustinSet1_AustinS_JaneSH_AustinTest1,LeftMale_LeftSign,,,,,,,,END QUESTIONNAIRE,12817
1,1586383419064,08/04/2020 22:03:39,1586383419230,-4,08/04/2020 18:03:39,15296,4,questionnaire-d7os,,4400596,5e829ea94f0f009d87c49646,1246133,,complete,,5e8e49396f1e671031185d9a,computer,Desktop or Laptop,Chromium OS 12607.81.0,Chrome 79.0.3945.119,1280x800,1280x673,Pass,Demographics,1,Yes,Pass,Pass,,,Mixed_AustinSet1_AustinS_JaneSH_JaneTest1,,,,,LeftFemale_LeftSign,,,,BEGIN QUESTIONNAIRE,
2,1586383437148,08/04/2020 22:03:57,1586383437381,-4,08/04/2020 18:03:57,15296,4,questionnaire-d7os,,4400596,5e829ea94f0f009d87c49646,1246133,,complete,,5e8e49396f1e671031185d9a,computer,Desktop or Laptop,Chromium OS 12607.81.0,Chrome 79.0.3945.119,1280x800,1280x673,Pass,Demographics,1,Yes,Pass,Pass,,,Mixed_AustinSet1_AustinS_JaneSH_JaneTest1,,,,,LeftFemale_LeftSign,,,,response-accent-2,Southern
3,1586383437322,08/04/2020 22:03:57,1586383437385,-4,08/04/2020 18:03:57,15296,4,questionnaire-d7os,,4400596,5e829ea94f0f009d87c49646,1246133,,complete,,5e8e49396f1e671031185d9a,computer,Desktop or Laptop,Chromium OS 12607.81.0,Chrome 79.0.3945.119,1280x800,1280x673,Pass,Demographics,1,Yes,Pass,Pass,,,Mixed_AustinSet1_AustinS_JaneSH_JaneTest1,,,,,LeftFemale_LeftSign,,,,response-accent-text,
4,1586383437322,08/04/2020 22:03:57,1586383437386,-4,08/04/2020 18:03:57,15296,4,questionnaire-d7os,,4400596,5e829ea94f0f009d87c49646,1246133,,complete,,5e8e49396f1e671031185d9a,computer,Desktop or Laptop,Chromium OS 12607.81.0,Chrome 79.0.3945.119,1280x800,1280x673,Pass,Demographics,1,Yes,Pass,Pass,,,Mixed_AustinSet1_AustinS_JaneSH_JaneTest1,,,,,LeftFemale_LeftSign,,,,response-sex-1,Female
5,1586383437322,08/04/2020 22:03:57,1586383437387,-4,08/04/2020 18:03:57,15296,4,questionnaire-d7os,,4400596,5e829ea94f0f009d87c49646,1246133,,complete,,5e8e49396f1e671031185d9a,computer,Desktop or Laptop,Chromium OS 12607.81.0,Chrome 79.0.3945.119,1280x800,1280x673,Pass,Demographics,1,Yes,Pass,Pass,,,Mixed_AustinSet1_AustinS_JaneSH_JaneTest1,,,,,LeftFemale_LeftSign,,,,response-ethnicity-2,Not Hispanic or Latino
6,1586383437322,08/04/2020 22:03:57,1586383437387,-4,08/04/2020 18:03:57,15296,4,questionnaire-d7os,,4400596,5e829ea94f0f009d87c49646,1246133,,complete,,5e8e49396f1e671031185d9a,computer,Desktop or Laptop,Chromium OS 12607.81.0,Chrome 79.0.3945.119,1280x800,1280x673,Pass,Demographics,1,Yes,Pass,Pass,,,Mixed_AustinSet1_AustinS_JaneSH_JaneTest1,,,,,LeftFemale_LeftSign,,,,response-race-5,White
7,1586383437322,08/04/2020 22:03:57,1586383437388,-4,08/04/2020 18:03:57,15296,4,questionnaire-d7os,,4400596,5e829ea94f0f009d87c49646,1246133,,complete,,5e8e49396f1e671031185d9a,computer,Desktop or Laptop,Chromium OS 12607.81.0,Chrome 79.0.3945.119,1280x800,1280x673,Pass,Demographics,1,Yes,Pass,Pass,,,Mixed_AustinSet1_AustinS_JaneSH_JaneTest1,,,,,LeftFemale_LeftSign,,,,END QUESTIONNAIRE,18158
1,1586383446540,08/04/2020 22:04:06,1586383447745,-4,08/04/2020 18:04:07,15296,4,questionnaire-d7os,,4400627,5e8b7c36fc9f9e046bd7aa13,1246179,,complete,,5e8e497cf8e15810004b3034,computer,Desktop or Laptop,Windows 10,Firefox 74.0,1920x1080,1920x944,Pass,Demographics,1,Yes,Pass,Pass,,,Mixed_AustinSet1_AustinSH_JaneS_AustinTest1,,,LeftFemale_LeftShine,,,,,,BEGIN QUESTIONNAIRE,
2,1586383469538,08/04/2020 22:04:29,1586383470802,-4,08/04/2020 18:04:30,15296,4,questionnaire-d7os,,4400627,5e8b7c36fc9f9e046bd7aa13,1246179,,complete,,5e8e497cf8e15810004b3034,computer,Desktop or Laptop,Windows 10,Firefox 74.0,1920x1080,1903x944,Pass,Demographics,1,Yes,Pass,Pass,,,Mixed_AustinSet1_AustinSH_JaneS_AustinTest1,,,LeftFemale_LeftShine,,,,,,response-accent-3,Midwestern
3,1586383469695,08/04/2020 22:04:29,1586383470804,-4,08/04/2020 18:04:30,15296,4,questionnaire-d7os,,4400627,5e8b7c36fc9f9e046bd7aa13,1246179,,complete,,5e8e497cf8e15810004b3034,computer,Desktop or Laptop,Windows 10,Firefox 74.0,1920x1080,1903x944,Pass,Demographics,1,Yes,Pass,Pass,,,Mixed_AustinSet1_AustinSH_JaneS_AustinTest1,,,LeftFemale_LeftShine,,,,,,response-accent-text,
4,1586383469695,08/04/2020 22:04:29,1586383470805,-4,08/04/2020 18:04:30,15296,4,questionnaire-d7os,,4400627,5e8b7c36fc9f9e046bd7aa13,1246179,,complete,,5e8e497cf8e15810004b3034,computer,Desktop or Laptop,Windows 10,Firefox 74.0,1920x1080,1903x944,Pass,Demographics,1,Yes,Pass,Pass,,,Mixed_AustinSet1_AustinSH_JaneS_AustinTest1,,,LeftFemale_LeftShine,,,,,,response-sex-2,Male
5,1586383469695,08/04/2020 22:04:29,1586383470805,-4,08/04/2020 18:04:30,15296,4,questionnaire-d7os,,4400627,5e8b7c36fc9f9e046bd7aa13,1246179,,complete,,5e8e497cf8e15810004b3034,computer,Desktop or Laptop,Windows 10,Firefox 74.0,1920x1080,1903x944,Pass,Demographics,1,Yes,Pass,Pass,,,Mixed_AustinSet1_AustinSH_JaneS_AustinTest1,,,LeftFemale_LeftShine,,,,,,response-ethnicity-2,Not Hispanic or Latino
6,1586383469695,08/04/2020 22:04:29,1586383470805,-4,08/04/2020 18:04:30,15296,4,questionnaire-d7os,,4400627,5e8b7c36fc9f9e046bd7aa13,1246179,,complete,,5e8e497cf8e15810004b3034,computer,Desktop or Laptop,Windows 10,Firefox 74.0,1920x1080,1903x944,Pass,Demographics,1,Yes,Pass,Pass,,,Mixed_AustinSet1_AustinSH_JaneS_AustinTest1,,,LeftFemale_LeftShine,,,,,,response-race-5,White
7,1586383469695,08/04/2020 22:04:29,1586383470805,-4,08/04/2020 18:04:30,15296,4,questionnaire-d7os,,4400627,5e8b7c36fc9f9e046bd7aa13,1246179,,complete,,5e8e497cf8e15810004b3034,computer,Desktop or Laptop,Windows 10,Firefox 74.0,1920x1080,1903x944,Pass,Demographics,1,Yes,Pass,Pass,,,Mixed_AustinSet1_AustinSH_JaneS_AustinTest1,,,LeftFemale_LeftShine,,,,,,END QUESTIONNAIRE,23061
1,1586383497480,08/04/2020 22:04:57,1586383497343,-7,08/04/2020 15:04:57,15296,4,questionnaire-d7os,,4400676,5be8dd56d153f500019ab3cf,1246203,,complete,,5e8e4a3ff5166b0fc796a259,computer,Desktop or Laptop,Ubuntu undefined,Firefox 75.0,1600x900,1539x775,Pass,Demographics,1,Yes,Pass,Pass,,,Mixed_AustinSet1_AustinSH_JaneS_JaneTest1,,,,,,,LeftMale_LeftSign,,BEGIN QUESTIONNAIRE,
2,1586383506310,08/04/2020 22:05:06,1586383506195,-7,08/04/2020 15:05:06,15296,4,questionnaire-d7os,,4400676,5be8dd56d153f500019ab3cf,1246203,,complete,,5e8e4a3ff5166b0fc796a259,computer,Desktop or Laptop,Ubuntu undefined,Firefox 75.0,1600x900,1527x775,Pass,Demographics,1,Yes,Pass,Pass,,,Mixed_AustinSet1_AustinSH_JaneS_JaneTest1,,,,,,,LeftMale_LeftSign,,response-accent-1,New England
3,1586383506543,08/04/2020 22:05:06,1586383506199,-7,08/04/2020 15:05:06,15296,4,questionnaire-d7os,,4400676,5be8dd56d153f500019ab3cf,1246203,,complete,,5e8e4a3ff5166b0fc796a259,computer,Desktop or Laptop,Ubuntu undefined,Firefox 75.0,1600x900,1527x775,Pass,Demographics,1,Yes,Pass,Pass,,,Mixed_AustinSet1_AustinSH_JaneS_JaneTest1,,,,,,,LeftMale_LeftSign,,response-accent-text,
4,1586383506543,08/04/2020 22:05:06,1586383506199,-7,08/04/2020 15:05:06,15296,4,questionnaire-d7os,,4400676,5be8dd56d153f500019ab3cf,1246203,,complete,,5e8e4a3ff5166b0fc796a259,computer,Desktop or Laptop,Ubuntu undefined,Firefox 75.0,1600x900,1527x775,Pass,Demographics,1,Yes,Pass,Pass,,,Mixed_AustinSet1_AustinSH_JaneS_JaneTest1,,,,,,,LeftMale_LeftSign,,response-sex-1,Female
5,1586383506543,08/04/2020 22:05:06,1586383506199,-7,08/04/2020 15:05:06,15296,4,questionnaire-d7os,,4400676,5be8dd56d153f500019ab3cf,1246203,,complete,,5e8e4a3ff5166b0fc796a259,computer,Desktop or Laptop,Ubuntu undefined,Firefox 75.0,1600x900,1527x775,Pass,Demographics,1,Yes,Pass,Pass,,,Mixed_AustinSet1_AustinSH_JaneS_JaneTest1,,,,,,,LeftMale_LeftSign,,response-ethnicity-2,Not Hispanic or Latino
6,1586383506543,08/04/2020 22:05:06,1586383506200,-7,08/04/2020 15:05:06,15296,4,questionnaire-d7os,,4400676,5be8dd56d153f500019ab3cf,1246203,,complete,,5e8e4a3ff5166b0fc796a259,computer,Desktop or Laptop,Ubuntu undefined,Firefox 75.0,1600x900,1527x775,Pass,Demographics,1,Yes,Pass,Pass,,,Mixed_AustinSet1_AustinSH_JaneS_JaneTest1,,,,,,,LeftMale_LeftSign,,response-race-5,White
7,1586383506543,08/04/2020 22:05:06,1586383506200,-7,08/04/2020 15:05:06,15296,4,questionnaire-d7os,,4400676,5be8dd56d153f500019ab3cf,1246203,,complete,,5e8e4a3ff5166b0fc796a259,computer,Desktop or Laptop,Ubuntu undefined,Firefox 75.0,1600x900,1527x775,Pass,Demographics,1,Yes,Pass,Pass,,,Mixed_AustinSet1_AustinSH_JaneS_JaneTest1,,,,,,,LeftMale_LeftSign,,END QUESTIONNAIRE,8857
1,1586383516407,08/04/2020 22:05:16,1586383515708,-5,08/04/2020 17:05:15,15296,4,questionnaire-d7os,,4400690,5e8118a6c13dec813441c1c1,1246182,,complete,,5e8e496dd1aa0d0f9d51d455,computer,Desktop or Laptop,Windows 10,Chrome 80.0.3987.163,1536x864,1536x726,Pass,Demographics,1,Yes,Fail,Pass,Pass,,Mixed_AustinSet1_AustinS_JaneSH_JaneTest1,,,,,LeftMale_LeftSign,,,,BEGIN QUESTIONNAIRE,
2,1586383526138,08/04/2020 22:05:26,1586383525534,-5,08/04/2020 17:05:25,15296,4,questionnaire-d7os,,4400690,5e8118a6c13dec813441c1c1,1246182,,complete,,5e8e496dd1aa0d0f9d51d455,computer,Desktop or Laptop,Windows 10,Chrome 80.0.3987.163,1536x864,1519x726,Pass,Demographics,1,Yes,Fail,Pass,Pass,,Mixed_AustinSet1_AustinS_JaneSH_JaneTest1,,,,,LeftMale_LeftSign,,,,response-accent-3,Midwestern
3,1586383526420,08/04/2020 22:05:26,1586383525536,-5,08/04/2020 17:05:25,15296,4,questionnaire-d7os,,4400690,5e8118a6c13dec813441c1c1,1246182,,complete,,5e8e496dd1aa0d0f9d51d455,computer,Desktop or Laptop,Windows 10,Chrome 80.0.3987.163,1536x864,1519x726,Pass,Demographics,1,Yes,Fail,Pass,Pass,,Mixed_AustinSet1_AustinS_JaneSH_JaneTest1,,,,,LeftMale_LeftSign,,,,response-accent-text,
4,1586383526420,08/04/2020 22:05:26,1586383525536,-5,08/04/2020 17:05:25,15296,4,questionnaire-d7os,,4400690,5e8118a6c13dec813441c1c1,1246182,,complete,,5e8e496dd1aa0d0f9d51d455,computer,Desktop or Laptop,Windows 10,Chrome 80.0.3987.163,1536x864,1519x726,Pass,Demographics,1,Yes,Fail,Pass,Pass,,Mixed_AustinSet1_AustinS_JaneSH_JaneTest1,,,,,LeftMale_LeftSign,,,,response-sex-2,Male
5,1586383526420,08/04/2020 22:05:26,1586383525537,-5,08/04/2020 17:05:25,15296,4,questionnaire-d7os,,4400690,5e8118a6c13dec813441c1c1,1246182,,complete,,5e8e496dd1aa0d0f9d51d455,computer,Desktop or Laptop,Windows 10,Chrome 80.0.3987.163,1536x864,1519x726,Pass,Demographics,1,Yes,Fail,Pass,Pass,,Mixed_AustinSet1_AustinS_JaneSH_JaneTest1,,,,,LeftMale_LeftSign,,,,response-ethnicity-2,Not Hispanic or Latino
6,1586383526420,08/04/2020 22:05:26,1586383525537,-5,08/04/2020 17:05:25,15296,4,questionnaire-d7os,,4400690,5e8118a6c13dec813441c1c1,1246182,,complete,,5e8e496dd1aa0d0f9d51d455,computer,Desktop or Laptop,Windows 10,Chrome 80.0.3987.163,1536x864,1519x726,Pass,Demographics,1,Yes,Fail,Pass,Pass,,Mixed_AustinSet1_AustinS_JaneSH_JaneTest1,,,,,LeftMale_LeftSign,,,,response-race-5,White
7,1586383526420,08/04/2020 22:05:26,1586383525537,-5,08/04/2020 17:05:25,15296,4,questionnaire-d7os,,4400690,5e8118a6c13dec813441c1c1,1246182,,complete,,5e8e496dd1aa0d0f9d51d455,computer,Desktop or Laptop,Windows 10,Chrome 80.0.3987.163,1536x864,1519x726,Pass,Demographics,1,Yes,Fail,Pass,Pass,,Mixed_AustinSet1_AustinS_JaneSH_JaneTest1,,,,,LeftMale_LeftSign,,,,END QUESTIONNAIRE,9829
1,1586383520231,08/04/2020 22:05:20,1586383520961,-5,08/04/2020 17:05:20,15296,4,questionnaire-d7os,,4400695,5dd5c04f86c88658b24d4cde,1246114,,complete,,5e8e49562943020f3448b73e,computer,Desktop or Laptop,Windows 10,Chrome 80.0.3987.163,1366x768,1366x657,Pass,Demographics,1,Yes,Fail,Pass,Pass,,Mixed_AustinSet1_AustinSH_JaneS_AustinTest1,,,LeftMale_LeftSign,,,,,,BEGIN QUESTIONNAIRE,
2,1586383534883,08/04/2020 22:05:34,1586383535656,-5,08/04/2020 17:05:35,15296,4,questionnaire-d7os,,4400695,5dd5c04f86c88658b24d4cde,1246114,,complete,,5e8e49562943020f3448b73e,computer,Desktop or Laptop,Windows 10,Chrome 80.0.3987.163,1366x768,1349x657,Pass,Demographics,1,Yes,Fail,Pass,Pass,,Mixed_AustinSet1_AustinSH_JaneS_AustinTest1,,,LeftMale_LeftSign,,,,,,response-accent-2,Southern
3,1586383535069,08/04/2020 22:05:35,1586383535658,-5,08/04/2020 17:05:35,15296,4,questionnaire-d7os,,4400695,5dd5c04f86c88658b24d4cde,1246114,,complete,,5e8e49562943020f3448b73e,computer,Desktop or Laptop,Windows 10,Chrome 80.0.3987.163,1366x768,1349x657,Pass,Demographics,1,Yes,Fail,Pass,Pass,,Mixed_AustinSet1_AustinSH_JaneS_AustinTest1,,,LeftMale_LeftSign,,,,,,response-accent-text,
4,1586383535069,08/04/2020 22:05:35,1586383535658,-5,08/04/2020 17:05:35,15296,4,questionnaire-d7os,,4400695,5dd5c04f86c88658b24d4cde,1246114,,complete,,5e8e49562943020f3448b73e,computer,Desktop or Laptop,Windows 10,Chrome 80.0.3987.163,1366x768,1349x657,Pass,Demographics,1,Yes,Fail,Pass,Pass,,Mixed_AustinSet1_AustinSH_JaneS_AustinTest1,,,LeftMale_LeftSign,,,,,,response-sex-1,Female
5,1586383535069,08/04/2020 22:05:35,1586383535659,-5,08/04/2020 17:05:35,15296,4,questionnaire-d7os,,4400695,5dd5c04f86c88658b24d4cde,1246114,,complete,,5e8e49562943020f3448b73e,computer,Desktop or Laptop,Windows 10,Chrome 80.0.3987.163,1366x768,1349x657,Pass,Demographics,1,Yes,Fail,Pass,Pass,,Mixed_AustinSet1_AustinSH_JaneS_AustinTest1,,,LeftMale_LeftSign,,,,,,response-ethnicity-2,Not Hispanic or Latino
6,1586383535069,08/04/2020 22:05:35,1586383535659,-5,08/04/2020 17:05:35,15296,4,questionnaire-d7os,,4400695,5dd5c04f86c88658b24d4cde,1246114,,complete,,5e8e49562943020f3448b73e,computer,Desktop or Laptop,Windows 10,Chrome 80.0.3987.163,1366x768,1349x657,Pass,Demographics,1,Yes,Fail,Pass,Pass,,Mixed_AustinSet1_AustinSH_JaneS_AustinTest1,,,LeftMale_LeftSign,,,,,,response-race-5,White
7,1586383535069,08/04/2020 22:05:35,1586383535659,-5,08/04/2020 17:05:35,15296,4,questionnaire-d7os,,4400695,5dd5c04f86c88658b24d4cde,1246114,,complete,,5e8e49562943020f3448b73e,computer,Desktop or Laptop,Windows 10,Chrome 80.0.3987.163,1366x768,1349x657,Pass,Demographics,1,Yes,Fail,Pass,Pass,,Mixed_AustinSet1_AustinSH_JaneS_AustinTest1,,,LeftMale_LeftSign,,,,,,END QUESTIONNAIRE,14698
1,1586383536038,08/04/2020 22:05:36,1586383535896,-4,08/04/2020 18:05:35,15296,4,questionnaire-d7os,,4400708,5e7943283da1364fd72556f5,1246178,,complete,,5e8e496728369e0cf2575112,computer,Desktop or Laptop,Linux x86_64,Firefox 74.0,1920x1080,1920x935,Pass,Demographics,1,Yes,Pass,Pass,,,Mixed_JaneSet1_AustinS_JaneSH_AustinTest1,,LeftMale_LeftShine,,,,,,,BEGIN QUESTIONNAIRE,
2,1586383551789,08/04/2020 22:05:51,1586383551723,-4,08/04/2020 18:05:51,15296,4,questionnaire-d7os,,4400708,5e7943283da1364fd72556f5,1246178,,complete,,5e8e496728369e0cf2575112,computer,Desktop or Laptop,Linux x86_64,Firefox 74.0,1920x1080,1920x935,Pass,Demographics,1,Yes,Pass,Pass,,,Mixed_JaneSet1_AustinS_JaneSH_AustinTest1,,LeftMale_LeftShine,,,,,,,response-accent-1,New England
3,1586383551914,08/04/2020 22:05:51,1586383551725,-4,08/04/2020 18:05:51,15296,4,questionnaire-d7os,,4400708,5e7943283da1364fd72556f5,1246178,,complete,,5e8e496728369e0cf2575112,computer,Desktop or Laptop,Linux x86_64,Firefox 74.0,1920x1080,1920x935,Pass,Demographics,1,Yes,Pass,Pass,,,Mixed_JaneSet1_AustinS_JaneSH_AustinTest1,,LeftMale_LeftShine,,,,,,,response-accent-text,
4,1586383551914,08/04/2020 22:05:51,1586383551725,-4,08/04/2020 18:05:51,15296,4,questionnaire-d7os,,4400708,5e7943283da1364fd72556f5,1246178,,complete,,5e8e496728369e0cf2575112,computer,Desktop or Laptop,Linux x86_64,Firefox 74.0,1920x1080,1920x935,Pass,Demographics,1,Yes,Pass,Pass,,,Mixed_JaneSet1_AustinS_JaneSH_AustinTest1,,LeftMale_LeftShine,,,,,,,response-sex-2,Male
5,1586383551914,08/04/2020 22:05:51,1586383551725,-4,08/04/2020 18:05:51,15296,4,questionnaire-d7os,,4400708,5e7943283da1364fd72556f5,1246178,,complete,,5e8e496728369e0cf2575112,computer,Desktop or Laptop,Linux x86_64,Firefox 74.0,1920x1080,1920x935,Pass,Demographics,1,Yes,Pass,Pass,,,Mixed_JaneSet1_AustinS_JaneSH_AustinTest1,,LeftMale_LeftShine,,,,,,,response-ethnicity-2,Not Hispanic or Latino
6,1586383551914,08/04/2020 22:05:51,1586383551725,-4,08/04/2020 18:05:51,15296,4,questionnaire-d7os,,4400708,5e7943283da1364fd72556f5,1246178,,complete,,5e8e496728369e0cf2575112,computer,Desktop or Laptop,Linux x86_64,Firefox 74.0,1920x1080,1920x935,Pass,Demographics,1,Yes,Pass,Pass,,,Mixed_JaneSet1_AustinS_JaneSH_AustinTest1,,LeftMale_LeftShine,,,,,,,response-race-5,White
7,1586383551914,08/04/2020 22:05:51,1586383551726,-4,08/04/2020 18:05:51,15296,4,questionnaire-d7os,,4400708,5e7943283da1364fd72556f5,1246178,,complete,,5e8e496728369e0cf2575112,computer,Desktop or Laptop,Linux x86_64,Firefox 74.0,1920x1080,1920x935,Pass,Demographics,1,Yes,Pass,Pass,,,Mixed_JaneSet1_AustinS_JaneSH_AustinTest1,,LeftMale_LeftShine,,,,,,,END QUESTIONNAIRE,15831
1,1586383543851,08/04/2020 22:05:43,1586383543772,-4,08/04/2020 18:05:43,15296,4,questionnaire-d7os,,4400713,5def27aabc4b5c5ccd461dd3,1246201,,complete,,5e8e492eac5c6d0d670d5b0f,computer,Desktop or Laptop,Mac OS 10.15.3,Safari 13.0.5,1680x1050,1330x837,Pass,Demographics,1,Yes,Pass,Pass,,,Mixed_JaneSet1_AustinS_JaneSH_JaneTest1,,,,,,LeftMale_LeftSign,,,BEGIN QUESTIONNAIRE,
2,1586383574840,08/04/2020 22:06:14,1586383574788,-4,08/04/2020 18:06:14,15296,4,questionnaire-d7os,,4400713,5def27aabc4b5c5ccd461dd3,1246201,,complete,,5e8e492eac5c6d0d670d5b0f,computer,Desktop or Laptop,Mac OS 10.15.3,Safari 13.0.5,1680x1050,1330x837,Pass,Demographics,1,Yes,Pass,Pass,,,Mixed_JaneSet1_AustinS_JaneSH_JaneTest1,,,,,,LeftMale_LeftSign,,,response-accent-7,Do not know
3,1586383574980,08/04/2020 22:06:14,1586383574790,-4,08/04/2020 18:06:14,15296,4,questionnaire-d7os,,4400713,5def27aabc4b5c5ccd461dd3,1246201,,complete,,5e8e492eac5c6d0d670d5b0f,computer,Desktop or Laptop,Mac OS 10.15.3,Safari 13.0.5,1680x1050,1330x837,Pass,Demographics,1,Yes,Pass,Pass,,,Mixed_JaneSet1_AustinS_JaneSH_JaneTest1,,,,,,LeftMale_LeftSign,,,response-accent-text,
4,1586383574980,08/04/2020 22:06:14,1586383574790,-4,08/04/2020 18:06:14,15296,4,questionnaire-d7os,,4400713,5def27aabc4b5c5ccd461dd3,1246201,,complete,,5e8e492eac5c6d0d670d5b0f,computer,Desktop or Laptop,Mac OS 10.15.3,Safari 13.0.5,1680x1050,1330x837,Pass,Demographics,1,Yes,Pass,Pass,,,Mixed_JaneSet1_AustinS_JaneSH_JaneTest1,,,,,,LeftMale_LeftSign,,,response-sex-2,Male
5,1586383574980,08/04/2020 22:06:14,1586383574790,-4,08/04/2020 18:06:14,15296,4,questionnaire-d7os,,4400713,5def27aabc4b5c5ccd461dd3,1246201,,complete,,5e8e492eac5c6d0d670d5b0f,computer,Desktop or Laptop,Mac OS 10.15.3,Safari 13.0.5,1680x1050,1330x837,Pass,Demographics,1,Yes,Pass,Pass,,,Mixed_JaneSet1_AustinS_JaneSH_JaneTest1,,,,,,LeftMale_LeftSign,,,response-ethnicity-2,Not Hispanic or Latino
6,1586383574980,08/04/2020 22:06:14,1586383574790,-4,08/04/2020 18:06:14,15296,4,questionnaire-d7os,,4400713,5def27aabc4b5c5ccd461dd3,1246201,,complete,,5e8e492eac5c6d0d670d5b0f,computer,Desktop or Laptop,Mac OS 10.15.3,Safari 13.0.5,1680x1050,1330x837,Pass,Demographics,1,Yes,Pass,Pass,,,Mixed_JaneSet1_AustinS_JaneSH_JaneTest1,,,,,,LeftMale_LeftSign,,,response-race-5,White
7,1586383574980,08/04/2020 22:06:14,1586383574790,-4,08/04/2020 18:06:14,15296,4,questionnaire-d7os,,4400713,5def27aabc4b5c5ccd461dd3,1246201,,complete,,5e8e492eac5c6d0d670d5b0f,computer,Desktop or Laptop,Mac OS 10.15.3,Safari 13.0.5,1680x1050,1330x837,Pass,Demographics,1,Yes,Pass,Pass,,,Mixed_JaneSet1_AustinS_JaneSH_JaneTest1,,,,,,LeftMale_LeftSign,,,END QUESTIONNAIRE,31018
1,1586383611495,08/04/2020 22:06:51,1586383611789,-7,08/04/2020 15:06:51,15296,4,questionnaire-d7os,,4400760,5a454e442f91ec0001dcb66c,1246219,,complete,,5e8e4967672c83109f9276da,computer,Desktop or Laptop,Windows 10,Edge 18.18363,1366x768,1366x655,Pass,Demographics,1,Yes,Pass,Pass,,,Mixed_AustinSet1_AustinSH_JaneS_JaneTest1,,,,,,,LeftFemale_LeftShine,,BEGIN QUESTIONNAIRE,
2,1586383626152,08/04/2020 22:07:06,1586383626466,-7,08/04/2020 15:07:06,15296,4,questionnaire-d7os,,4400760,5a454e442f91ec0001dcb66c,1246219,,complete,,5e8e4967672c83109f9276da,computer,Desktop or Laptop,Windows 10,Edge 18.18363,1366x768,1350x655,Pass,Demographics,1,Yes,Pass,Pass,,,Mixed_AustinSet1_AustinSH_JaneS_JaneTest1,,,,,,,LeftFemale_LeftShine,,response-accent-6,Southwestern
3,1586383626496,08/04/2020 22:07:06,1586383626472,-7,08/04/2020 15:07:06,15296,4,questionnaire-d7os,,4400760,5a454e442f91ec0001dcb66c,1246219,,complete,,5e8e4967672c83109f9276da,computer,Desktop or Laptop,Windows 10,Edge 18.18363,1366x768,1350x655,Pass,Demographics,1,Yes,Pass,Pass,,,Mixed_AustinSet1_AustinSH_JaneS_JaneTest1,,,,,,,LeftFemale_LeftShine,,response-accent-text,
4,1586383626496,08/04/2020 22:07:06,1586383626473,-7,08/04/2020 15:07:06,15296,4,questionnaire-d7os,,4400760,5a454e442f91ec0001dcb66c,1246219,,complete,,5e8e4967672c83109f9276da,computer,Desktop or Laptop,Windows 10,Edge 18.18363,1366x768,1350x655,Pass,Demographics,1,Yes,Pass,Pass,,,Mixed_AustinSet1_AustinSH_JaneS_JaneTest1,,,,,,,LeftFemale_LeftShine,,response-sex-1,Female
5,1586383626496,08/04/2020 22:07:06,1586383626473,-7,08/04/2020 15:07:06,15296,4,questionnaire-d7os,,4400760,5a454e442f91ec0001dcb66c,1246219,,complete,,5e8e4967672c83109f9276da,computer,Desktop or Laptop,Windows 10,Edge 18.18363,1366x768,1350x655,Pass,Demographics,1,Yes,Pass,Pass,,,Mixed_AustinSet1_AustinSH_JaneS_JaneTest1,,,,,,,LeftFemale_LeftShine,,response-ethnicity-2,Not Hispanic or Latino
6,1586383626496,08/04/2020 22:07:06,1586383626475,-7,08/04/2020 15:07:06,15296,4,questionnaire-d7os,,4400760,5a454e442f91ec0001dcb66c,1246219,,complete,,5e8e4967672c83109f9276da,computer,Desktop or Laptop,Windows 10,Edge 18.18363,1366x768,1350x655,Pass,Demographics,1,Yes,Pass,Pass,,,Mixed_AustinSet1_AustinSH_JaneS_JaneTest1,,,,,,,LeftFemale_LeftShine,,response-race-5,White
7,1586383626496,08/04/2020 22:07:06,1586383626475,-7,08/04/2020 15:07:06,15296,4,questionnaire-d7os,,4400760,5a454e442f91ec0001dcb66c,1246219,,complete,,5e8e4967672c83109f9276da,computer,Desktop or Laptop,Windows 10,Edge 18.18363,1366x768,1350x655,Pass,Demographics,1,Yes,Pass,Pass,,,Mixed_AustinSet1_AustinSH_JaneS_JaneTest1,,,,,,,LeftFemale_LeftShine,,END QUESTIONNAIRE,14686
1,1586383749827,08/04/2020 22:09:09,1586383840795,-4,08/04/2020 18:10:40,15296,4,questionnaire-d7os,,4400910,5cc619058d2a1e001785c3aa,1246107,,complete,,5e8e493e5763b20baf8740fd,computer,Desktop or Laptop,Windows 10,Chrome 80.0.3987.163,1920x1080,1920x937,Pass,Demographics,1,Yes,Pass,Pass,,,Mixed_JaneSet1_AustinSH_JaneS_JaneTest1,,,,,,,,LeftFemale_LeftSign,BEGIN QUESTIONNAIRE,
2,1586383756766,08/04/2020 22:09:16,1586383847781,-4,08/04/2020 18:10:47,15296,4,questionnaire-d7os,,4400910,5cc619058d2a1e001785c3aa,1246107,,complete,,5e8e493e5763b20baf8740fd,computer,Desktop or Laptop,Windows 10,Chrome 80.0.3987.163,1920x1080,1920x937,Pass,Demographics,1,Yes,Pass,Pass,,,Mixed_JaneSet1_AustinSH_JaneS_JaneTest1,,,,,,,,LeftFemale_LeftSign,response-accent-2,Southern
3,1586383756891,08/04/2020 22:09:16,1586383847782,-4,08/04/2020 18:10:47,15296,4,questionnaire-d7os,,4400910,5cc619058d2a1e001785c3aa,1246107,,complete,,5e8e493e5763b20baf8740fd,computer,Desktop or Laptop,Windows 10,Chrome 80.0.3987.163,1920x1080,1920x937,Pass,Demographics,1,Yes,Pass,Pass,,,Mixed_JaneSet1_AustinSH_JaneS_JaneTest1,,,,,,,,LeftFemale_LeftSign,response-accent-text,
4,1586383756891,08/04/2020 22:09:16,1586383847782,-4,08/04/2020 18:10:47,15296,4,questionnaire-d7os,,4400910,5cc619058d2a1e001785c3aa,1246107,,complete,,5e8e493e5763b20baf8740fd,computer,Desktop or Laptop,Windows 10,Chrome 80.0.3987.163,1920x1080,1920x937,Pass,Demographics,1,Yes,Pass,Pass,,,Mixed_JaneSet1_AustinSH_JaneS_JaneTest1,,,,,,,,LeftFemale_LeftSign,response-sex-2,Male
5,1586383756891,08/04/2020 22:09:16,1586383847782,-4,08/04/2020 18:10:47,15296,4,questionnaire-d7os,,4400910,5cc619058d2a1e001785c3aa,1246107,,complete,,5e8e493e5763b20baf8740fd,computer,Desktop or Laptop,Windows 10,Chrome 80.0.3987.163,1920x1080,1920x937,Pass,Demographics,1,Yes,Pass,Pass,,,Mixed_JaneSet1_AustinSH_JaneS_JaneTest1,,,,,,,,LeftFemale_LeftSign,response-ethnicity-2,Not Hispanic or Latino
6,1586383756891,08/04/2020 22:09:16,1586383847782,-4,08/04/2020 18:10:47,15296,4,questionnaire-d7os,,4400910,5cc619058d2a1e001785c3aa,1246107,,complete,,5e8e493e5763b20baf8740fd,computer,Desktop or Laptop,Windows 10,Chrome 80.0.3987.163,1920x1080,1920x937,Pass,Demographics,1,Yes,Pass,Pass,,,Mixed_JaneSet1_AustinSH_JaneS_JaneTest1,,,,,,,,LeftFemale_LeftSign,response-race-5,White
7,1586383756891,08/04/2020 22:09:16,1586383847782,-4,08/04/2020 18:10:47,15296,4,questionnaire-d7os,,4400910,5cc619058d2a1e001785c3aa,1246107,,complete,,5e8e493e5763b20baf8740fd,computer,Desktop or Laptop,Windows 10,Chrome 80.0.3987.163,1920x1080,1920x937,Pass,Demographics,1,Yes,Pass,Pass,,,Mixed_JaneSet1_AustinSH_JaneS_JaneTest1,,,,,,,,LeftFemale_LeftSign,END QUESTIONNAIRE,6987
1,1586383822597,08/04/2020 22:10:22,1586383822413,-4,08/04/2020 18:10:22,15296,4,questionnaire-d7os,,4401008,5e7bf5421c5c21000cc7b6e3,1246173,,complete,,5e8e493742d2cd0fbbf18fdb,computer,Desktop or Laptop,Mac OS 10.14.6,Safari 13.0.5,2560x1440,2184x1274,Pass,Demographics,1,Yes,Fail,Pass,Pass,,Mixed_AustinSet1_AustinS_JaneSH_AustinTest1,LeftMale_LeftShine,,,,,,,,BEGIN QUESTIONNAIRE,
2,1586383878843,08/04/2020 22:11:18,1586383878755,-4,08/04/2020 18:11:18,15296,4,questionnaire-d7os,,4401008,5e7bf5421c5c21000cc7b6e3,1246173,,complete,,5e8e493742d2cd0fbbf18fdb,computer,Desktop or Laptop,Mac OS 10.14.6,Safari 13.0.5,2560x1440,2184x1274,Pass,Demographics,1,Yes,Fail,Pass,Pass,,Mixed_AustinSet1_AustinS_JaneSH_AustinTest1,LeftMale_LeftShine,,,,,,,,response-accent-2,Southern
3,1586383879092,08/04/2020 22:11:19,1586383878756,-4,08/04/2020 18:11:18,15296,4,questionnaire-d7os,,4401008,5e7bf5421c5c21000cc7b6e3,1246173,,complete,,5e8e493742d2cd0fbbf18fdb,computer,Desktop or Laptop,Mac OS 10.14.6,Safari 13.0.5,2560x1440,2184x1274,Pass,Demographics,1,Yes,Fail,Pass,Pass,,Mixed_AustinSet1_AustinS_JaneSH_AustinTest1,LeftMale_LeftShine,,,,,,,,response-accent-text,
4,1586383879092,08/04/2020 22:11:19,1586383878756,-4,08/04/2020 18:11:18,15296,4,questionnaire-d7os,,4401008,5e7bf5421c5c21000cc7b6e3,1246173,,complete,,5e8e493742d2cd0fbbf18fdb,computer,Desktop or Laptop,Mac OS 10.14.6,Safari 13.0.5,2560x1440,2184x1274,Pass,Demographics,1,Yes,Fail,Pass,Pass,,Mixed_AustinSet1_AustinS_JaneSH_AustinTest1,LeftMale_LeftShine,,,,,,,,response-sex-1,Female
5,1586383879092,08/04/2020 22:11:19,1586383878756,-4,08/04/2020 18:11:18,15296,4,questionnaire-d7os,,4401008,5e7bf5421c5c21000cc7b6e3,1246173,,complete,,5e8e493742d2cd0fbbf18fdb,computer,Desktop or Laptop,Mac OS 10.14.6,Safari 13.0.5,2560x1440,2184x1274,Pass,Demographics,1,Yes,Fail,Pass,Pass,,Mixed_AustinSet1_AustinS_JaneSH_AustinTest1,LeftMale_LeftShine,,,,,,,,response-ethnicity-2,Not Hispanic or Latino
6,1586383879092,08/04/2020 22:11:19,1586383878756,-4,08/04/2020 18:11:18,15296,4,questionnaire-d7os,,4401008,5e7bf5421c5c21000cc7b6e3,1246173,,complete,,5e8e493742d2cd0fbbf18fdb,computer,Desktop or Laptop,Mac OS 10.14.6,Safari 13.0.5,2560x1440,2184x1274,Pass,Demographics,1,Yes,Fail,Pass,Pass,,Mixed_AustinSet1_AustinS_JaneSH_AustinTest1,LeftMale_LeftShine,,,,,,,,response-race-4,Black or African American
7,1586383879092,08/04/2020 22:11:19,1586383878756,-4,08/04/2020 18:11:18,15296,4,questionnaire-d7os,,4401008,5e7bf5421c5c21000cc7b6e3,1246173,,complete,,5e8e493742d2cd0fbbf18fdb,computer,Desktop or Laptop,Mac OS 10.14.6,Safari 13.0.5,2560x1440,2184x1274,Pass,Demographics,1,Yes,Fail,Pass,Pass,,Mixed_AustinSet1_AustinS_JaneSH_AustinTest1,LeftMale_LeftShine,,,,,,,,END QUESTIONNAIRE,56343
1,1586383875967,08/04/2020 22:11:15,1586383902195,-4,08/04/2020 18:11:42,15296,4,questionnaire-d7os,,4401083,5e73b2c44bccf231dc550e9b,1246232,,complete,,5e8e4967146f640cce0bb6c4,computer,Desktop or Laptop,Windows 7,Chrome 80.0.3987.149,1440x900,1440x789,Pass,Demographics,1,Yes,Pass,Pass,,,Mixed_AustinSet1_AustinSH_JaneS_AustinTest1,,,LeftMale_LeftShine,,,,,,BEGIN QUESTIONNAIRE,
2,1586383893733,08/04/2020 22:11:33,1586383920252,-4,08/04/2020 18:12:00,15296,4,questionnaire-d7os,,4401083,5e73b2c44bccf231dc550e9b,1246232,,complete,,5e8e4967146f640cce0bb6c4,computer,Desktop or Laptop,Windows 7,Chrome 80.0.3987.149,1440x900,1423x789,Pass,Demographics,1,Yes,Pass,Pass,,,Mixed_AustinSet1_AustinSH_JaneS_AustinTest1,,,LeftMale_LeftShine,,,,,,response-accent-2,Southern
3,1586383893890,08/04/2020 22:11:33,1586383920257,-4,08/04/2020 18:12:00,15296,4,questionnaire-d7os,,4401083,5e73b2c44bccf231dc550e9b,1246232,,complete,,5e8e4967146f640cce0bb6c4,computer,Desktop or Laptop,Windows 7,Chrome 80.0.3987.149,1440x900,1423x789,Pass,Demographics,1,Yes,Pass,Pass,,,Mixed_AustinSet1_AustinSH_JaneS_AustinTest1,,,LeftMale_LeftShine,,,,,,response-accent-text,
4,1586383893890,08/04/2020 22:11:33,1586383920257,-4,08/04/2020 18:12:00,15296,4,questionnaire-d7os,,4401083,5e73b2c44bccf231dc550e9b,1246232,,complete,,5e8e4967146f640cce0bb6c4,computer,Desktop or Laptop,Windows 7,Chrome 80.0.3987.149,1440x900,1423x789,Pass,Demographics,1,Yes,Pass,Pass,,,Mixed_AustinSet1_AustinSH_JaneS_AustinTest1,,,LeftMale_LeftShine,,,,,,response-sex-2,Male
5,1586383893890,08/04/2020 22:11:33,1586383920258,-4,08/04/2020 18:12:00,15296,4,questionnaire-d7os,,4401083,5e73b2c44bccf231dc550e9b,1246232,,complete,,5e8e4967146f640cce0bb6c4,computer,Desktop or Laptop,Windows 7,Chrome 80.0.3987.149,1440x900,1423x789,Pass,Demographics,1,Yes,Pass,Pass,,,Mixed_AustinSet1_AustinSH_JaneS_AustinTest1,,,LeftMale_LeftShine,,,,,,response-ethnicity-2,Not Hispanic or Latino
6,1586383893890,08/04/2020 22:11:33,1586383920259,-4,08/04/2020 18:12:00,15296,4,questionnaire-d7os,,4401083,5e73b2c44bccf231dc550e9b,1246232,,complete,,5e8e4967146f640cce0bb6c4,computer,Desktop or Laptop,Windows 7,Chrome 80.0.3987.149,1440x900,1423x789,Pass,Demographics,1,Yes,Pass,Pass,,,Mixed_AustinSet1_AustinSH_JaneS_AustinTest1,,,LeftMale_LeftShine,,,,,,response-race-5,White
7,1586383893890,08/04/2020 22:11:33,1586383920259,-4,08/04/2020 18:12:00,15296,4,questionnaire-d7os,,4401083,5e73b2c44bccf231dc550e9b,1246232,,complete,,5e8e4967146f640cce0bb6c4,computer,Desktop or Laptop,Windows 7,Chrome 80.0.3987.149,1440x900,1423x789,Pass,Demographics,1,Yes,Pass,Pass,,,Mixed_AustinSet1_AustinSH_JaneS_AustinTest1,,,LeftMale_LeftShine,,,,,,END QUESTIONNAIRE,18064
1,1586383921202,08/04/2020 22:12:01,1586383909230,-4,08/04/2020 18:11:49,15296,4,questionnaire-d7os,,4401150,5e50457db5592809a2a50cc4,1246204,,complete,,5e8e49616c1dea10ab62b43d,computer,Desktop or Laptop,Windows 7,Chrome 80.0.3987.163,1600x900,1600x757,Pass,Demographics,1,Yes,Fail,Pass,Pass,,Mixed_JaneSet1_AustinSH_JaneS_AustinTest1,,,,LeftFemale_LeftShine,,,,,BEGIN QUESTIONNAIRE,
2,1586383958300,08/04/2020 22:12:38,1586383946355,-4,08/04/2020 18:12:26,15296,4,questionnaire-d7os,,4401150,5e50457db5592809a2a50cc4,1246204,,complete,,5e8e49616c1dea10ab62b43d,computer,Desktop or Laptop,Windows 7,Chrome 80.0.3987.163,1600x900,1583x757,Pass,Demographics,1,Yes,Fail,Pass,Pass,,Mixed_JaneSet1_AustinSH_JaneS_AustinTest1,,,,LeftFemale_LeftShine,,,,,response-accent-7,Do not know
3,1586383958459,08/04/2020 22:12:38,1586383946359,-4,08/04/2020 18:12:26,15296,4,questionnaire-d7os,,4401150,5e50457db5592809a2a50cc4,1246204,,complete,,5e8e49616c1dea10ab62b43d,computer,Desktop or Laptop,Windows 7,Chrome 80.0.3987.163,1600x900,1583x757,Pass,Demographics,1,Yes,Fail,Pass,Pass,,Mixed_JaneSet1_AustinSH_JaneS_AustinTest1,,,,LeftFemale_LeftShine,,,,,response-accent-text,
4,1586383958459,08/04/2020 22:12:38,1586383946359,-4,08/04/2020 18:12:26,15296,4,questionnaire-d7os,,4401150,5e50457db5592809a2a50cc4,1246204,,complete,,5e8e49616c1dea10ab62b43d,computer,Desktop or Laptop,Windows 7,Chrome 80.0.3987.163,1600x900,1583x757,Pass,Demographics,1,Yes,Fail,Pass,Pass,,Mixed_JaneSet1_AustinSH_JaneS_AustinTest1,,,,LeftFemale_LeftShine,,,,,response-sex-2,Male
5,1586383958459,08/04/2020 22:12:38,1586383946359,-4,08/04/2020 18:12:26,15296,4,questionnaire-d7os,,4401150,5e50457db5592809a2a50cc4,1246204,,complete,,5e8e49616c1dea10ab62b43d,computer,Desktop or Laptop,Windows 7,Chrome 80.0.3987.163,1600x900,1583x757,Pass,Demographics,1,Yes,Fail,Pass,Pass,,Mixed_JaneSet1_AustinSH_JaneS_AustinTest1,,,,LeftFemale_LeftShine,,,,,response-ethnicity-2,Not Hispanic or Latino
6,1586383958459,08/04/2020 22:12:38,1586383946360,-4,08/04/2020 18:12:26,15296,4,questionnaire-d7os,,4401150,5e50457db5592809a2a50cc4,1246204,,complete,,5e8e49616c1dea10ab62b43d,computer,Desktop or Laptop,Windows 7,Chrome 80.0.3987.163,1600x900,1583x757,Pass,Demographics,1,Yes,Fail,Pass,Pass,,Mixed_JaneSet1_AustinSH_JaneS_AustinTest1,,,,LeftFemale_LeftShine,,,,,response-race-1,American Indian/Alaska Native
7,1586383958459,08/04/2020 22:12:38,1586383946361,-4,08/04/2020 18:12:26,15296,4,questionnaire-d7os,,4401150,5e50457db5592809a2a50cc4,1246204,,complete,,5e8e49616c1dea10ab62b43d,computer,Desktop or Laptop,Windows 7,Chrome 80.0.3987.163,1600x900,1583x757,Pass,Demographics,1,Yes,Fail,Pass,Pass,,Mixed_JaneSet1_AustinSH_JaneS_AustinTest1,,,,LeftFemale_LeftShine,,,,,response-race-5,White
8,1586383958459,08/04/2020 22:12:38,1586383946362,-4,08/04/2020 18:12:26,15296,4,questionnaire-d7os,,4401150,5e50457db5592809a2a50cc4,1246204,,complete,,5e8e49616c1dea10ab62b43d,computer,Desktop or Laptop,Windows 7,Chrome 80.0.3987.163,1600x900,1583x757,Pass,Demographics,1,Yes,Fail,Pass,Pass,,Mixed_JaneSet1_AustinSH_JaneS_AustinTest1,,,,LeftFemale_LeftShine,,,,,END QUESTIONNAIRE,37132
1,1586383990693,08/04/2020 22:13:10,1586383990669,-5,08/04/2020 17:13:10,15296,4,questionnaire-d7os,,4401247,5d6fbd3f9ba41b0018d20082,1246234,,complete,,5e8e4978473d040f9156a4a0,computer,Desktop or Laptop,Windows 10,Chrome 80.0.3987.149,1360x768,1360x695,Pass,Demographics,1,Yes,Pass,Pass,,,Mixed_AustinSet1_AustinS_JaneSH_AustinTest1,LeftFemale_LeftSign,,,,,,,,BEGIN QUESTIONNAIRE,
2,1586384003083,08/04/2020 22:13:23,1586384003124,-5,08/04/2020 17:13:23,15296,4,questionnaire-d7os,,4401247,5d6fbd3f9ba41b0018d20082,1246234,,complete,,5e8e4978473d040f9156a4a0,computer,Desktop or Laptop,Windows 10,Chrome 80.0.3987.149,1360x768,1343x695,Pass,Demographics,1,Yes,Pass,Pass,,,Mixed_AustinSet1_AustinS_JaneSH_AustinTest1,LeftFemale_LeftSign,,,,,,,,response-accent-3,Midwestern
3,1586384003258,08/04/2020 22:13:23,1586384003127,-5,08/04/2020 17:13:23,15296,4,questionnaire-d7os,,4401247,5d6fbd3f9ba41b0018d20082,1246234,,complete,,5e8e4978473d040f9156a4a0,computer,Desktop or Laptop,Windows 10,Chrome 80.0.3987.149,1360x768,1343x695,Pass,Demographics,1,Yes,Pass,Pass,,,Mixed_AustinSet1_AustinS_JaneSH_AustinTest1,LeftFemale_LeftSign,,,,,,,,response-accent-text,
4,1586384003258,08/04/2020 22:13:23,1586384003127,-5,08/04/2020 17:13:23,15296,4,questionnaire-d7os,,4401247,5d6fbd3f9ba41b0018d20082,1246234,,complete,,5e8e4978473d040f9156a4a0,computer,Desktop or Laptop,Windows 10,Chrome 80.0.3987.149,1360x768,1343x695,Pass,Demographics,1,Yes,Pass,Pass,,,Mixed_AustinSet1_AustinS_JaneSH_AustinTest1,LeftFemale_LeftSign,,,,,,,,response-sex-2,Male
5,1586384003258,08/04/2020 22:13:23,1586384003127,-5,08/04/2020 17:13:23,15296,4,questionnaire-d7os,,4401247,5d6fbd3f9ba41b0018d20082,1246234,,complete,,5e8e4978473d040f9156a4a0,computer,Desktop or Laptop,Windows 10,Chrome 80.0.3987.149,1360x768,1343x695,Pass,Demographics,1,Yes,Pass,Pass,,,Mixed_AustinSet1_AustinS_JaneSH_AustinTest1,LeftFemale_LeftSign,,,,,,,,response-ethnicity-2,Not Hispanic or Latino
6,1586384003258,08/04/2020 22:13:23,1586384003127,-5,08/04/2020 17:13:23,15296,4,questionnaire-d7os,,4401247,5d6fbd3f9ba41b0018d20082,1246234,,complete,,5e8e4978473d040f9156a4a0,computer,Desktop or Laptop,Windows 10,Chrome 80.0.3987.149,1360x768,1343x695,Pass,Demographics,1,Yes,Pass,Pass,,,Mixed_AustinSet1_AustinS_JaneSH_AustinTest1,LeftFemale_LeftSign,,,,,,,,response-race-5,White
7,1586384003258,08/04/2020 22:13:23,1586384003128,-5,08/04/2020 17:13:23,15296,4,questionnaire-d7os,,4401247,5d6fbd3f9ba41b0018d20082,1246234,,complete,,5e8e4978473d040f9156a4a0,computer,Desktop or Laptop,Windows 10,Chrome 80.0.3987.149,1360x768,1343x695,Pass,Demographics,1,Yes,Pass,Pass,,,Mixed_AustinSet1_AustinS_JaneSH_AustinTest1,LeftFemale_LeftSign,,,,,,,,END QUESTIONNAIRE,12459
1,1586384194166,08/04/2020 22:16:34,1586384193924,-4,08/04/2020 18:16:33,15296,4,questionnaire-d7os,,4401470,5c2fcd716ea6880001dc8e3d,1246244,,complete,,5e8e4c5429529110756a02e5,computer,Desktop or Laptop,Windows 10,Edge 18.18362,1920x1080,1197x859,Pass,Demographics,1,Yes,Pass,Pass,,,Mixed_AustinSet1_AustinS_JaneSH_JaneTest1,,,,,LeftMale_LeftShine,,,,BEGIN QUESTIONNAIRE,
2,1586384206654,08/04/2020 22:16:46,1586384206450,-4,08/04/2020 18:16:46,15296,4,questionnaire-d7os,,4401470,5c2fcd716ea6880001dc8e3d,1246244,,complete,,5e8e4c5429529110756a02e5,computer,Desktop or Laptop,Windows 10,Edge 18.18362,1920x1080,1181x859,Pass,Demographics,1,Yes,Pass,Pass,,,Mixed_AustinSet1_AustinS_JaneSH_JaneTest1,,,,,LeftMale_LeftShine,,,,response-accent-1,New England
3,1586384206763,08/04/2020 22:16:46,1586384206451,-4,08/04/2020 18:16:46,15296,4,questionnaire-d7os,,4401470,5c2fcd716ea6880001dc8e3d,1246244,,complete,,5e8e4c5429529110756a02e5,computer,Desktop or Laptop,Windows 10,Edge 18.18362,1920x1080,1181x859,Pass,Demographics,1,Yes,Pass,Pass,,,Mixed_AustinSet1_AustinS_JaneSH_JaneTest1,,,,,LeftMale_LeftShine,,,,response-accent-text,
4,1586384206763,08/04/2020 22:16:46,1586384206451,-4,08/04/2020 18:16:46,15296,4,questionnaire-d7os,,4401470,5c2fcd716ea6880001dc8e3d,1246244,,complete,,5e8e4c5429529110756a02e5,computer,Desktop or Laptop,Windows 10,Edge 18.18362,1920x1080,1181x859,Pass,Demographics,1,Yes,Pass,Pass,,,Mixed_AustinSet1_AustinS_JaneSH_JaneTest1,,,,,LeftMale_LeftShine,,,,response-sex-1,Female
5,1586384206763,08/04/2020 22:16:46,1586384206451,-4,08/04/2020 18:16:46,15296,4,questionnaire-d7os,,4401470,5c2fcd716ea6880001dc8e3d,1246244,,complete,,5e8e4c5429529110756a02e5,computer,Desktop or Laptop,Windows 10,Edge 18.18362,1920x1080,1181x859,Pass,Demographics,1,Yes,Pass,Pass,,,Mixed_AustinSet1_AustinS_JaneSH_JaneTest1,,,,,LeftMale_LeftShine,,,,response-ethnicity-2,Not Hispanic or Latino
6,1586384206763,08/04/2020 22:16:46,1586384206451,-4,08/04/2020 18:16:46,15296,4,questionnaire-d7os,,4401470,5c2fcd716ea6880001dc8e3d,1246244,,complete,,5e8e4c5429529110756a02e5,computer,Desktop or Laptop,Windows 10,Edge 18.18362,1920x1080,1181x859,Pass,Demographics,1,Yes,Pass,Pass,,,Mixed_AustinSet1_AustinS_JaneSH_JaneTest1,,,,,LeftMale_LeftShine,,,,response-race-5,White
7,1586384206763,08/04/2020 22:16:46,1586384206451,-4,08/04/2020 18:16:46,15296,4,questionnaire-d7os,,4401470,5c2fcd716ea6880001dc8e3d,1246244,,complete,,5e8e4c5429529110756a02e5,computer,Desktop or Laptop,Windows 10,Edge 18.18362,1920x1080,1181x859,Pass,Demographics,1,Yes,Pass,Pass,,,Mixed_AustinSet1_AustinS_JaneSH_JaneTest1,,,,,LeftMale_LeftShine,,,,END QUESTIONNAIRE,12527
1,1586384503888,08/04/2020 22:21:43,1586384528715,-5,08/04/2020 17:22:08,15296,4,questionnaire-d7os,,4401620,5e7c8b692730910008c30b5d,1246242,,complete,,5e8e49688818170cde653bf2,computer,Desktop or Laptop,Windows 10,Chrome 80.0.3987.163,1920x1080,1920x969,Pass,Demographics,1,Yes,Pass,Pass,,,Mixed_JaneSet1_AustinS_JaneSH_JaneTest1,,,,,,LeftMale_LeftShine,,,BEGIN QUESTIONNAIRE,
2,1586384564088,08/04/2020 22:22:44,1586384588945,-5,08/04/2020 17:23:08,15296,4,questionnaire-d7os,,4401620,5e7c8b692730910008c30b5d,1246242,,complete,,5e8e49688818170cde653bf2,computer,Desktop or Laptop,Windows 10,Chrome 80.0.3987.163,1920x1080,1920x969,Pass,Demographics,1,Yes,Pass,Pass,,,Mixed_JaneSet1_AustinS_JaneSH_JaneTest1,,,,,,LeftMale_LeftShine,,,response-accent-2,Southern
3,1586384564322,08/04/2020 22:22:44,1586384588948,-5,08/04/2020 17:23:08,15296,4,questionnaire-d7os,,4401620,5e7c8b692730910008c30b5d,1246242,,complete,,5e8e49688818170cde653bf2,computer,Desktop or Laptop,Windows 10,Chrome 80.0.3987.163,1920x1080,1920x969,Pass,Demographics,1,Yes,Pass,Pass,,,Mixed_JaneSet1_AustinS_JaneSH_JaneTest1,,,,,,LeftMale_LeftShine,,,response-accent-text,
4,1586384564322,08/04/2020 22:22:44,1586384588948,-5,08/04/2020 17:23:08,15296,4,questionnaire-d7os,,4401620,5e7c8b692730910008c30b5d,1246242,,complete,,5e8e49688818170cde653bf2,computer,Desktop or Laptop,Windows 10,Chrome 80.0.3987.163,1920x1080,1920x969,Pass,Demographics,1,Yes,Pass,Pass,,,Mixed_JaneSet1_AustinS_JaneSH_JaneTest1,,,,,,LeftMale_LeftShine,,,response-sex-1,Female
5,1586384564322,08/04/2020 22:22:44,1586384588949,-5,08/04/2020 17:23:08,15296,4,questionnaire-d7os,,4401620,5e7c8b692730910008c30b5d,1246242,,complete,,5e8e49688818170cde653bf2,computer,Desktop or Laptop,Windows 10,Chrome 80.0.3987.163,1920x1080,1920x969,Pass,Demographics,1,Yes,Pass,Pass,,,Mixed_JaneSet1_AustinS_JaneSH_JaneTest1,,,,,,LeftMale_LeftShine,,,response-ethnicity-2,Not Hispanic or Latino
6,1586384564322,08/04/2020 22:22:44,1586384588949,-5,08/04/2020 17:23:08,15296,4,questionnaire-d7os,,4401620,5e7c8b692730910008c30b5d,1246242,,complete,,5e8e49688818170cde653bf2,computer,Desktop or Laptop,Windows 10,Chrome 80.0.3987.163,1920x1080,1920x969,Pass,Demographics,1,Yes,Pass,Pass,,,Mixed_JaneSet1_AustinS_JaneSH_JaneTest1,,,,,,LeftMale_LeftShine,,,response-race-4,Black or African American
7,1586384564322,08/04/2020 22:22:44,1586384588950,-5,08/04/2020 17:23:08,15296,4,questionnaire-d7os,,4401620,5e7c8b692730910008c30b5d,1246242,,complete,,5e8e49688818170cde653bf2,computer,Desktop or Laptop,Windows 10,Chrome 80.0.3987.163,1920x1080,1920x969,Pass,Demographics,1,Yes,Pass,Pass,,,Mixed_JaneSet1_AustinS_JaneSH_JaneTest1,,,,,,LeftMale_LeftShine,,,END QUESTIONNAIRE,60236
1,1586385856925,08/04/2020 22:44:16,1586385856268,-4,08/04/2020 18:44:16,15296,4,questionnaire-d7os,,4401779,5e3202b526c59107b213738b,1246295,,complete,,5e8e5383473d04105690971e,computer,Desktop or Laptop,Windows 10,Chrome 80.0.3987.163,1920x1080,1920x937,Pass,Demographics,1,Yes,Pass,Pass,,,Mixed_AustinSet1_AustinS_JaneSH_AustinTest1,LeftFemale_LeftShine,,,,,,,,BEGIN QUESTIONNAIRE,
2,1586385869172,08/04/2020 22:44:29,1586385868612,-4,08/04/2020 18:44:28,15296,4,questionnaire-d7os,,4401779,5e3202b526c59107b213738b,1246295,,complete,,5e8e5383473d04105690971e,computer,Desktop or Laptop,Windows 10,Chrome 80.0.3987.163,1920x1080,1920x937,Pass,Demographics,1,Yes,Pass,Pass,,,Mixed_AustinSet1_AustinS_JaneSH_AustinTest1,LeftFemale_LeftShine,,,,,,,,response-accent-1,New England
3,1586385869313,08/04/2020 22:44:29,1586385868613,-4,08/04/2020 18:44:28,15296,4,questionnaire-d7os,,4401779,5e3202b526c59107b213738b,1246295,,complete,,5e8e5383473d04105690971e,computer,Desktop or Laptop,Windows 10,Chrome 80.0.3987.163,1920x1080,1920x937,Pass,Demographics,1,Yes,Pass,Pass,,,Mixed_AustinSet1_AustinS_JaneSH_AustinTest1,LeftFemale_LeftShine,,,,,,,,response-accent-text,
4,1586385869313,08/04/2020 22:44:29,1586385868613,-4,08/04/2020 18:44:28,15296,4,questionnaire-d7os,,4401779,5e3202b526c59107b213738b,1246295,,complete,,5e8e5383473d04105690971e,computer,Desktop or Laptop,Windows 10,Chrome 80.0.3987.163,1920x1080,1920x937,Pass,Demographics,1,Yes,Pass,Pass,,,Mixed_AustinSet1_AustinS_JaneSH_AustinTest1,LeftFemale_LeftShine,,,,,,,,response-sex-2,Male
5,1586385869313,08/04/2020 22:44:29,1586385868613,-4,08/04/2020 18:44:28,15296,4,questionnaire-d7os,,4401779,5e3202b526c59107b213738b,1246295,,complete,,5e8e5383473d04105690971e,computer,Desktop or Laptop,Windows 10,Chrome 80.0.3987.163,1920x1080,1920x937,Pass,Demographics,1,Yes,Pass,Pass,,,Mixed_AustinSet1_AustinS_JaneSH_AustinTest1,LeftFemale_LeftShine,,,,,,,,response-ethnicity-2,Not Hispanic or Latino
6,1586385869313,08/04/2020 22:44:29,1586385868613,-4,08/04/2020 18:44:28,15296,4,questionnaire-d7os,,4401779,5e3202b526c59107b213738b,1246295,,complete,,5e8e5383473d04105690971e,computer,Desktop or Laptop,Windows 10,Chrome 80.0.3987.163,1920x1080,1920x937,Pass,Demographics,1,Yes,Pass,Pass,,,Mixed_AustinSet1_AustinS_JaneSH_AustinTest1,LeftFemale_LeftShine,,,,,,,,response-race-5,White
7,1586385869313,08/04/2020 22:44:29,1586385868613,-4,08/04/2020 18:44:28,15296,4,questionnaire-d7os,,4401779,5e3202b526c59107b213738b,1246295,,complete,,5e8e5383473d04105690971e,computer,Desktop or Laptop,Windows 10,Chrome 80.0.3987.163,1920x1080,1920x937,Pass,Demographics,1,Yes,Pass,Pass,,,Mixed_AustinSet1_AustinS_JaneSH_AustinTest1,LeftFemale_LeftShine,,,,,,,,END QUESTIONNAIRE,12345
END OF FILE
