﻿Event Index,UTC Timestamp,UTC Date,Local Timestamp,Local Timezone,Local Date,Experiment ID,Experiment Version,Tree Node Key,Repeat Key,Schedule ID,Participant Public ID,Participant Private ID,Participant Starting Group,Participant Status,Participant Completion Code,Participant External Session ID,Participant Device Type,Participant Device,Participant OS,Participant Browser,Participant Monitor Size,Participant Viewport Size,Checkpoint,Task Name,Task Version,branch-9edj,branch-ee59,checkpoint-7g4v,branch-52fz,checkpoint-irp3,randomiser-czzd,randomiser-hvq1,randomiser-7do6,randomiser-o6lu,randomiser-b834,randomiser-gfgd,randomiser-ml5o,randomiser-mulp,randomiser-didj,Question Key,Response
1,1586477921530,10/04/2020 00:18:41,1586477920857,-4,09/04/2020 20:18:40,15296,5,questionnaire-d7os,,4417173,5e6bb76b2649e016e007d773,1250759,,complete,,5e8fb9f342d2cd2bbfe41d4f,computer,Desktop or Laptop,Chromium OS 12739.105.0,Chrome 80.0.3987.158,1366x768,1366x609,Pass,Demographics,1,Yes,Pass,Pass,,,Mixed_AustinSet1_AustinSH_JaneS_JaneTest1,,,,,,,LeftMale_LeftShine,,BEGIN QUESTIONNAIRE,
2,1586477935628,10/04/2020 00:18:55,1586477934919,-4,09/04/2020 20:18:54,15296,5,questionnaire-d7os,,4417173,5e6bb76b2649e016e007d773,1250759,,complete,,5e8fb9f342d2cd2bbfe41d4f,computer,Desktop or Laptop,Chromium OS 12739.105.0,Chrome 80.0.3987.158,1366x768,1366x609,Pass,Demographics,1,Yes,Pass,Pass,,,Mixed_AustinSet1_AustinSH_JaneS_JaneTest1,,,,,,,LeftMale_LeftShine,,response-accent-3,Midwestern
3,1586477935956,10/04/2020 00:18:55,1586477934923,-4,09/04/2020 20:18:54,15296,5,questionnaire-d7os,,4417173,5e6bb76b2649e016e007d773,1250759,,complete,,5e8fb9f342d2cd2bbfe41d4f,computer,Desktop or Laptop,Chromium OS 12739.105.0,Chrome 80.0.3987.158,1366x768,1366x609,Pass,Demographics,1,Yes,Pass,Pass,,,Mixed_AustinSet1_AustinSH_JaneS_JaneTest1,,,,,,,LeftMale_LeftShine,,response-accent-text,
4,1586477935956,10/04/2020 00:18:55,1586477934924,-4,09/04/2020 20:18:54,15296,5,questionnaire-d7os,,4417173,5e6bb76b2649e016e007d773,1250759,,complete,,5e8fb9f342d2cd2bbfe41d4f,computer,Desktop or Laptop,Chromium OS 12739.105.0,Chrome 80.0.3987.158,1366x768,1366x609,Pass,Demographics,1,Yes,Pass,Pass,,,Mixed_AustinSet1_AustinSH_JaneS_JaneTest1,,,,,,,LeftMale_LeftShine,,response-sex-1,Female
5,1586477935956,10/04/2020 00:18:55,1586477934924,-4,09/04/2020 20:18:54,15296,5,questionnaire-d7os,,4417173,5e6bb76b2649e016e007d773,1250759,,complete,,5e8fb9f342d2cd2bbfe41d4f,computer,Desktop or Laptop,Chromium OS 12739.105.0,Chrome 80.0.3987.158,1366x768,1366x609,Pass,Demographics,1,Yes,Pass,Pass,,,Mixed_AustinSet1_AustinSH_JaneS_JaneTest1,,,,,,,LeftMale_LeftShine,,response-ethnicity-2,Not Hispanic or Latino
6,1586477935956,10/04/2020 00:18:55,1586477934925,-4,09/04/2020 20:18:54,15296,5,questionnaire-d7os,,4417173,5e6bb76b2649e016e007d773,1250759,,complete,,5e8fb9f342d2cd2bbfe41d4f,computer,Desktop or Laptop,Chromium OS 12739.105.0,Chrome 80.0.3987.158,1366x768,1366x609,Pass,Demographics,1,Yes,Pass,Pass,,,Mixed_AustinSet1_AustinSH_JaneS_JaneTest1,,,,,,,LeftMale_LeftShine,,response-race-5,White
7,1586477935956,10/04/2020 00:18:55,1586477934926,-4,09/04/2020 20:18:54,15296,5,questionnaire-d7os,,4417173,5e6bb76b2649e016e007d773,1250759,,complete,,5e8fb9f342d2cd2bbfe41d4f,computer,Desktop or Laptop,Chromium OS 12739.105.0,Chrome 80.0.3987.158,1366x768,1366x609,Pass,Demographics,1,Yes,Pass,Pass,,,Mixed_AustinSet1_AustinSH_JaneS_JaneTest1,,,,,,,LeftMale_LeftShine,,END QUESTIONNAIRE,14070
1,1586479980353,10/04/2020 00:53:00,1586479983725,-4,09/04/2020 20:53:03,15296,5,questionnaire-d7os,,4417211,5d953133a3dc06001b78935b,1250779,,complete,,5e8fc2f549a5ba2c38405639,computer,Desktop or Laptop,Windows 10,Chrome 80.0.3987.163,1536x864,1536x722,Pass,Demographics,1,Yes,Pass,Pass,,,Mixed_JaneSet1_AustinS_JaneSH_AustinTest1,,LeftMale_LeftSign,,,,,,,BEGIN QUESTIONNAIRE,
2,1586480018616,10/04/2020 00:53:38,1586480022039,-4,09/04/2020 20:53:42,15296,5,questionnaire-d7os,,4417211,5d953133a3dc06001b78935b,1250779,,complete,,5e8fc2f549a5ba2c38405639,computer,Desktop or Laptop,Windows 10,Chrome 80.0.3987.163,1536x864,1519x722,Pass,Demographics,1,Yes,Pass,Pass,,,Mixed_JaneSet1_AustinS_JaneSH_AustinTest1,,LeftMale_LeftSign,,,,,,,response-accent-2,Southern
3,1586480018835,10/04/2020 00:53:38,1586480022041,-4,09/04/2020 20:53:42,15296,5,questionnaire-d7os,,4417211,5d953133a3dc06001b78935b,1250779,,complete,,5e8fc2f549a5ba2c38405639,computer,Desktop or Laptop,Windows 10,Chrome 80.0.3987.163,1536x864,1519x722,Pass,Demographics,1,Yes,Pass,Pass,,,Mixed_JaneSet1_AustinS_JaneSH_AustinTest1,,LeftMale_LeftSign,,,,,,,response-accent-3,Midwestern
4,1586480018835,10/04/2020 00:53:38,1586480022042,-4,09/04/2020 20:53:42,15296,5,questionnaire-d7os,,4417211,5d953133a3dc06001b78935b,1250779,,complete,,5e8fc2f549a5ba2c38405639,computer,Desktop or Laptop,Windows 10,Chrome 80.0.3987.163,1536x864,1519x722,Pass,Demographics,1,Yes,Pass,Pass,,,Mixed_JaneSet1_AustinS_JaneSH_AustinTest1,,LeftMale_LeftSign,,,,,,,response-accent-text,
5,1586480018835,10/04/2020 00:53:38,1586480022042,-4,09/04/2020 20:53:42,15296,5,questionnaire-d7os,,4417211,5d953133a3dc06001b78935b,1250779,,complete,,5e8fc2f549a5ba2c38405639,computer,Desktop or Laptop,Windows 10,Chrome 80.0.3987.163,1536x864,1519x722,Pass,Demographics,1,Yes,Pass,Pass,,,Mixed_JaneSet1_AustinS_JaneSH_AustinTest1,,LeftMale_LeftSign,,,,,,,response-sex-1,Female
6,1586480018835,10/04/2020 00:53:38,1586480022042,-4,09/04/2020 20:53:42,15296,5,questionnaire-d7os,,4417211,5d953133a3dc06001b78935b,1250779,,complete,,5e8fc2f549a5ba2c38405639,computer,Desktop or Laptop,Windows 10,Chrome 80.0.3987.163,1536x864,1519x722,Pass,Demographics,1,Yes,Pass,Pass,,,Mixed_JaneSet1_AustinS_JaneSH_AustinTest1,,LeftMale_LeftSign,,,,,,,response-ethnicity-2,Not Hispanic or Latino
7,1586480018835,10/04/2020 00:53:38,1586480022043,-4,09/04/2020 20:53:42,15296,5,questionnaire-d7os,,4417211,5d953133a3dc06001b78935b,1250779,,complete,,5e8fc2f549a5ba2c38405639,computer,Desktop or Laptop,Windows 10,Chrome 80.0.3987.163,1536x864,1519x722,Pass,Demographics,1,Yes,Pass,Pass,,,Mixed_JaneSet1_AustinS_JaneSH_AustinTest1,,LeftMale_LeftSign,,,,,,,response-race-5,White
8,1586480018835,10/04/2020 00:53:38,1586480022043,-4,09/04/2020 20:53:42,15296,5,questionnaire-d7os,,4417211,5d953133a3dc06001b78935b,1250779,,complete,,5e8fc2f549a5ba2c38405639,computer,Desktop or Laptop,Windows 10,Chrome 80.0.3987.163,1536x864,1519x722,Pass,Demographics,1,Yes,Pass,Pass,,,Mixed_JaneSet1_AustinS_JaneSH_AustinTest1,,LeftMale_LeftSign,,,,,,,END QUESTIONNAIRE,38319
1,1586480106988,10/04/2020 00:55:06,1586480105775,-5,09/04/2020 19:55:05,15296,5,questionnaire-d7os,,4417215,5b90379fda6b6a000107637d,1250778,,complete,,5e8fc303e6812e2b5bad1261,computer,Desktop or Laptop,Android 7.0,Chrome 80.0.3987.119,962x601,962x433,Pass,Demographics,1,Yes,Pass,Pass,,,Mixed_AustinSet1_AustinS_JaneSH_AustinTest1,LeftMale_LeftSign,,,,,,,,BEGIN QUESTIONNAIRE,
2,1586480128472,10/04/2020 00:55:28,1586480127318,-5,09/04/2020 19:55:27,15296,5,questionnaire-d7os,,4417215,5b90379fda6b6a000107637d,1250778,,complete,,5e8fc303e6812e2b5bad1261,computer,Desktop or Laptop,Android 7.0,Chrome 80.0.3987.119,962x601,962x433,Pass,Demographics,1,Yes,Pass,Pass,,,Mixed_AustinSet1_AustinS_JaneSH_AustinTest1,LeftMale_LeftSign,,,,,,,,response-accent-3,Midwestern
3,1586480128644,10/04/2020 00:55:28,1586480127323,-5,09/04/2020 19:55:27,15296,5,questionnaire-d7os,,4417215,5b90379fda6b6a000107637d,1250778,,complete,,5e8fc303e6812e2b5bad1261,computer,Desktop or Laptop,Android 7.0,Chrome 80.0.3987.119,962x601,962x433,Pass,Demographics,1,Yes,Pass,Pass,,,Mixed_AustinSet1_AustinS_JaneSH_AustinTest1,LeftMale_LeftSign,,,,,,,,response-accent-text,
4,1586480128644,10/04/2020 00:55:28,1586480127324,-5,09/04/2020 19:55:27,15296,5,questionnaire-d7os,,4417215,5b90379fda6b6a000107637d,1250778,,complete,,5e8fc303e6812e2b5bad1261,computer,Desktop or Laptop,Android 7.0,Chrome 80.0.3987.119,962x601,962x433,Pass,Demographics,1,Yes,Pass,Pass,,,Mixed_AustinSet1_AustinS_JaneSH_AustinTest1,LeftMale_LeftSign,,,,,,,,response-sex-1,Female
5,1586480128644,10/04/2020 00:55:28,1586480127325,-5,09/04/2020 19:55:27,15296,5,questionnaire-d7os,,4417215,5b90379fda6b6a000107637d,1250778,,complete,,5e8fc303e6812e2b5bad1261,computer,Desktop or Laptop,Android 7.0,Chrome 80.0.3987.119,962x601,962x433,Pass,Demographics,1,Yes,Pass,Pass,,,Mixed_AustinSet1_AustinS_JaneSH_AustinTest1,LeftMale_LeftSign,,,,,,,,response-ethnicity-2,Not Hispanic or Latino
6,1586480128644,10/04/2020 00:55:28,1586480127325,-5,09/04/2020 19:55:27,15296,5,questionnaire-d7os,,4417215,5b90379fda6b6a000107637d,1250778,,complete,,5e8fc303e6812e2b5bad1261,computer,Desktop or Laptop,Android 7.0,Chrome 80.0.3987.119,962x601,962x433,Pass,Demographics,1,Yes,Pass,Pass,,,Mixed_AustinSet1_AustinS_JaneSH_AustinTest1,LeftMale_LeftSign,,,,,,,,response-race-5,White
7,1586480128644,10/04/2020 00:55:28,1586480127326,-5,09/04/2020 19:55:27,15296,5,questionnaire-d7os,,4417215,5b90379fda6b6a000107637d,1250778,,complete,,5e8fc303e6812e2b5bad1261,computer,Desktop or Laptop,Android 7.0,Chrome 80.0.3987.119,962x601,962x433,Pass,Demographics,1,Yes,Pass,Pass,,,Mixed_AustinSet1_AustinS_JaneSH_AustinTest1,LeftMale_LeftSign,,,,,,,,END QUESTIONNAIRE,21552
1,1586480859885,10/04/2020 01:07:39,1586480859718,-4,09/04/2020 21:07:39,15296,5,questionnaire-d7os,,4417234,5c32d4860091e40001cc7d1c,1250791,,complete,,5e8fc44f1bd6f713d5394cc2,computer,Desktop or Laptop,Mac OS 10.15.3,Chrome 80.0.3987.149,1440x900,1440x788,Pass,Demographics,1,Yes,Pass,Pass,,,Mixed_JaneSet1_AustinSH_JaneS_JaneTest1,,,,,,,,LeftFemale_LeftShine,BEGIN QUESTIONNAIRE,
2,1586480875295,10/04/2020 01:07:55,1586480875217,-4,09/04/2020 21:07:55,15296,5,questionnaire-d7os,,4417234,5c32d4860091e40001cc7d1c,1250791,,complete,,5e8fc44f1bd6f713d5394cc2,computer,Desktop or Laptop,Mac OS 10.15.3,Chrome 80.0.3987.149,1440x900,1440x788,Pass,Demographics,1,Yes,Pass,Pass,,,Mixed_JaneSet1_AustinSH_JaneS_JaneTest1,,,,,,,,LeftFemale_LeftShine,response-accent-3,Midwestern
3,1586480875467,10/04/2020 01:07:55,1586480875219,-4,09/04/2020 21:07:55,15296,5,questionnaire-d7os,,4417234,5c32d4860091e40001cc7d1c,1250791,,complete,,5e8fc44f1bd6f713d5394cc2,computer,Desktop or Laptop,Mac OS 10.15.3,Chrome 80.0.3987.149,1440x900,1440x788,Pass,Demographics,1,Yes,Pass,Pass,,,Mixed_JaneSet1_AustinSH_JaneS_JaneTest1,,,,,,,,LeftFemale_LeftShine,response-accent-text,
4,1586480875467,10/04/2020 01:07:55,1586480875219,-4,09/04/2020 21:07:55,15296,5,questionnaire-d7os,,4417234,5c32d4860091e40001cc7d1c,1250791,,complete,,5e8fc44f1bd6f713d5394cc2,computer,Desktop or Laptop,Mac OS 10.15.3,Chrome 80.0.3987.149,1440x900,1440x788,Pass,Demographics,1,Yes,Pass,Pass,,,Mixed_JaneSet1_AustinSH_JaneS_JaneTest1,,,,,,,,LeftFemale_LeftShine,response-sex-2,Male
5,1586480875467,10/04/2020 01:07:55,1586480875219,-4,09/04/2020 21:07:55,15296,5,questionnaire-d7os,,4417234,5c32d4860091e40001cc7d1c,1250791,,complete,,5e8fc44f1bd6f713d5394cc2,computer,Desktop or Laptop,Mac OS 10.15.3,Chrome 80.0.3987.149,1440x900,1440x788,Pass,Demographics,1,Yes,Pass,Pass,,,Mixed_JaneSet1_AustinSH_JaneS_JaneTest1,,,,,,,,LeftFemale_LeftShine,response-ethnicity-2,Not Hispanic or Latino
6,1586480875467,10/04/2020 01:07:55,1586480875219,-4,09/04/2020 21:07:55,15296,5,questionnaire-d7os,,4417234,5c32d4860091e40001cc7d1c,1250791,,complete,,5e8fc44f1bd6f713d5394cc2,computer,Desktop or Laptop,Mac OS 10.15.3,Chrome 80.0.3987.149,1440x900,1440x788,Pass,Demographics,1,Yes,Pass,Pass,,,Mixed_JaneSet1_AustinSH_JaneS_JaneTest1,,,,,,,,LeftFemale_LeftShine,response-race-5,White
7,1586480875467,10/04/2020 01:07:55,1586480875219,-4,09/04/2020 21:07:55,15296,5,questionnaire-d7os,,4417234,5c32d4860091e40001cc7d1c,1250791,,complete,,5e8fc44f1bd6f713d5394cc2,computer,Desktop or Laptop,Mac OS 10.15.3,Chrome 80.0.3987.149,1440x900,1440x788,Pass,Demographics,1,Yes,Pass,Pass,,,Mixed_JaneSet1_AustinSH_JaneS_JaneTest1,,,,,,,,LeftFemale_LeftShine,END QUESTIONNAIRE,15501
1,1586481553020,10/04/2020 01:19:13,1586481552859,-7,09/04/2020 18:19:12,15296,5,questionnaire-d7os,,4417247,5dc97276b98b12697204526d,1250795,,complete,,5e8fc913eca0a02ce5db97f8,computer,Desktop or Laptop,Mac OS 10.12.6,Chrome 78.0.3904.108,1024x640,1024x502,Pass,Demographics,1,Yes,Pass,Pass,,,Mixed_JaneSet1_AustinSH_JaneS_AustinTest1,,,,LeftFemale_LeftSign,,,,,BEGIN QUESTIONNAIRE,
2,1586481691745,10/04/2020 01:21:31,1586481691411,-7,09/04/2020 18:21:31,15296,5,questionnaire-d7os,,4417247,5dc97276b98b12697204526d,1250795,,complete,,5e8fc913eca0a02ce5db97f8,computer,Desktop or Laptop,Mac OS 10.12.6,Chrome 78.0.3904.108,1024x640,1024x502,Pass,Demographics,1,Yes,Pass,Pass,,,Mixed_JaneSet1_AustinSH_JaneS_AustinTest1,,,,LeftFemale_LeftSign,,,,,response-accent-3,Midwestern
3,1586481691916,10/04/2020 01:21:31,1586481691413,-7,09/04/2020 18:21:31,15296,5,questionnaire-d7os,,4417247,5dc97276b98b12697204526d,1250795,,complete,,5e8fc913eca0a02ce5db97f8,computer,Desktop or Laptop,Mac OS 10.12.6,Chrome 78.0.3904.108,1024x640,1024x502,Pass,Demographics,1,Yes,Pass,Pass,,,Mixed_JaneSet1_AustinSH_JaneS_AustinTest1,,,,LeftFemale_LeftSign,,,,,response-accent-4,Pacific northwest
4,1586481691916,10/04/2020 01:21:31,1586481691413,-7,09/04/2020 18:21:31,15296,5,questionnaire-d7os,,4417247,5dc97276b98b12697204526d,1250795,,complete,,5e8fc913eca0a02ce5db97f8,computer,Desktop or Laptop,Mac OS 10.12.6,Chrome 78.0.3904.108,1024x640,1024x502,Pass,Demographics,1,Yes,Pass,Pass,,,Mixed_JaneSet1_AustinSH_JaneS_AustinTest1,,,,LeftFemale_LeftSign,,,,,response-accent-text,
5,1586481691916,10/04/2020 01:21:31,1586481691413,-7,09/04/2020 18:21:31,15296,5,questionnaire-d7os,,4417247,5dc97276b98b12697204526d,1250795,,complete,,5e8fc913eca0a02ce5db97f8,computer,Desktop or Laptop,Mac OS 10.12.6,Chrome 78.0.3904.108,1024x640,1024x502,Pass,Demographics,1,Yes,Pass,Pass,,,Mixed_JaneSet1_AustinSH_JaneS_AustinTest1,,,,LeftFemale_LeftSign,,,,,response-sex-2,Male
6,1586481691916,10/04/2020 01:21:31,1586481691413,-7,09/04/2020 18:21:31,15296,5,questionnaire-d7os,,4417247,5dc97276b98b12697204526d,1250795,,complete,,5e8fc913eca0a02ce5db97f8,computer,Desktop or Laptop,Mac OS 10.12.6,Chrome 78.0.3904.108,1024x640,1024x502,Pass,Demographics,1,Yes,Pass,Pass,,,Mixed_JaneSet1_AustinSH_JaneS_AustinTest1,,,,LeftFemale_LeftSign,,,,,response-ethnicity-2,Not Hispanic or Latino
7,1586481691916,10/04/2020 01:21:31,1586481691413,-7,09/04/2020 18:21:31,15296,5,questionnaire-d7os,,4417247,5dc97276b98b12697204526d,1250795,,complete,,5e8fc913eca0a02ce5db97f8,computer,Desktop or Laptop,Mac OS 10.12.6,Chrome 78.0.3904.108,1024x640,1024x502,Pass,Demographics,1,Yes,Pass,Pass,,,Mixed_JaneSet1_AustinSH_JaneS_AustinTest1,,,,LeftFemale_LeftSign,,,,,response-race-4,Black or African American
8,1586481691916,10/04/2020 01:21:31,1586481691414,-7,09/04/2020 18:21:31,15296,5,questionnaire-d7os,,4417247,5dc97276b98b12697204526d,1250795,,complete,,5e8fc913eca0a02ce5db97f8,computer,Desktop or Laptop,Mac OS 10.12.6,Chrome 78.0.3904.108,1024x640,1024x502,Pass,Demographics,1,Yes,Pass,Pass,,,Mixed_JaneSet1_AustinSH_JaneS_AustinTest1,,,,LeftFemale_LeftSign,,,,,END QUESTIONNAIRE,138555
1,1586482463917,10/04/2020 01:34:23,1586482464634,-7,09/04/2020 18:34:24,15296,5,questionnaire-d7os,,4417277,5dbf81ecd8191041283a9378,1250803,,complete,,5e8fcbe09b5ff02d175068b6,computer,Desktop or Laptop,Windows 10,Chrome 80.0.3987.149,1600x900,1600x827,Pass,Demographics,1,Yes,Fail,Pass,Pass,,Mixed_AustinSet1_AustinSH_JaneS_AustinTest1,,,LeftFemale_LeftSign,,,,,,BEGIN QUESTIONNAIRE,
2,1586482569064,10/04/2020 01:36:09,1586482569846,-7,09/04/2020 18:36:09,15296,5,questionnaire-d7os,,4417277,5dbf81ecd8191041283a9378,1250803,,complete,,5e8fcbe09b5ff02d175068b6,computer,Desktop or Laptop,Windows 10,Chrome 80.0.3987.149,1600x900,1583x827,Pass,Demographics,1,Yes,Fail,Pass,Pass,,Mixed_AustinSet1_AustinSH_JaneS_AustinTest1,,,LeftFemale_LeftSign,,,,,,response-accent-7,Do not know
3,1586482569315,10/04/2020 01:36:09,1586482569850,-7,09/04/2020 18:36:09,15296,5,questionnaire-d7os,,4417277,5dbf81ecd8191041283a9378,1250803,,complete,,5e8fcbe09b5ff02d175068b6,computer,Desktop or Laptop,Windows 10,Chrome 80.0.3987.149,1600x900,1583x827,Pass,Demographics,1,Yes,Fail,Pass,Pass,,Mixed_AustinSet1_AustinSH_JaneS_AustinTest1,,,LeftFemale_LeftSign,,,,,,response-accent-text,
4,1586482569315,10/04/2020 01:36:09,1586482569851,-7,09/04/2020 18:36:09,15296,5,questionnaire-d7os,,4417277,5dbf81ecd8191041283a9378,1250803,,complete,,5e8fcbe09b5ff02d175068b6,computer,Desktop or Laptop,Windows 10,Chrome 80.0.3987.149,1600x900,1583x827,Pass,Demographics,1,Yes,Fail,Pass,Pass,,Mixed_AustinSet1_AustinSH_JaneS_AustinTest1,,,LeftFemale_LeftSign,,,,,,response-sex-2,Male
5,1586482569315,10/04/2020 01:36:09,1586482569851,-7,09/04/2020 18:36:09,15296,5,questionnaire-d7os,,4417277,5dbf81ecd8191041283a9378,1250803,,complete,,5e8fcbe09b5ff02d175068b6,computer,Desktop or Laptop,Windows 10,Chrome 80.0.3987.149,1600x900,1583x827,Pass,Demographics,1,Yes,Fail,Pass,Pass,,Mixed_AustinSet1_AustinSH_JaneS_AustinTest1,,,LeftFemale_LeftSign,,,,,,response-ethnicity-2,Not Hispanic or Latino
6,1586482569315,10/04/2020 01:36:09,1586482569852,-7,09/04/2020 18:36:09,15296,5,questionnaire-d7os,,4417277,5dbf81ecd8191041283a9378,1250803,,complete,,5e8fcbe09b5ff02d175068b6,computer,Desktop or Laptop,Windows 10,Chrome 80.0.3987.149,1600x900,1583x827,Pass,Demographics,1,Yes,Fail,Pass,Pass,,Mixed_AustinSet1_AustinSH_JaneS_AustinTest1,,,LeftFemale_LeftSign,,,,,,response-race-5,White
7,1586482569315,10/04/2020 01:36:09,1586482569853,-7,09/04/2020 18:36:09,15296,5,questionnaire-d7os,,4417277,5dbf81ecd8191041283a9378,1250803,,complete,,5e8fcbe09b5ff02d175068b6,computer,Desktop or Laptop,Windows 10,Chrome 80.0.3987.149,1600x900,1583x827,Pass,Demographics,1,Yes,Fail,Pass,Pass,,Mixed_AustinSet1_AustinSH_JaneS_AustinTest1,,,LeftFemale_LeftSign,,,,,,END QUESTIONNAIRE,105218
1,1586482645088,10/04/2020 01:37:25,1586482645636,-4,09/04/2020 21:37:25,15296,5,questionnaire-d7os,,4417285,5de86cf9cdff8e7edaf31148,1250808,,complete,,5e8fcbfda6620c00096affe1,computer,Desktop or Laptop,Windows 10,Chrome 80.0.3987.163,1536x864,1536x722,Pass,Demographics,1,Yes,Pass,Pass,,,Mixed_AustinSet1_AustinS_JaneSH_AustinTest1,LeftMale_LeftShine,,,,,,,,BEGIN QUESTIONNAIRE,
2,1586482680118,10/04/2020 01:38:00,1586482680707,-4,09/04/2020 21:38:00,15296,5,questionnaire-d7os,,4417285,5de86cf9cdff8e7edaf31148,1250808,,complete,,5e8fcbfda6620c00096affe1,computer,Desktop or Laptop,Windows 10,Chrome 80.0.3987.163,1536x864,1519x722,Pass,Demographics,1,Yes,Pass,Pass,,,Mixed_AustinSet1_AustinS_JaneSH_AustinTest1,LeftMale_LeftShine,,,,,,,,response-accent-7,Do not know
3,1586482680290,10/04/2020 01:38:00,1586482680708,-4,09/04/2020 21:38:00,15296,5,questionnaire-d7os,,4417285,5de86cf9cdff8e7edaf31148,1250808,,complete,,5e8fcbfda6620c00096affe1,computer,Desktop or Laptop,Windows 10,Chrome 80.0.3987.163,1536x864,1519x722,Pass,Demographics,1,Yes,Pass,Pass,,,Mixed_AustinSet1_AustinS_JaneSH_AustinTest1,LeftMale_LeftShine,,,,,,,,response-accent-text,
4,1586482680290,10/04/2020 01:38:00,1586482680708,-4,09/04/2020 21:38:00,15296,5,questionnaire-d7os,,4417285,5de86cf9cdff8e7edaf31148,1250808,,complete,,5e8fcbfda6620c00096affe1,computer,Desktop or Laptop,Windows 10,Chrome 80.0.3987.163,1536x864,1519x722,Pass,Demographics,1,Yes,Pass,Pass,,,Mixed_AustinSet1_AustinS_JaneSH_AustinTest1,LeftMale_LeftShine,,,,,,,,response-sex-1,Female
5,1586482680290,10/04/2020 01:38:00,1586482680708,-4,09/04/2020 21:38:00,15296,5,questionnaire-d7os,,4417285,5de86cf9cdff8e7edaf31148,1250808,,complete,,5e8fcbfda6620c00096affe1,computer,Desktop or Laptop,Windows 10,Chrome 80.0.3987.163,1536x864,1519x722,Pass,Demographics,1,Yes,Pass,Pass,,,Mixed_AustinSet1_AustinS_JaneSH_AustinTest1,LeftMale_LeftShine,,,,,,,,response-ethnicity-2,Not Hispanic or Latino
6,1586482680290,10/04/2020 01:38:00,1586482680709,-4,09/04/2020 21:38:00,15296,5,questionnaire-d7os,,4417285,5de86cf9cdff8e7edaf31148,1250808,,complete,,5e8fcbfda6620c00096affe1,computer,Desktop or Laptop,Windows 10,Chrome 80.0.3987.163,1536x864,1519x722,Pass,Demographics,1,Yes,Pass,Pass,,,Mixed_AustinSet1_AustinS_JaneSH_AustinTest1,LeftMale_LeftShine,,,,,,,,response-race-4,Black or African American
7,1586482680290,10/04/2020 01:38:00,1586482680709,-4,09/04/2020 21:38:00,15296,5,questionnaire-d7os,,4417285,5de86cf9cdff8e7edaf31148,1250808,,complete,,5e8fcbfda6620c00096affe1,computer,Desktop or Laptop,Windows 10,Chrome 80.0.3987.163,1536x864,1519x722,Pass,Demographics,1,Yes,Pass,Pass,,,Mixed_AustinSet1_AustinS_JaneSH_AustinTest1,LeftMale_LeftShine,,,,,,,,END QUESTIONNAIRE,35073
1,1586482754910,10/04/2020 01:39:14,1586482755026,-4,09/04/2020 21:39:15,15296,5,questionnaire-d7os,,4417290,5ccc73d1449e950016505786,1250816,,complete,,5e8fcdd7e6812e2bc654b821,computer,Desktop or Laptop,Windows 10,Chrome 80.0.3987.163,1536x864,1536x754,Pass,Demographics,1,Yes,Pass,Pass,,,Mixed_JaneSet1_AustinSH_JaneS_AustinTest1,,,,LeftMale_LeftShine,,,,,BEGIN QUESTIONNAIRE,
2,1586482782431,10/04/2020 01:39:42,1586482782601,-4,09/04/2020 21:39:42,15296,5,questionnaire-d7os,,4417290,5ccc73d1449e950016505786,1250816,,complete,,5e8fcdd7e6812e2bc654b821,computer,Desktop or Laptop,Windows 10,Chrome 80.0.3987.163,1536x864,1519x754,Pass,Demographics,1,Yes,Pass,Pass,,,Mixed_JaneSet1_AustinSH_JaneS_AustinTest1,,,,LeftMale_LeftShine,,,,,response-accent-1,New England
3,1586482782650,10/04/2020 01:39:42,1586482782606,-4,09/04/2020 21:39:42,15296,5,questionnaire-d7os,,4417290,5ccc73d1449e950016505786,1250816,,complete,,5e8fcdd7e6812e2bc654b821,computer,Desktop or Laptop,Windows 10,Chrome 80.0.3987.163,1536x864,1519x754,Pass,Demographics,1,Yes,Pass,Pass,,,Mixed_JaneSet1_AustinSH_JaneS_AustinTest1,,,,LeftMale_LeftShine,,,,,response-accent-text,
4,1586482782650,10/04/2020 01:39:42,1586482782607,-4,09/04/2020 21:39:42,15296,5,questionnaire-d7os,,4417290,5ccc73d1449e950016505786,1250816,,complete,,5e8fcdd7e6812e2bc654b821,computer,Desktop or Laptop,Windows 10,Chrome 80.0.3987.163,1536x864,1519x754,Pass,Demographics,1,Yes,Pass,Pass,,,Mixed_JaneSet1_AustinSH_JaneS_AustinTest1,,,,LeftMale_LeftShine,,,,,response-sex-1,Female
5,1586482782650,10/04/2020 01:39:42,1586482782608,-4,09/04/2020 21:39:42,15296,5,questionnaire-d7os,,4417290,5ccc73d1449e950016505786,1250816,,complete,,5e8fcdd7e6812e2bc654b821,computer,Desktop or Laptop,Windows 10,Chrome 80.0.3987.163,1536x864,1519x754,Pass,Demographics,1,Yes,Pass,Pass,,,Mixed_JaneSet1_AustinSH_JaneS_AustinTest1,,,,LeftMale_LeftShine,,,,,response-ethnicity-2,Not Hispanic or Latino
6,1586482782650,10/04/2020 01:39:42,1586482782608,-4,09/04/2020 21:39:42,15296,5,questionnaire-d7os,,4417290,5ccc73d1449e950016505786,1250816,,complete,,5e8fcdd7e6812e2bc654b821,computer,Desktop or Laptop,Windows 10,Chrome 80.0.3987.163,1536x864,1519x754,Pass,Demographics,1,Yes,Pass,Pass,,,Mixed_JaneSet1_AustinSH_JaneS_AustinTest1,,,,LeftMale_LeftShine,,,,,response-race-5,White
7,1586482782650,10/04/2020 01:39:42,1586482782609,-4,09/04/2020 21:39:42,15296,5,questionnaire-d7os,,4417290,5ccc73d1449e950016505786,1250816,,complete,,5e8fcdd7e6812e2bc654b821,computer,Desktop or Laptop,Windows 10,Chrome 80.0.3987.163,1536x864,1519x754,Pass,Demographics,1,Yes,Pass,Pass,,,Mixed_JaneSet1_AustinSH_JaneS_AustinTest1,,,,LeftMale_LeftShine,,,,,END QUESTIONNAIRE,27583
1,1586482971648,10/04/2020 01:42:51,1586482971540,-4,09/04/2020 21:42:51,15296,5,questionnaire-d7os,,4417309,5e0778d4a2c6960f444058fa,1250825,,complete,,5e8fceb19eeb7a2d53442766,computer,Desktop or Laptop,Mac OS 10.13.6,Chrome 80.0.3987.132,1440x900,1408x750,Pass,Demographics,1,Yes,Pass,Pass,,,Mixed_JaneSet1_AustinS_JaneSH_AustinTest1,,LeftFemale_LeftSign,,,,,,,BEGIN QUESTIONNAIRE,
2,1586482990294,10/04/2020 01:43:10,1586482990240,-4,09/04/2020 21:43:10,15296,5,questionnaire-d7os,,4417309,5e0778d4a2c6960f444058fa,1250825,,complete,,5e8fceb19eeb7a2d53442766,computer,Desktop or Laptop,Mac OS 10.13.6,Chrome 80.0.3987.132,1440x900,1408x750,Pass,Demographics,1,Yes,Pass,Pass,,,Mixed_JaneSet1_AustinS_JaneSH_AustinTest1,,LeftFemale_LeftSign,,,,,,,response-accent-3,Midwestern
3,1586482990597,10/04/2020 01:43:10,1586482990242,-4,09/04/2020 21:43:10,15296,5,questionnaire-d7os,,4417309,5e0778d4a2c6960f444058fa,1250825,,complete,,5e8fceb19eeb7a2d53442766,computer,Desktop or Laptop,Mac OS 10.13.6,Chrome 80.0.3987.132,1440x900,1408x750,Pass,Demographics,1,Yes,Pass,Pass,,,Mixed_JaneSet1_AustinS_JaneSH_AustinTest1,,LeftFemale_LeftSign,,,,,,,response-accent-text,
4,1586482990597,10/04/2020 01:43:10,1586482990242,-4,09/04/2020 21:43:10,15296,5,questionnaire-d7os,,4417309,5e0778d4a2c6960f444058fa,1250825,,complete,,5e8fceb19eeb7a2d53442766,computer,Desktop or Laptop,Mac OS 10.13.6,Chrome 80.0.3987.132,1440x900,1408x750,Pass,Demographics,1,Yes,Pass,Pass,,,Mixed_JaneSet1_AustinS_JaneSH_AustinTest1,,LeftFemale_LeftSign,,,,,,,response-sex-1,Female
5,1586482990597,10/04/2020 01:43:10,1586482990242,-4,09/04/2020 21:43:10,15296,5,questionnaire-d7os,,4417309,5e0778d4a2c6960f444058fa,1250825,,complete,,5e8fceb19eeb7a2d53442766,computer,Desktop or Laptop,Mac OS 10.13.6,Chrome 80.0.3987.132,1440x900,1408x750,Pass,Demographics,1,Yes,Pass,Pass,,,Mixed_JaneSet1_AustinS_JaneSH_AustinTest1,,LeftFemale_LeftSign,,,,,,,response-ethnicity-2,Not Hispanic or Latino
6,1586482990597,10/04/2020 01:43:10,1586482990242,-4,09/04/2020 21:43:10,15296,5,questionnaire-d7os,,4417309,5e0778d4a2c6960f444058fa,1250825,,complete,,5e8fceb19eeb7a2d53442766,computer,Desktop or Laptop,Mac OS 10.13.6,Chrome 80.0.3987.132,1440x900,1408x750,Pass,Demographics,1,Yes,Pass,Pass,,,Mixed_JaneSet1_AustinS_JaneSH_AustinTest1,,LeftFemale_LeftSign,,,,,,,response-race-1,American Indian/Alaska Native
7,1586482990597,10/04/2020 01:43:10,1586482990242,-4,09/04/2020 21:43:10,15296,5,questionnaire-d7os,,4417309,5e0778d4a2c6960f444058fa,1250825,,complete,,5e8fceb19eeb7a2d53442766,computer,Desktop or Laptop,Mac OS 10.13.6,Chrome 80.0.3987.132,1440x900,1408x750,Pass,Demographics,1,Yes,Pass,Pass,,,Mixed_JaneSet1_AustinS_JaneSH_AustinTest1,,LeftFemale_LeftSign,,,,,,,response-race-5,White
8,1586482990597,10/04/2020 01:43:10,1586482990242,-4,09/04/2020 21:43:10,15296,5,questionnaire-d7os,,4417309,5e0778d4a2c6960f444058fa,1250825,,complete,,5e8fceb19eeb7a2d53442766,computer,Desktop or Laptop,Mac OS 10.13.6,Chrome 80.0.3987.132,1440x900,1408x750,Pass,Demographics,1,Yes,Pass,Pass,,,Mixed_JaneSet1_AustinS_JaneSH_AustinTest1,,LeftFemale_LeftSign,,,,,,,END QUESTIONNAIRE,18703
END OF FILE
