﻿Event Index,UTC Timestamp,UTC Date,Local Timestamp,Local Timezone,Local Date,Experiment ID,Experiment Version,Tree Node Key,Repeat Key,Schedule ID,Participant Public ID,Participant Private ID,Participant Starting Group,Participant Status,Participant Completion Code,Participant External Session ID,Participant Device Type,Participant Device,Participant OS,Participant Browser,Participant Monitor Size,Participant Viewport Size,Checkpoint,Task Name,Task Version,branch-9edj,branch-ee59,checkpoint-7g4v,branch-52fz,checkpoint-irp3,randomiser-czzd,randomiser-hvq1,randomiser-7do6,randomiser-o6lu,randomiser-b834,randomiser-gfgd,randomiser-ml5o,randomiser-mulp,randomiser-didj,Question Key,Response
1,1588710134034,05/05/2020 20:22:14,1588710134425,-4,05/05/2020 16:22:14,15296,8,questionnaire-t1fh,,4795931,5ea876f4ea2ee42be043746d,1358123,,complete,,5eb1cac37fc5b811036c2c5a,computer,Desktop or Laptop,Windows 10,Chrome 81.0.4044.129,1280x720,1280x578,Pass,Information-Sheet,2,Yes,Pass,Pass,,,Mixed_AustinSet1_AustinS_JaneSH_JaneTest1,,,,,LeftMale_LeftShine,,,,BEGIN QUESTIONNAIRE,
2,1588710179208,05/05/2020 20:22:59,1588710179637,-4,05/05/2020 16:22:59,15296,8,questionnaire-t1fh,,4795931,5ea876f4ea2ee42be043746d,1358123,,complete,,5eb1cac37fc5b811036c2c5a,computer,Desktop or Laptop,Windows 10,Chrome 81.0.4044.129,1280x720,1263x578,Pass,Information-Sheet,2,Yes,Pass,Pass,,,Mixed_AustinSet1_AustinS_JaneSH_JaneTest1,,,,,LeftMale_LeftShine,,,,consent,Yes
3,1588710179350,05/05/2020 20:22:59,1588710179639,-4,05/05/2020 16:22:59,15296,8,questionnaire-t1fh,,4795931,5ea876f4ea2ee42be043746d,1358123,,complete,,5eb1cac37fc5b811036c2c5a,computer,Desktop or Laptop,Windows 10,Chrome 81.0.4044.129,1280x720,1263x578,Pass,Information-Sheet,2,Yes,Pass,Pass,,,Mixed_AustinSet1_AustinS_JaneSH_JaneTest1,,,,,LeftMale_LeftShine,,,,consent-quantised,1
4,1588710179350,05/05/2020 20:22:59,1588710179639,-4,05/05/2020 16:22:59,15296,8,questionnaire-t1fh,,4795931,5ea876f4ea2ee42be043746d,1358123,,complete,,5eb1cac37fc5b811036c2c5a,computer,Desktop or Laptop,Windows 10,Chrome 81.0.4044.129,1280x720,1263x578,Pass,Information-Sheet,2,Yes,Pass,Pass,,,Mixed_AustinSet1_AustinS_JaneSH_JaneTest1,,,,,LeftMale_LeftShine,,,,END QUESTIONNAIRE,45214
1,1588775218154,06/05/2020 14:26:58,1588775217640,-5,06/05/2020 09:26:57,15296,8,questionnaire-t1fh,,4807662,5e42cd8ba3b8cc1602e23371,1366394,,complete,,5eb2c8ffd8bf9505ddd0f95b,computer,Desktop or Laptop,Windows 10,Chrome 81.0.4044.129,1440x900,1440x740,Pass,Information-Sheet,2,Yes,Pass,Pass,,,Mixed_AustinSet1_AustinS_JaneSH_JaneTest1,,,,,LeftMale_LeftShine,,,,BEGIN QUESTIONNAIRE,
2,1588775243318,06/05/2020 14:27:23,1588775242856,-5,06/05/2020 09:27:22,15296,8,questionnaire-t1fh,,4807662,5e42cd8ba3b8cc1602e23371,1366394,,complete,,5eb2c8ffd8bf9505ddd0f95b,computer,Desktop or Laptop,Windows 10,Chrome 81.0.4044.129,1440x900,1423x740,Pass,Information-Sheet,2,Yes,Pass,Pass,,,Mixed_AustinSet1_AustinS_JaneSH_JaneTest1,,,,,LeftMale_LeftShine,,,,consent,Yes
3,1588775243537,06/05/2020 14:27:23,1588775242857,-5,06/05/2020 09:27:22,15296,8,questionnaire-t1fh,,4807662,5e42cd8ba3b8cc1602e23371,1366394,,complete,,5eb2c8ffd8bf9505ddd0f95b,computer,Desktop or Laptop,Windows 10,Chrome 81.0.4044.129,1440x900,1423x740,Pass,Information-Sheet,2,Yes,Pass,Pass,,,Mixed_AustinSet1_AustinS_JaneSH_JaneTest1,,,,,LeftMale_LeftShine,,,,consent-quantised,1
4,1588775243537,06/05/2020 14:27:23,1588775242858,-5,06/05/2020 09:27:22,15296,8,questionnaire-t1fh,,4807662,5e42cd8ba3b8cc1602e23371,1366394,,complete,,5eb2c8ffd8bf9505ddd0f95b,computer,Desktop or Laptop,Windows 10,Chrome 81.0.4044.129,1440x900,1423x740,Pass,Information-Sheet,2,Yes,Pass,Pass,,,Mixed_AustinSet1_AustinS_JaneSH_JaneTest1,,,,,LeftMale_LeftShine,,,,END QUESTIONNAIRE,25218
END OF FILE
