﻿Event Index,UTC Timestamp,UTC Date,Local Timestamp,Local Timezone,Local Date,Experiment ID,Experiment Version,Tree Node Key,Repeat Key,Schedule ID,Participant Public ID,Participant Private ID,Participant Starting Group,Participant Status,Participant Completion Code,Participant External Session ID,Participant Device Type,Participant Device,Participant OS,Participant Browser,Participant Monitor Size,Participant Viewport Size,Checkpoint,Task Name,Task Version,branch-9edj,branch-ee59,checkpoint-7g4v,branch-52fz,checkpoint-irp3,randomiser-czzd,randomiser-hvq1,randomiser-7do6,randomiser-o6lu,randomiser-b834,randomiser-gfgd,randomiser-ml5o,randomiser-mulp,randomiser-didj,Question Key,Response
1,1586477790104,10/04/2020 00:16:30,1586477789385,-4,09/04/2020 20:16:29,15296,5,questionnaire-t1fh,,4417170,5e6bb76b2649e016e007d773,1250759,,complete,,5e8fb9f342d2cd2bbfe41d4f,computer,Desktop or Laptop,Chromium OS 12739.105.0,Chrome 80.0.3987.158,1366x768,1366x609,Pass,Information-Sheet,2,Yes,Pass,Pass,,,Mixed_AustinSet1_AustinSH_JaneS_JaneTest1,,,,,,,LeftMale_LeftShine,,BEGIN QUESTIONNAIRE,
2,1586477854301,10/04/2020 00:17:34,1586477853626,-4,09/04/2020 20:17:33,15296,5,questionnaire-t1fh,,4417170,5e6bb76b2649e016e007d773,1250759,,complete,,5e8fb9f342d2cd2bbfe41d4f,computer,Desktop or Laptop,Chromium OS 12739.105.0,Chrome 80.0.3987.158,1366x768,1366x609,Pass,Information-Sheet,2,Yes,Pass,Pass,,,Mixed_AustinSet1_AustinSH_JaneS_JaneTest1,,,,,,,LeftMale_LeftShine,,consent,Yes
3,1586477854489,10/04/2020 00:17:34,1586477853635,-4,09/04/2020 20:17:33,15296,5,questionnaire-t1fh,,4417170,5e6bb76b2649e016e007d773,1250759,,complete,,5e8fb9f342d2cd2bbfe41d4f,computer,Desktop or Laptop,Chromium OS 12739.105.0,Chrome 80.0.3987.158,1366x768,1366x609,Pass,Information-Sheet,2,Yes,Pass,Pass,,,Mixed_AustinSet1_AustinSH_JaneS_JaneTest1,,,,,,,LeftMale_LeftShine,,consent-quantised,1
4,1586477854489,10/04/2020 00:17:34,1586477853636,-4,09/04/2020 20:17:33,15296,5,questionnaire-t1fh,,4417170,5e6bb76b2649e016e007d773,1250759,,complete,,5e8fb9f342d2cd2bbfe41d4f,computer,Desktop or Laptop,Chromium OS 12739.105.0,Chrome 80.0.3987.158,1366x768,1366x609,Pass,Information-Sheet,2,Yes,Pass,Pass,,,Mixed_AustinSet1_AustinSH_JaneS_JaneTest1,,,,,,,LeftMale_LeftShine,,END QUESTIONNAIRE,64251
1,1586479893688,10/04/2020 00:51:33,1586479892464,-5,09/04/2020 19:51:32,15296,5,questionnaire-t1fh,,4417208,5b90379fda6b6a000107637d,1250778,,complete,,5e8fc303e6812e2b5bad1261,computer,Desktop or Laptop,Android 7.0,Chrome 80.0.3987.119,962x601,962x433,Pass,Information-Sheet,2,Yes,Pass,Pass,,,Mixed_AustinSet1_AustinS_JaneSH_AustinTest1,LeftMale_LeftSign,,,,,,,,BEGIN QUESTIONNAIRE,
2,1586479989566,10/04/2020 00:53:09,1586479988409,-5,09/04/2020 19:53:08,15296,5,questionnaire-t1fh,,4417208,5b90379fda6b6a000107637d,1250778,,complete,,5e8fc303e6812e2b5bad1261,computer,Desktop or Laptop,Android 7.0,Chrome 80.0.3987.119,962x601,962x433,Pass,Information-Sheet,2,Yes,Pass,Pass,,,Mixed_AustinSet1_AustinS_JaneSH_AustinTest1,LeftMale_LeftSign,,,,,,,,consent,Yes
3,1586479989738,10/04/2020 00:53:09,1586479988416,-5,09/04/2020 19:53:08,15296,5,questionnaire-t1fh,,4417208,5b90379fda6b6a000107637d,1250778,,complete,,5e8fc303e6812e2b5bad1261,computer,Desktop or Laptop,Android 7.0,Chrome 80.0.3987.119,962x601,962x433,Pass,Information-Sheet,2,Yes,Pass,Pass,,,Mixed_AustinSet1_AustinS_JaneSH_AustinTest1,LeftMale_LeftSign,,,,,,,,consent-quantised,1
4,1586479989738,10/04/2020 00:53:09,1586479988417,-5,09/04/2020 19:53:08,15296,5,questionnaire-t1fh,,4417208,5b90379fda6b6a000107637d,1250778,,complete,,5e8fc303e6812e2b5bad1261,computer,Desktop or Laptop,Android 7.0,Chrome 80.0.3987.119,962x601,962x433,Pass,Information-Sheet,2,Yes,Pass,Pass,,,Mixed_AustinSet1_AustinS_JaneSH_AustinTest1,LeftMale_LeftSign,,,,,,,,END QUESTIONNAIRE,95954
1,1586479916633,10/04/2020 00:51:56,1586479920027,-4,09/04/2020 20:52:00,15296,5,questionnaire-t1fh,,4417209,5d953133a3dc06001b78935b,1250779,,complete,,5e8fc2f549a5ba2c38405639,computer,Desktop or Laptop,Windows 10,Chrome 80.0.3987.163,1536x864,1536x722,Pass,Information-Sheet,2,Yes,Pass,Pass,,,Mixed_JaneSet1_AustinS_JaneSH_AustinTest1,,LeftMale_LeftSign,,,,,,,BEGIN QUESTIONNAIRE,
2,1586479928822,10/04/2020 00:52:08,1586479932111,-4,09/04/2020 20:52:12,15296,5,questionnaire-t1fh,,4417209,5d953133a3dc06001b78935b,1250779,,complete,,5e8fc2f549a5ba2c38405639,computer,Desktop or Laptop,Windows 10,Chrome 80.0.3987.163,1536x864,1519x722,Pass,Information-Sheet,2,Yes,Pass,Pass,,,Mixed_JaneSet1_AustinS_JaneSH_AustinTest1,,LeftMale_LeftSign,,,,,,,consent,Yes
3,1586479929025,10/04/2020 00:52:09,1586479932114,-4,09/04/2020 20:52:12,15296,5,questionnaire-t1fh,,4417209,5d953133a3dc06001b78935b,1250779,,complete,,5e8fc2f549a5ba2c38405639,computer,Desktop or Laptop,Windows 10,Chrome 80.0.3987.163,1536x864,1519x722,Pass,Information-Sheet,2,Yes,Pass,Pass,,,Mixed_JaneSet1_AustinS_JaneSH_AustinTest1,,LeftMale_LeftSign,,,,,,,consent-quantised,1
4,1586479929025,10/04/2020 00:52:09,1586479932115,-4,09/04/2020 20:52:12,15296,5,questionnaire-t1fh,,4417209,5d953133a3dc06001b78935b,1250779,,complete,,5e8fc2f549a5ba2c38405639,computer,Desktop or Laptop,Windows 10,Chrome 80.0.3987.163,1536x864,1519x722,Pass,Information-Sheet,2,Yes,Pass,Pass,,,Mixed_JaneSet1_AustinS_JaneSH_AustinTest1,,LeftMale_LeftSign,,,,,,,END QUESTIONNAIRE,12088
1,1586480750368,10/04/2020 01:05:50,1586480750225,-4,09/04/2020 21:05:50,15296,5,questionnaire-t1fh,,4417232,5c32d4860091e40001cc7d1c,1250791,,complete,,5e8fc44f1bd6f713d5394cc2,computer,Desktop or Laptop,Mac OS 10.15.3,Chrome 80.0.3987.149,1440x900,1440x744,Pass,Information-Sheet,2,Yes,Pass,Pass,,,Mixed_JaneSet1_AustinSH_JaneS_JaneTest1,,,,,,,,LeftFemale_LeftShine,BEGIN QUESTIONNAIRE,
2,1586480765321,10/04/2020 01:06:05,1586480765147,-4,09/04/2020 21:06:05,15296,5,questionnaire-t1fh,,4417232,5c32d4860091e40001cc7d1c,1250791,,complete,,5e8fc44f1bd6f713d5394cc2,computer,Desktop or Laptop,Mac OS 10.15.3,Chrome 80.0.3987.149,1440x900,1440x788,Pass,Information-Sheet,2,Yes,Pass,Pass,,,Mixed_JaneSet1_AustinSH_JaneS_JaneTest1,,,,,,,,LeftFemale_LeftShine,consent,Yes
3,1586480765494,10/04/2020 01:06:05,1586480765151,-4,09/04/2020 21:06:05,15296,5,questionnaire-t1fh,,4417232,5c32d4860091e40001cc7d1c,1250791,,complete,,5e8fc44f1bd6f713d5394cc2,computer,Desktop or Laptop,Mac OS 10.15.3,Chrome 80.0.3987.149,1440x900,1440x788,Pass,Information-Sheet,2,Yes,Pass,Pass,,,Mixed_JaneSet1_AustinSH_JaneS_JaneTest1,,,,,,,,LeftFemale_LeftShine,consent-quantised,1
4,1586480765494,10/04/2020 01:06:05,1586480765152,-4,09/04/2020 21:06:05,15296,5,questionnaire-t1fh,,4417232,5c32d4860091e40001cc7d1c,1250791,,complete,,5e8fc44f1bd6f713d5394cc2,computer,Desktop or Laptop,Mac OS 10.15.3,Chrome 80.0.3987.149,1440x900,1440x788,Pass,Information-Sheet,2,Yes,Pass,Pass,,,Mixed_JaneSet1_AustinSH_JaneS_JaneTest1,,,,,,,,LeftFemale_LeftShine,END QUESTIONNAIRE,14927
1,1586481450821,10/04/2020 01:17:30,1586481450158,-7,09/04/2020 18:17:30,15296,5,questionnaire-t1fh,,4417245,5dc97276b98b12697204526d,1250795,,complete,,5e8fc913eca0a02ce5db97f8,computer,Desktop or Laptop,Mac OS 10.12.6,Chrome 78.0.3904.108,1024x640,1024x502,Pass,Information-Sheet,2,Yes,Pass,Pass,,,Mixed_JaneSet1_AustinSH_JaneS_AustinTest1,,,,LeftFemale_LeftSign,,,,,BEGIN QUESTIONNAIRE,
2,1586481469295,10/04/2020 01:17:49,1586481468532,-7,09/04/2020 18:17:48,15296,5,questionnaire-t1fh,,4417245,5dc97276b98b12697204526d,1250795,,complete,,5e8fc913eca0a02ce5db97f8,computer,Desktop or Laptop,Mac OS 10.12.6,Chrome 78.0.3904.108,1024x640,1024x502,Pass,Information-Sheet,2,Yes,Pass,Pass,,,Mixed_JaneSet1_AustinSH_JaneS_AustinTest1,,,,LeftFemale_LeftSign,,,,,consent,Yes
3,1586481469466,10/04/2020 01:17:49,1586481468535,-7,09/04/2020 18:17:48,15296,5,questionnaire-t1fh,,4417245,5dc97276b98b12697204526d,1250795,,complete,,5e8fc913eca0a02ce5db97f8,computer,Desktop or Laptop,Mac OS 10.12.6,Chrome 78.0.3904.108,1024x640,1024x502,Pass,Information-Sheet,2,Yes,Pass,Pass,,,Mixed_JaneSet1_AustinSH_JaneS_AustinTest1,,,,LeftFemale_LeftSign,,,,,consent-quantised,1
4,1586481469466,10/04/2020 01:17:49,1586481468535,-7,09/04/2020 18:17:48,15296,5,questionnaire-t1fh,,4417245,5dc97276b98b12697204526d,1250795,,complete,,5e8fc913eca0a02ce5db97f8,computer,Desktop or Laptop,Mac OS 10.12.6,Chrome 78.0.3904.108,1024x640,1024x502,Pass,Information-Sheet,2,Yes,Pass,Pass,,,Mixed_JaneSet1_AustinSH_JaneS_AustinTest1,,,,LeftFemale_LeftSign,,,,,END QUESTIONNAIRE,18377
1,1586482226611,10/04/2020 01:30:26,1586482227342,-7,09/04/2020 18:30:27,15296,5,questionnaire-t1fh,,4417262,5dbf81ecd8191041283a9378,1250803,,complete,,5e8fcbe09b5ff02d175068b6,computer,Desktop or Laptop,Windows 10,Chrome 80.0.3987.149,1600x900,1600x827,Pass,Information-Sheet,2,Yes,Fail,Pass,Pass,,Mixed_AustinSet1_AustinSH_JaneS_AustinTest1,,,LeftFemale_LeftSign,,,,,,BEGIN QUESTIONNAIRE,
2,1586482281511,10/04/2020 01:31:21,1586482282265,-7,09/04/2020 18:31:22,15296,5,questionnaire-t1fh,,4417262,5dbf81ecd8191041283a9378,1250803,,complete,,5e8fcbe09b5ff02d175068b6,computer,Desktop or Laptop,Windows 10,Chrome 80.0.3987.149,1600x900,1583x827,Pass,Information-Sheet,2,Yes,Fail,Pass,Pass,,Mixed_AustinSet1_AustinSH_JaneS_AustinTest1,,,LeftFemale_LeftSign,,,,,,consent,Yes
3,1586482281715,10/04/2020 01:31:21,1586482282268,-7,09/04/2020 18:31:22,15296,5,questionnaire-t1fh,,4417262,5dbf81ecd8191041283a9378,1250803,,complete,,5e8fcbe09b5ff02d175068b6,computer,Desktop or Laptop,Windows 10,Chrome 80.0.3987.149,1600x900,1583x827,Pass,Information-Sheet,2,Yes,Fail,Pass,Pass,,Mixed_AustinSet1_AustinSH_JaneS_AustinTest1,,,LeftFemale_LeftSign,,,,,,consent-quantised,1
4,1586482281715,10/04/2020 01:31:21,1586482282269,-7,09/04/2020 18:31:22,15296,5,questionnaire-t1fh,,4417262,5dbf81ecd8191041283a9378,1250803,,complete,,5e8fcbe09b5ff02d175068b6,computer,Desktop or Laptop,Windows 10,Chrome 80.0.3987.149,1600x900,1583x827,Pass,Information-Sheet,2,Yes,Fail,Pass,Pass,,Mixed_AustinSet1_AustinSH_JaneS_AustinTest1,,,LeftFemale_LeftSign,,,,,,END QUESTIONNAIRE,54927
1,1586482387632,10/04/2020 01:33:07,1586482388219,-4,09/04/2020 21:33:08,15296,5,questionnaire-t1fh,,4417274,5de86cf9cdff8e7edaf31148,1250808,,complete,,5e8fcbfda6620c00096affe1,computer,Desktop or Laptop,Windows 10,Chrome 80.0.3987.163,1536x864,1536x722,Pass,Information-Sheet,2,Yes,Pass,Pass,,,Mixed_AustinSet1_AustinS_JaneSH_AustinTest1,LeftMale_LeftShine,,,,,,,,BEGIN QUESTIONNAIRE,
2,1586482569539,10/04/2020 01:36:09,1586482570111,-4,09/04/2020 21:36:10,15296,5,questionnaire-t1fh,,4417274,5de86cf9cdff8e7edaf31148,1250808,,complete,,5e8fcbfda6620c00096affe1,computer,Desktop or Laptop,Windows 10,Chrome 80.0.3987.163,1536x864,1519x722,Pass,Information-Sheet,2,Yes,Pass,Pass,,,Mixed_AustinSet1_AustinS_JaneSH_AustinTest1,LeftMale_LeftShine,,,,,,,,consent,Yes
3,1586482569706,10/04/2020 01:36:09,1586482570113,-4,09/04/2020 21:36:10,15296,5,questionnaire-t1fh,,4417274,5de86cf9cdff8e7edaf31148,1250808,,complete,,5e8fcbfda6620c00096affe1,computer,Desktop or Laptop,Windows 10,Chrome 80.0.3987.163,1536x864,1519x722,Pass,Information-Sheet,2,Yes,Pass,Pass,,,Mixed_AustinSet1_AustinS_JaneSH_AustinTest1,LeftMale_LeftShine,,,,,,,,consent-quantised,1
4,1586482569706,10/04/2020 01:36:09,1586482570113,-4,09/04/2020 21:36:10,15296,5,questionnaire-t1fh,,4417274,5de86cf9cdff8e7edaf31148,1250808,,complete,,5e8fcbfda6620c00096affe1,computer,Desktop or Laptop,Windows 10,Chrome 80.0.3987.163,1536x864,1519x722,Pass,Information-Sheet,2,Yes,Pass,Pass,,,Mixed_AustinSet1_AustinS_JaneSH_AustinTest1,LeftMale_LeftShine,,,,,,,,END QUESTIONNAIRE,181894
1,1586482661799,10/04/2020 01:37:41,1586482661880,-4,09/04/2020 21:37:41,15296,5,questionnaire-t1fh,,4417286,5ccc73d1449e950016505786,1250816,,complete,,5e8fcdd7e6812e2bc654b821,computer,Desktop or Laptop,Windows 10,Chrome 80.0.3987.163,1536x864,1536x754,Pass,Information-Sheet,2,Yes,Pass,Pass,,,Mixed_JaneSet1_AustinSH_JaneS_AustinTest1,,,,LeftMale_LeftShine,,,,,BEGIN QUESTIONNAIRE,
2,1586482678461,10/04/2020 01:37:58,1586482678627,-4,09/04/2020 21:37:58,15296,5,questionnaire-t1fh,,4417286,5ccc73d1449e950016505786,1250816,,complete,,5e8fcdd7e6812e2bc654b821,computer,Desktop or Laptop,Windows 10,Chrome 80.0.3987.163,1536x864,1519x754,Pass,Information-Sheet,2,Yes,Pass,Pass,,,Mixed_JaneSet1_AustinSH_JaneS_AustinTest1,,,,LeftMale_LeftShine,,,,,consent,Yes
3,1586482678649,10/04/2020 01:37:58,1586482678631,-4,09/04/2020 21:37:58,15296,5,questionnaire-t1fh,,4417286,5ccc73d1449e950016505786,1250816,,complete,,5e8fcdd7e6812e2bc654b821,computer,Desktop or Laptop,Windows 10,Chrome 80.0.3987.163,1536x864,1519x754,Pass,Information-Sheet,2,Yes,Pass,Pass,,,Mixed_JaneSet1_AustinSH_JaneS_AustinTest1,,,,LeftMale_LeftShine,,,,,consent-quantised,1
4,1586482678649,10/04/2020 01:37:58,1586482678632,-4,09/04/2020 21:37:58,15296,5,questionnaire-t1fh,,4417286,5ccc73d1449e950016505786,1250816,,complete,,5e8fcdd7e6812e2bc654b821,computer,Desktop or Laptop,Windows 10,Chrome 80.0.3987.163,1536x864,1519x754,Pass,Information-Sheet,2,Yes,Pass,Pass,,,Mixed_JaneSet1_AustinSH_JaneS_AustinTest1,,,,LeftMale_LeftShine,,,,,END QUESTIONNAIRE,16752
1,1586482894684,10/04/2020 01:41:34,1586482894526,-4,09/04/2020 21:41:34,15296,5,questionnaire-t1fh,,4417304,5e0778d4a2c6960f444058fa,1250825,,complete,,5e8fceb19eeb7a2d53442766,computer,Desktop or Laptop,Mac OS 10.13.6,Chrome 80.0.3987.132,1440x900,1408x750,Pass,Information-Sheet,2,Yes,Pass,Pass,,,Mixed_JaneSet1_AustinS_JaneSH_AustinTest1,,LeftFemale_LeftSign,,,,,,,BEGIN QUESTIONNAIRE,
2,1586482921142,10/04/2020 01:42:01,1586482920991,-4,09/04/2020 21:42:00,15296,5,questionnaire-t1fh,,4417304,5e0778d4a2c6960f444058fa,1250825,,complete,,5e8fceb19eeb7a2d53442766,computer,Desktop or Laptop,Mac OS 10.13.6,Chrome 80.0.3987.132,1440x900,1408x750,Pass,Information-Sheet,2,Yes,Pass,Pass,,,Mixed_JaneSet1_AustinS_JaneSH_AustinTest1,,LeftFemale_LeftSign,,,,,,,consent,Yes
3,1586482921533,10/04/2020 01:42:01,1586482920992,-4,09/04/2020 21:42:00,15296,5,questionnaire-t1fh,,4417304,5e0778d4a2c6960f444058fa,1250825,,complete,,5e8fceb19eeb7a2d53442766,computer,Desktop or Laptop,Mac OS 10.13.6,Chrome 80.0.3987.132,1440x900,1408x750,Pass,Information-Sheet,2,Yes,Pass,Pass,,,Mixed_JaneSet1_AustinS_JaneSH_AustinTest1,,LeftFemale_LeftSign,,,,,,,consent-quantised,1
4,1586482921533,10/04/2020 01:42:01,1586482920992,-4,09/04/2020 21:42:00,15296,5,questionnaire-t1fh,,4417304,5e0778d4a2c6960f444058fa,1250825,,complete,,5e8fceb19eeb7a2d53442766,computer,Desktop or Laptop,Mac OS 10.13.6,Chrome 80.0.3987.132,1440x900,1408x750,Pass,Information-Sheet,2,Yes,Pass,Pass,,,Mixed_JaneSet1_AustinS_JaneSH_AustinTest1,,LeftFemale_LeftSign,,,,,,,END QUESTIONNAIRE,26466
END OF FILE
