﻿Event Index,UTC Timestamp,UTC Date,Local Timestamp,Local Timezone,Local Date,Experiment ID,Experiment Version,Tree Node Key,Repeat Key,Schedule ID,Participant Public ID,Participant Private ID,Participant Starting Group,Participant Status,Participant Completion Code,Participant External Session ID,Participant Device Type,Participant Device,Participant OS,Participant Browser,Participant Monitor Size,Participant Viewport Size,Checkpoint,Task Name,Task Version,branch-9edj,branch-ee59,checkpoint-7g4v,branch-52fz,checkpoint-irp3,randomiser-czzd,randomiser-hvq1,randomiser-7do6,randomiser-o6lu,randomiser-b834,randomiser-gfgd,randomiser-ml5o,randomiser-mulp,randomiser-didj,Question Key,Response
1,1586553370042,10/04/2020 21:16:10,1586553368557,-4,10/04/2020 17:16:08,15296,7,questionnaire-d7os,,4423322,5b8fc03fab0714000113bfe5,1252774,,complete,,5e90e1c2756f2c40fe330dd4,computer,Desktop or Laptop,Windows 10,Chrome 81.0.4044.92,1280x1024,1280x881,Pass,Demographics,1,Yes,Pass,Pass,,,Mixed_AustinSet1_AustinS_JaneSH_AustinTest1,LeftMale_LeftSign,,,,,,,,BEGIN QUESTIONNAIRE,
2,1586553390389,10/04/2020 21:16:30,1586553388933,-4,10/04/2020 17:16:28,15296,7,questionnaire-d7os,,4423322,5b8fc03fab0714000113bfe5,1252774,,complete,,5e90e1c2756f2c40fe330dd4,computer,Desktop or Laptop,Windows 10,Chrome 81.0.4044.92,1280x1024,1263x881,Pass,Demographics,1,Yes,Pass,Pass,,,Mixed_AustinSet1_AustinS_JaneSH_AustinTest1,LeftMale_LeftSign,,,,,,,,response-accent-2,Southern
3,1586553390531,10/04/2020 21:16:30,1586553388935,-4,10/04/2020 17:16:28,15296,7,questionnaire-d7os,,4423322,5b8fc03fab0714000113bfe5,1252774,,complete,,5e90e1c2756f2c40fe330dd4,computer,Desktop or Laptop,Windows 10,Chrome 81.0.4044.92,1280x1024,1263x881,Pass,Demographics,1,Yes,Pass,Pass,,,Mixed_AustinSet1_AustinS_JaneSH_AustinTest1,LeftMale_LeftSign,,,,,,,,response-accent-text,
4,1586553390531,10/04/2020 21:16:30,1586553388935,-4,10/04/2020 17:16:28,15296,7,questionnaire-d7os,,4423322,5b8fc03fab0714000113bfe5,1252774,,complete,,5e90e1c2756f2c40fe330dd4,computer,Desktop or Laptop,Windows 10,Chrome 81.0.4044.92,1280x1024,1263x881,Pass,Demographics,1,Yes,Pass,Pass,,,Mixed_AustinSet1_AustinS_JaneSH_AustinTest1,LeftMale_LeftSign,,,,,,,,response-sex-1,Female
5,1586553390531,10/04/2020 21:16:30,1586553388935,-4,10/04/2020 17:16:28,15296,7,questionnaire-d7os,,4423322,5b8fc03fab0714000113bfe5,1252774,,complete,,5e90e1c2756f2c40fe330dd4,computer,Desktop or Laptop,Windows 10,Chrome 81.0.4044.92,1280x1024,1263x881,Pass,Demographics,1,Yes,Pass,Pass,,,Mixed_AustinSet1_AustinS_JaneSH_AustinTest1,LeftMale_LeftSign,,,,,,,,response-ethnicity-2,Not Hispanic or Latino
6,1586553390531,10/04/2020 21:16:30,1586553388935,-4,10/04/2020 17:16:28,15296,7,questionnaire-d7os,,4423322,5b8fc03fab0714000113bfe5,1252774,,complete,,5e90e1c2756f2c40fe330dd4,computer,Desktop or Laptop,Windows 10,Chrome 81.0.4044.92,1280x1024,1263x881,Pass,Demographics,1,Yes,Pass,Pass,,,Mixed_AustinSet1_AustinS_JaneSH_AustinTest1,LeftMale_LeftSign,,,,,,,,response-race-5,White
7,1586553390531,10/04/2020 21:16:30,1586553388935,-4,10/04/2020 17:16:28,15296,7,questionnaire-d7os,,4423322,5b8fc03fab0714000113bfe5,1252774,,complete,,5e90e1c2756f2c40fe330dd4,computer,Desktop or Laptop,Windows 10,Chrome 81.0.4044.92,1280x1024,1263x881,Pass,Demographics,1,Yes,Pass,Pass,,,Mixed_AustinSet1_AustinS_JaneSH_AustinTest1,LeftMale_LeftSign,,,,,,,,END QUESTIONNAIRE,20378
END OF FILE
