﻿Event Index,UTC Timestamp,UTC Date,Local Timestamp,Local Timezone,Local Date,Experiment ID,Experiment Version,Tree Node Key,Repeat Key,Schedule ID,Participant Public ID,Participant Private ID,Participant Starting Group,Participant Status,Participant Completion Code,Participant External Session ID,Participant Device Type,Participant Device,Participant OS,Participant Browser,Participant Monitor Size,Participant Viewport Size,Checkpoint,Task Name,Task Version,branch-9edj,branch-ee59,checkpoint-7g4v,branch-52fz,checkpoint-irp3,randomiser-czzd,randomiser-hvq1,randomiser-7do6,randomiser-o6lu,randomiser-b834,randomiser-gfgd,randomiser-ml5o,randomiser-mulp,randomiser-didj,Question Key,Response
1,1580498985481,31/01/2020 19:29:45,1580498981565,-5,31/01/2020 14:29:41,12677,5,questionnaire-t1fh,,3836777,5dd86a227aa0d682d0129b05,1082763,,complete,,5e347ff6c544f644e0ebcef8,computer,Desktop or Laptop,Chromium OS 12607.82.0,Chrome 79.0.3945.123,1366x768,1366x641,Pass,Information-Sheet,2,Yes,Pass,Pass,,,Mixed_JaneSet1_AustinS_JaneSH_JaneTest1,,,,,,LeftFemale_LeftSign,,,BEGIN QUESTIONNAIRE,
2,1580499014992,31/01/2020 19:30:14,1580499014996,-5,31/01/2020 14:30:14,12677,5,questionnaire-t1fh,,3836777,5dd86a227aa0d682d0129b05,1082763,,complete,,5e347ff6c544f644e0ebcef8,computer,Desktop or Laptop,Chromium OS 12607.82.0,Chrome 79.0.3945.123,1366x768,1366x641,Pass,Information-Sheet,2,Yes,Pass,Pass,,,Mixed_JaneSet1_AustinS_JaneSH_JaneTest1,,,,,,LeftFemale_LeftSign,,,consent,Yes
3,1580499015225,31/01/2020 19:30:15,1580499014999,-5,31/01/2020 14:30:14,12677,5,questionnaire-t1fh,,3836777,5dd86a227aa0d682d0129b05,1082763,,complete,,5e347ff6c544f644e0ebcef8,computer,Desktop or Laptop,Chromium OS 12607.82.0,Chrome 79.0.3945.123,1366x768,1366x641,Pass,Information-Sheet,2,Yes,Pass,Pass,,,Mixed_JaneSet1_AustinS_JaneSH_JaneTest1,,,,,,LeftFemale_LeftSign,,,consent-quantised,1
4,1580499015225,31/01/2020 19:30:15,1580499014999,-5,31/01/2020 14:30:14,12677,5,questionnaire-t1fh,,3836777,5dd86a227aa0d682d0129b05,1082763,,complete,,5e347ff6c544f644e0ebcef8,computer,Desktop or Laptop,Chromium OS 12607.82.0,Chrome 79.0.3945.123,1366x768,1366x641,Pass,Information-Sheet,2,Yes,Pass,Pass,,,Mixed_JaneSet1_AustinS_JaneSH_JaneTest1,,,,,,LeftFemale_LeftSign,,,END QUESTIONNAIRE,33434
1,1580501420225,31/01/2020 20:10:20,1580501419740,-6,31/01/2020 14:10:19,12677,5,questionnaire-t1fh,,3836871,5df318dfde8da621c0a5b50e,1082797,,complete,,5e3487bb7c47e4459f89f9ef,computer,Desktop or Laptop,Chromium OS 12739.44.0,Chrome 80.0.3987.67,1333x888,1333x729,Pass,Information-Sheet,2,Yes,Pass,Pass,,,Mixed_JaneSet1_AustinS_JaneSH_JaneTest1,,,,,,LeftFemale_LeftSign,,,BEGIN QUESTIONNAIRE,
2,1580501432568,31/01/2020 20:10:32,1580501432109,-6,31/01/2020 14:10:32,12677,5,questionnaire-t1fh,,3836871,5df318dfde8da621c0a5b50e,1082797,,complete,,5e3487bb7c47e4459f89f9ef,computer,Desktop or Laptop,Chromium OS 12739.44.0,Chrome 80.0.3987.67,1333x888,1333x729,Pass,Information-Sheet,2,Yes,Pass,Pass,,,Mixed_JaneSet1_AustinS_JaneSH_JaneTest1,,,,,,LeftFemale_LeftSign,,,consent,Yes
3,1580501432725,31/01/2020 20:10:32,1580501432111,-6,31/01/2020 14:10:32,12677,5,questionnaire-t1fh,,3836871,5df318dfde8da621c0a5b50e,1082797,,complete,,5e3487bb7c47e4459f89f9ef,computer,Desktop or Laptop,Chromium OS 12739.44.0,Chrome 80.0.3987.67,1333x888,1333x729,Pass,Information-Sheet,2,Yes,Pass,Pass,,,Mixed_JaneSet1_AustinS_JaneSH_JaneTest1,,,,,,LeftFemale_LeftSign,,,consent-quantised,1
4,1580501432725,31/01/2020 20:10:32,1580501432112,-6,31/01/2020 14:10:32,12677,5,questionnaire-t1fh,,3836871,5df318dfde8da621c0a5b50e,1082797,,complete,,5e3487bb7c47e4459f89f9ef,computer,Desktop or Laptop,Chromium OS 12739.44.0,Chrome 80.0.3987.67,1333x888,1333x729,Pass,Information-Sheet,2,Yes,Pass,Pass,,,Mixed_JaneSet1_AustinS_JaneSH_JaneTest1,,,,,,LeftFemale_LeftSign,,,END QUESTIONNAIRE,12373
1,1580504330538,31/01/2020 20:58:50,1580504330375,-8,31/01/2020 12:58:50,12677,5,questionnaire-t1fh,,3837031,5c5c7f314fff5700017eb3b4,1082832,,complete,,5e3494c6a73653467a93616d,computer,Desktop or Laptop,Mac OS 10.15.2,Chrome 79.0.3945.130,1280x800,1179x596,Pass,Information-Sheet,2,Yes,Pass,Pass,,,Mixed_JaneSet1_AustinS_JaneSH_JaneTest1,,,,,,LeftFemale_LeftSign,,,BEGIN QUESTIONNAIRE,
2,1580504348303,31/01/2020 20:59:08,1580504348202,-8,31/01/2020 12:59:08,12677,5,questionnaire-t1fh,,3837031,5c5c7f314fff5700017eb3b4,1082832,,complete,,5e3494c6a73653467a93616d,computer,Desktop or Laptop,Mac OS 10.15.2,Chrome 79.0.3945.130,1280x800,1179x596,Pass,Information-Sheet,2,Yes,Pass,Pass,,,Mixed_JaneSet1_AustinS_JaneSH_JaneTest1,,,,,,LeftFemale_LeftSign,,,consent,Yes
3,1580504348490,31/01/2020 20:59:08,1580504348205,-8,31/01/2020 12:59:08,12677,5,questionnaire-t1fh,,3837031,5c5c7f314fff5700017eb3b4,1082832,,complete,,5e3494c6a73653467a93616d,computer,Desktop or Laptop,Mac OS 10.15.2,Chrome 79.0.3945.130,1280x800,1179x596,Pass,Information-Sheet,2,Yes,Pass,Pass,,,Mixed_JaneSet1_AustinS_JaneSH_JaneTest1,,,,,,LeftFemale_LeftSign,,,consent-quantised,1
4,1580504348490,31/01/2020 20:59:08,1580504348205,-8,31/01/2020 12:59:08,12677,5,questionnaire-t1fh,,3837031,5c5c7f314fff5700017eb3b4,1082832,,complete,,5e3494c6a73653467a93616d,computer,Desktop or Laptop,Mac OS 10.15.2,Chrome 79.0.3945.130,1280x800,1179x596,Pass,Information-Sheet,2,Yes,Pass,Pass,,,Mixed_JaneSet1_AustinS_JaneSH_JaneTest1,,,,,,LeftFemale_LeftSign,,,END QUESTIONNAIRE,17830
1,1580508249546,31/01/2020 22:04:09,1580508249432,-5,31/01/2020 17:04:09,12677,5,questionnaire-t1fh,,3837203,5e18d7b4f835b5000a0af5bf,1082893,,complete,,5e34a4420d436247e2c45418,computer,Desktop or Laptop,Ubuntu undefined,Firefox 72.0,1366x768,1100x600,Pass,Information-Sheet,2,Yes,Pass,Pass,,,Mixed_JaneSet1_AustinS_JaneSH_JaneTest1,,,,,,LeftFemale_LeftSign,,,BEGIN QUESTIONNAIRE,
2,1580508320484,31/01/2020 22:05:20,1580508320320,-5,31/01/2020 17:05:20,12677,5,questionnaire-t1fh,,3837203,5e18d7b4f835b5000a0af5bf,1082893,,complete,,5e34a4420d436247e2c45418,computer,Desktop or Laptop,Ubuntu undefined,Firefox 72.0,797x448,632x350,Pass,Information-Sheet,2,Yes,Pass,Pass,,,Mixed_JaneSet1_AustinS_JaneSH_JaneTest1,,,,,,LeftFemale_LeftSign,,,consent,Yes
3,1580508320609,31/01/2020 22:05:20,1580508320323,-5,31/01/2020 17:05:20,12677,5,questionnaire-t1fh,,3837203,5e18d7b4f835b5000a0af5bf,1082893,,complete,,5e34a4420d436247e2c45418,computer,Desktop or Laptop,Ubuntu undefined,Firefox 72.0,797x448,632x350,Pass,Information-Sheet,2,Yes,Pass,Pass,,,Mixed_JaneSet1_AustinS_JaneSH_JaneTest1,,,,,,LeftFemale_LeftSign,,,consent-quantised,1
4,1580508320609,31/01/2020 22:05:20,1580508320323,-5,31/01/2020 17:05:20,12677,5,questionnaire-t1fh,,3837203,5e18d7b4f835b5000a0af5bf,1082893,,complete,,5e34a4420d436247e2c45418,computer,Desktop or Laptop,Ubuntu undefined,Firefox 72.0,797x448,632x350,Pass,Information-Sheet,2,Yes,Pass,Pass,,,Mixed_JaneSet1_AustinS_JaneSH_JaneTest1,,,,,,LeftFemale_LeftSign,,,END QUESTIONNAIRE,70891
END OF FILE
