﻿Event Index,UTC Timestamp,UTC Date,Local Timestamp,Local Timezone,Local Date,Experiment ID,Experiment Version,Tree Node Key,Repeat Key,Schedule ID,Participant Public ID,Participant Private ID,Participant Starting Group,Participant Status,Participant Completion Code,Participant External Session ID,Participant Device Type,Participant Device,Participant OS,Participant Browser,Participant Monitor Size,Participant Viewport Size,Checkpoint,Task Name,Task Version,branch-9edj,branch-ee59,checkpoint-7g4v,branch-52fz,checkpoint-irp3,randomiser-czzd,randomiser-hvq1,randomiser-7do6,randomiser-o6lu,randomiser-b834,randomiser-gfgd,randomiser-ml5o,randomiser-mulp,randomiser-didj,Question Key,Response
1,1580487862145,31/01/2020 16:24:22,1580487862005,-7,31/01/2020 09:24:22,12677,4,questionnaire-t1fh,,3835853,5d7a9bc82374e800155f2285,1082538,,complete,,5e3454551faa2541e2227657,computer,Desktop or Laptop,Mac OS 10.15.0,Chrome 79.0.3945.130,1280x800,873x612,Pass,Information-Sheet,2,Yes,Fail,Pass,Pass,,Mixed_JaneSet1_AustinSH_JaneS_JaneTest1,,,,,,,,LeftFemale_LeftShine,BEGIN QUESTIONNAIRE,
2,1580487911784,31/01/2020 16:25:11,1580487911659,-7,31/01/2020 09:25:11,12677,4,questionnaire-t1fh,,3835853,5d7a9bc82374e800155f2285,1082538,,complete,,5e3454551faa2541e2227657,computer,Desktop or Laptop,Mac OS 10.15.0,Chrome 79.0.3945.130,1280x800,873x612,Pass,Information-Sheet,2,Yes,Fail,Pass,Pass,,Mixed_JaneSet1_AustinSH_JaneS_JaneTest1,,,,,,,,LeftFemale_LeftShine,consent,Yes
3,1580487912049,31/01/2020 16:25:12,1580487911661,-7,31/01/2020 09:25:11,12677,4,questionnaire-t1fh,,3835853,5d7a9bc82374e800155f2285,1082538,,complete,,5e3454551faa2541e2227657,computer,Desktop or Laptop,Mac OS 10.15.0,Chrome 79.0.3945.130,1280x800,873x612,Pass,Information-Sheet,2,Yes,Fail,Pass,Pass,,Mixed_JaneSet1_AustinSH_JaneS_JaneTest1,,,,,,,,LeftFemale_LeftShine,consent-quantised,1
4,1580487912049,31/01/2020 16:25:12,1580487911661,-7,31/01/2020 09:25:11,12677,4,questionnaire-t1fh,,3835853,5d7a9bc82374e800155f2285,1082538,,complete,,5e3454551faa2541e2227657,computer,Desktop or Laptop,Mac OS 10.15.0,Chrome 79.0.3945.130,1280x800,873x612,Pass,Information-Sheet,2,Yes,Fail,Pass,Pass,,Mixed_JaneSet1_AustinSH_JaneS_JaneTest1,,,,,,,,LeftFemale_LeftShine,END QUESTIONNAIRE,49656
1,1580488369273,31/01/2020 16:32:49,1580488369159,-5,31/01/2020 11:32:49,12677,4,questionnaire-t1fh,,3835900,5c7de839b3af1b0001984524,1082552,,complete,,5e3456a1ce5a7241b0fd82fc,computer,Desktop or Laptop,Windows 10,Firefox 72.0,1368x912,1368x798,Pass,Information-Sheet,2,Yes,Pass,Pass,,,Mixed_JaneSet1_AustinS_JaneSH_AustinTest1,,LeftMale_LeftSign,,,,,,,BEGIN QUESTIONNAIRE,
2,1580488381465,31/01/2020 16:33:01,1580488381377,-5,31/01/2020 11:33:01,12677,4,questionnaire-t1fh,,3835900,5c7de839b3af1b0001984524,1082552,,complete,,5e3456a1ce5a7241b0fd82fc,computer,Desktop or Laptop,Windows 10,Firefox 72.0,1368x912,1351x798,Pass,Information-Sheet,2,Yes,Pass,Pass,,,Mixed_JaneSet1_AustinS_JaneSH_AustinTest1,,LeftMale_LeftSign,,,,,,,consent,Yes
3,1580488381606,31/01/2020 16:33:01,1580488381380,-5,31/01/2020 11:33:01,12677,4,questionnaire-t1fh,,3835900,5c7de839b3af1b0001984524,1082552,,complete,,5e3456a1ce5a7241b0fd82fc,computer,Desktop or Laptop,Windows 10,Firefox 72.0,1368x912,1351x798,Pass,Information-Sheet,2,Yes,Pass,Pass,,,Mixed_JaneSet1_AustinS_JaneSH_AustinTest1,,LeftMale_LeftSign,,,,,,,consent-quantised,1
4,1580488381606,31/01/2020 16:33:01,1580488381381,-5,31/01/2020 11:33:01,12677,4,questionnaire-t1fh,,3835900,5c7de839b3af1b0001984524,1082552,,complete,,5e3456a1ce5a7241b0fd82fc,computer,Desktop or Laptop,Windows 10,Firefox 72.0,1368x912,1351x798,Pass,Information-Sheet,2,Yes,Pass,Pass,,,Mixed_JaneSet1_AustinS_JaneSH_AustinTest1,,LeftMale_LeftSign,,,,,,,END QUESTIONNAIRE,12223
1,1580488399686,31/01/2020 16:33:19,1580488399537,-5,31/01/2020 11:33:19,12677,4,questionnaire-t1fh,,3835902,5c07361c96378a0001196024,1082553,,complete,,5e3456a06126064206c559bc,computer,Desktop or Laptop,Windows 10,Chrome 79.0.3945.130,1536x864,1536x722,Pass,Information-Sheet,2,Yes,Pass,Pass,,,Mixed_AustinSet1_AustinSH_JaneS_JaneTest1,,,,,,,LeftMale_LeftShine,,BEGIN QUESTIONNAIRE,
2,1580488449648,31/01/2020 16:34:09,1580488449539,-5,31/01/2020 11:34:09,12677,4,questionnaire-t1fh,,3835902,5c07361c96378a0001196024,1082553,,complete,,5e3456a06126064206c559bc,computer,Desktop or Laptop,Windows 10,Chrome 79.0.3945.130,1536x864,1519x722,Pass,Information-Sheet,2,Yes,Pass,Pass,,,Mixed_AustinSet1_AustinSH_JaneS_JaneTest1,,,,,,,LeftMale_LeftShine,,consent,Yes
3,1580488449789,31/01/2020 16:34:09,1580488449544,-5,31/01/2020 11:34:09,12677,4,questionnaire-t1fh,,3835902,5c07361c96378a0001196024,1082553,,complete,,5e3456a06126064206c559bc,computer,Desktop or Laptop,Windows 10,Chrome 79.0.3945.130,1536x864,1519x722,Pass,Information-Sheet,2,Yes,Pass,Pass,,,Mixed_AustinSet1_AustinSH_JaneS_JaneTest1,,,,,,,LeftMale_LeftShine,,consent-quantised,1
4,1580488449789,31/01/2020 16:34:09,1580488449545,-5,31/01/2020 11:34:09,12677,4,questionnaire-t1fh,,3835902,5c07361c96378a0001196024,1082553,,complete,,5e3456a06126064206c559bc,computer,Desktop or Laptop,Windows 10,Chrome 79.0.3945.130,1536x864,1519x722,Pass,Information-Sheet,2,Yes,Pass,Pass,,,Mixed_AustinSet1_AustinSH_JaneS_JaneTest1,,,,,,,LeftMale_LeftShine,,END QUESTIONNAIRE,50009
1,1580488439981,31/01/2020 16:33:59,1580488439840,-5,31/01/2020 11:33:59,12677,4,questionnaire-t1fh,,3835905,5c59f5a6215974000172b2d8,1082554,,complete,,5e3456ec21bbd24141935123,computer,Desktop or Laptop,Mac OS 10.15.2,Chrome 79.0.3945.88,1440x900,1333x723,Pass,Information-Sheet,2,Yes,Pass,Pass,,,Mixed_JaneSet1_AustinSH_JaneS_AustinTest1,,,,LeftFemale_LeftShine,,,,,BEGIN QUESTIONNAIRE,
2,1580488451696,31/01/2020 16:34:11,1580488451620,-5,31/01/2020 11:34:11,12677,4,questionnaire-t1fh,,3835905,5c59f5a6215974000172b2d8,1082554,,complete,,5e3456ec21bbd24141935123,computer,Desktop or Laptop,Mac OS 10.15.2,Chrome 79.0.3945.88,1440x900,1333x723,Pass,Information-Sheet,2,Yes,Pass,Pass,,,Mixed_JaneSet1_AustinSH_JaneS_AustinTest1,,,,LeftFemale_LeftShine,,,,,consent,Yes
3,1580488451837,31/01/2020 16:34:11,1580488451622,-5,31/01/2020 11:34:11,12677,4,questionnaire-t1fh,,3835905,5c59f5a6215974000172b2d8,1082554,,complete,,5e3456ec21bbd24141935123,computer,Desktop or Laptop,Mac OS 10.15.2,Chrome 79.0.3945.88,1440x900,1333x723,Pass,Information-Sheet,2,Yes,Pass,Pass,,,Mixed_JaneSet1_AustinSH_JaneS_AustinTest1,,,,LeftFemale_LeftShine,,,,,consent-quantised,1
4,1580488451837,31/01/2020 16:34:11,1580488451622,-5,31/01/2020 11:34:11,12677,4,questionnaire-t1fh,,3835905,5c59f5a6215974000172b2d8,1082554,,complete,,5e3456ec21bbd24141935123,computer,Desktop or Laptop,Mac OS 10.15.2,Chrome 79.0.3945.88,1440x900,1333x723,Pass,Information-Sheet,2,Yes,Pass,Pass,,,Mixed_JaneSet1_AustinSH_JaneS_AustinTest1,,,,LeftFemale_LeftShine,,,,,END QUESTIONNAIRE,11782
1,1580488606365,31/01/2020 16:36:46,1580488606241,-5,31/01/2020 11:36:46,12677,4,questionnaire-t1fh,,3835931,5dc59839e4f0ff41239cb481,1082560,,complete,,5e345796a47ca2012345d1ff,computer,Desktop or Laptop,Windows 10,Chrome 79.0.3945.130,1920x1080,1299x920,Pass,Information-Sheet,2,Yes,Pass,Pass,,,Mixed_JaneSet1_AustinSH_JaneS_JaneTest1,,,,,,,,LeftMale_LeftSign,BEGIN QUESTIONNAIRE,
2,1580488612849,31/01/2020 16:36:52,1580488612781,-5,31/01/2020 11:36:52,12677,4,questionnaire-t1fh,,3835931,5dc59839e4f0ff41239cb481,1082560,,complete,,5e345796a47ca2012345d1ff,computer,Desktop or Laptop,Windows 10,Chrome 79.0.3945.130,1920x1080,1282x920,Pass,Information-Sheet,2,Yes,Pass,Pass,,,Mixed_JaneSet1_AustinSH_JaneS_JaneTest1,,,,,,,,LeftMale_LeftSign,consent,Yes
3,1580488612958,31/01/2020 16:36:52,1580488612782,-5,31/01/2020 11:36:52,12677,4,questionnaire-t1fh,,3835931,5dc59839e4f0ff41239cb481,1082560,,complete,,5e345796a47ca2012345d1ff,computer,Desktop or Laptop,Windows 10,Chrome 79.0.3945.130,1920x1080,1282x920,Pass,Information-Sheet,2,Yes,Pass,Pass,,,Mixed_JaneSet1_AustinSH_JaneS_JaneTest1,,,,,,,,LeftMale_LeftSign,consent-quantised,1
4,1580488612958,31/01/2020 16:36:52,1580488612782,-5,31/01/2020 11:36:52,12677,4,questionnaire-t1fh,,3835931,5dc59839e4f0ff41239cb481,1082560,,complete,,5e345796a47ca2012345d1ff,computer,Desktop or Laptop,Windows 10,Chrome 79.0.3945.130,1920x1080,1282x920,Pass,Information-Sheet,2,Yes,Pass,Pass,,,Mixed_JaneSet1_AustinSH_JaneS_JaneTest1,,,,,,,,LeftMale_LeftSign,END QUESTIONNAIRE,6542
1,1580488716856,31/01/2020 16:38:36,1580488716767,-5,31/01/2020 11:38:36,12677,4,questionnaire-t1fh,,3835943,5df3f494fe10852d861c136e,1082562,,complete,,5e3457fdb8f70542479380fc,computer,Desktop or Laptop,Linux x86_64,Chrome 79.0.3945.130,1920x1080,1920x968,Pass,Information-Sheet,2,Yes,Pass,Pass,,,Mixed_JaneSet1_AustinS_JaneSH_JaneTest1,,,,,,LeftMale_LeftSign,,,BEGIN QUESTIONNAIRE,
2,1580488737868,31/01/2020 16:38:57,1580488737795,-5,31/01/2020 11:38:57,12677,4,questionnaire-t1fh,,3835943,5df3f494fe10852d861c136e,1082562,,complete,,5e3457fdb8f70542479380fc,computer,Desktop or Laptop,Linux x86_64,Chrome 79.0.3945.130,1920x1080,1905x968,Pass,Information-Sheet,2,Yes,Pass,Pass,,,Mixed_JaneSet1_AustinS_JaneSH_JaneTest1,,,,,,LeftMale_LeftSign,,,consent,Yes
3,1580488738054,31/01/2020 16:38:58,1580488737797,-5,31/01/2020 11:38:57,12677,4,questionnaire-t1fh,,3835943,5df3f494fe10852d861c136e,1082562,,complete,,5e3457fdb8f70542479380fc,computer,Desktop or Laptop,Linux x86_64,Chrome 79.0.3945.130,1920x1080,1905x968,Pass,Information-Sheet,2,Yes,Pass,Pass,,,Mixed_JaneSet1_AustinS_JaneSH_JaneTest1,,,,,,LeftMale_LeftSign,,,consent-quantised,1
4,1580488738054,31/01/2020 16:38:58,1580488737797,-5,31/01/2020 11:38:57,12677,4,questionnaire-t1fh,,3835943,5df3f494fe10852d861c136e,1082562,,complete,,5e3457fdb8f70542479380fc,computer,Desktop or Laptop,Linux x86_64,Chrome 79.0.3945.130,1920x1080,1905x968,Pass,Information-Sheet,2,Yes,Pass,Pass,,,Mixed_JaneSet1_AustinS_JaneSH_JaneTest1,,,,,,LeftMale_LeftSign,,,END QUESTIONNAIRE,21030
1,1580488719325,31/01/2020 16:38:39,1580488722507,-5,31/01/2020 11:38:42,12677,4,questionnaire-t1fh,,3835944,5d61798f7ad20f001b74922e,1082563,,complete,,5e3457f1863e77000b16e206,computer,Desktop or Laptop,Windows 8.1,Chrome 79.0.3945.130,1366x768,1366x657,Pass,Information-Sheet,2,Yes,Pass,Pass,,,Mixed_JaneSet1_AustinS_JaneSH_AustinTest1,,LeftFemale_LeftSign,,,,,,,BEGIN QUESTIONNAIRE,
2,1580488784745,31/01/2020 16:39:44,1580488787981,-5,31/01/2020 11:39:47,12677,4,questionnaire-t1fh,,3835944,5d61798f7ad20f001b74922e,1082563,,complete,,5e3457f1863e77000b16e206,computer,Desktop or Laptop,Windows 8.1,Chrome 79.0.3945.130,1366x768,1349x657,Pass,Information-Sheet,2,Yes,Pass,Pass,,,Mixed_JaneSet1_AustinS_JaneSH_AustinTest1,,LeftFemale_LeftSign,,,,,,,consent,Yes
3,1580488784903,31/01/2020 16:39:44,1580488787987,-5,31/01/2020 11:39:47,12677,4,questionnaire-t1fh,,3835944,5d61798f7ad20f001b74922e,1082563,,complete,,5e3457f1863e77000b16e206,computer,Desktop or Laptop,Windows 8.1,Chrome 79.0.3945.130,1366x768,1349x657,Pass,Information-Sheet,2,Yes,Pass,Pass,,,Mixed_JaneSet1_AustinS_JaneSH_AustinTest1,,LeftFemale_LeftSign,,,,,,,consent-quantised,1
4,1580488784903,31/01/2020 16:39:44,1580488787987,-5,31/01/2020 11:39:47,12677,4,questionnaire-t1fh,,3835944,5d61798f7ad20f001b74922e,1082563,,complete,,5e3457f1863e77000b16e206,computer,Desktop or Laptop,Windows 8.1,Chrome 79.0.3945.130,1366x768,1349x657,Pass,Information-Sheet,2,Yes,Pass,Pass,,,Mixed_JaneSet1_AustinS_JaneSH_AustinTest1,,LeftFemale_LeftSign,,,,,,,END QUESTIONNAIRE,65482
1,1580488974417,31/01/2020 16:42:54,1580488973751,-6,31/01/2020 10:42:53,12677,4,questionnaire-t1fh,,3835965,5d75d523515c8b0001ed0e2e,1082571,,complete,,5e3458fdd01e02000b7e5bf4,computer,Desktop or Laptop,Windows 10,Firefox 72.0,1366x768,1366x654,Pass,Information-Sheet,2,Yes,Pass,Pass,,,Mixed_JaneSet1_AustinS_JaneSH_JaneTest1,,,,,,LeftFemale_LeftSign,,,BEGIN QUESTIONNAIRE,
2,1580488989997,31/01/2020 16:43:09,1580488989428,-6,31/01/2020 10:43:09,12677,4,questionnaire-t1fh,,3835965,5d75d523515c8b0001ed0e2e,1082571,,complete,,5e3458fdd01e02000b7e5bf4,computer,Desktop or Laptop,Windows 10,Firefox 72.0,1366x768,1349x654,Pass,Information-Sheet,2,Yes,Pass,Pass,,,Mixed_JaneSet1_AustinS_JaneSH_JaneTest1,,,,,,LeftFemale_LeftSign,,,consent,Yes
3,1580488990201,31/01/2020 16:43:10,1580488989432,-6,31/01/2020 10:43:09,12677,4,questionnaire-t1fh,,3835965,5d75d523515c8b0001ed0e2e,1082571,,complete,,5e3458fdd01e02000b7e5bf4,computer,Desktop or Laptop,Windows 10,Firefox 72.0,1366x768,1349x654,Pass,Information-Sheet,2,Yes,Pass,Pass,,,Mixed_JaneSet1_AustinS_JaneSH_JaneTest1,,,,,,LeftFemale_LeftSign,,,consent-quantised,1
4,1580488990201,31/01/2020 16:43:10,1580488989433,-6,31/01/2020 10:43:09,12677,4,questionnaire-t1fh,,3835965,5d75d523515c8b0001ed0e2e,1082571,,complete,,5e3458fdd01e02000b7e5bf4,computer,Desktop or Laptop,Windows 10,Firefox 72.0,1366x768,1349x654,Pass,Information-Sheet,2,Yes,Pass,Pass,,,Mixed_JaneSet1_AustinS_JaneSH_JaneTest1,,,,,,LeftFemale_LeftSign,,,END QUESTIONNAIRE,15681
1,1580488986473,31/01/2020 16:43:06,1580488984785,-6,31/01/2020 10:43:04,12677,4,questionnaire-t1fh,,3835970,5b0d528dee290600010f483d,1082574,,complete,,5e34590aabde984252057f0c,computer,Desktop or Laptop,Windows 10,Chrome 79.0.3945.117,1536x864,2048x1006,Pass,Information-Sheet,2,Yes,Pass,Pass,,,Mixed_AustinSet1_AustinSH_JaneS_JaneTest1,,,,,,,LeftFemale_LeftSign,,BEGIN QUESTIONNAIRE,
2,1580489000707,31/01/2020 16:43:20,1580488999079,-6,31/01/2020 10:43:19,12677,4,questionnaire-t1fh,,3835970,5b0d528dee290600010f483d,1082574,,complete,,5e34590aabde984252057f0c,computer,Desktop or Laptop,Windows 10,Chrome 79.0.3945.117,1536x864,2048x1006,Pass,Information-Sheet,2,Yes,Pass,Pass,,,Mixed_AustinSet1_AustinSH_JaneS_JaneTest1,,,,,,,LeftFemale_LeftSign,,consent,Yes
3,1580489000941,31/01/2020 16:43:20,1580488999080,-6,31/01/2020 10:43:19,12677,4,questionnaire-t1fh,,3835970,5b0d528dee290600010f483d,1082574,,complete,,5e34590aabde984252057f0c,computer,Desktop or Laptop,Windows 10,Chrome 79.0.3945.117,1536x864,2048x1006,Pass,Information-Sheet,2,Yes,Pass,Pass,,,Mixed_AustinSet1_AustinSH_JaneS_JaneTest1,,,,,,,LeftFemale_LeftSign,,consent-quantised,1
4,1580489000941,31/01/2020 16:43:20,1580488999081,-6,31/01/2020 10:43:19,12677,4,questionnaire-t1fh,,3835970,5b0d528dee290600010f483d,1082574,,complete,,5e34590aabde984252057f0c,computer,Desktop or Laptop,Windows 10,Chrome 79.0.3945.117,1536x864,2048x1006,Pass,Information-Sheet,2,Yes,Pass,Pass,,,Mixed_AustinSet1_AustinSH_JaneS_JaneTest1,,,,,,,LeftFemale_LeftSign,,END QUESTIONNAIRE,14297
1,1580489006535,31/01/2020 16:43:26,1580489006458,-8,31/01/2020 08:43:26,12677,4,questionnaire-t1fh,,3835974,5a6032228e625900017657f4,1082575,,complete,,5e34590174c904000ead2bf4,computer,Desktop or Laptop,Windows 10,Firefox 72.0,2560x1440,1283x1345,Pass,Information-Sheet,2,Yes,Pass,Pass,,,Mixed_JaneSet1_AustinS_JaneSH_JaneTest1,,,,,,LeftMale_LeftShine,,,BEGIN QUESTIONNAIRE,
2,1580489012496,31/01/2020 16:43:32,1580489012454,-8,31/01/2020 08:43:32,12677,4,questionnaire-t1fh,,3835974,5a6032228e625900017657f4,1082575,,complete,,5e34590174c904000ead2bf4,computer,Desktop or Laptop,Windows 10,Firefox 72.0,2560x1440,1283x1345,Pass,Information-Sheet,2,Yes,Pass,Pass,,,Mixed_JaneSet1_AustinS_JaneSH_JaneTest1,,,,,,LeftMale_LeftShine,,,consent,Yes
3,1580489012667,31/01/2020 16:43:32,1580489012455,-8,31/01/2020 08:43:32,12677,4,questionnaire-t1fh,,3835974,5a6032228e625900017657f4,1082575,,complete,,5e34590174c904000ead2bf4,computer,Desktop or Laptop,Windows 10,Firefox 72.0,2560x1440,1283x1345,Pass,Information-Sheet,2,Yes,Pass,Pass,,,Mixed_JaneSet1_AustinS_JaneSH_JaneTest1,,,,,,LeftMale_LeftShine,,,consent-quantised,1
4,1580489012667,31/01/2020 16:43:32,1580489012455,-8,31/01/2020 08:43:32,12677,4,questionnaire-t1fh,,3835974,5a6032228e625900017657f4,1082575,,complete,,5e34590174c904000ead2bf4,computer,Desktop or Laptop,Windows 10,Firefox 72.0,2560x1440,1283x1345,Pass,Information-Sheet,2,Yes,Pass,Pass,,,Mixed_JaneSet1_AustinS_JaneSH_JaneTest1,,,,,,LeftMale_LeftShine,,,END QUESTIONNAIRE,5997
1,1580489017809,31/01/2020 16:43:37,1580489028833,-5,31/01/2020 11:43:48,12677,4,questionnaire-t1fh,,3835977,5e1b7c078b6dfb3ab0565e50,1082576,,complete,,5e3459007b6a7a411a3e4816,computer,Desktop or Laptop,Windows 10,Chrome 79.0.3945.130,1366x768,1366x625,Pass,Information-Sheet,2,Yes,Pass,Pass,,,Mixed_AustinSet1_AustinSH_JaneS_JaneTest1,,,,,,,LeftMale_LeftSign,,BEGIN QUESTIONNAIRE,
2,1580489060646,31/01/2020 16:44:20,1580489071701,-5,31/01/2020 11:44:31,12677,4,questionnaire-t1fh,,3835977,5e1b7c078b6dfb3ab0565e50,1082576,,complete,,5e3459007b6a7a411a3e4816,computer,Desktop or Laptop,Windows 10,Chrome 79.0.3945.130,1366x768,1349x625,Pass,Information-Sheet,2,Yes,Pass,Pass,,,Mixed_AustinSet1_AustinSH_JaneS_JaneTest1,,,,,,,LeftMale_LeftSign,,consent,Yes
3,1580489061084,31/01/2020 16:44:21,1580489071702,-5,31/01/2020 11:44:31,12677,4,questionnaire-t1fh,,3835977,5e1b7c078b6dfb3ab0565e50,1082576,,complete,,5e3459007b6a7a411a3e4816,computer,Desktop or Laptop,Windows 10,Chrome 79.0.3945.130,1366x768,1349x625,Pass,Information-Sheet,2,Yes,Pass,Pass,,,Mixed_AustinSet1_AustinSH_JaneS_JaneTest1,,,,,,,LeftMale_LeftSign,,consent-quantised,1
4,1580489061084,31/01/2020 16:44:21,1580489071702,-5,31/01/2020 11:44:31,12677,4,questionnaire-t1fh,,3835977,5e1b7c078b6dfb3ab0565e50,1082576,,complete,,5e3459007b6a7a411a3e4816,computer,Desktop or Laptop,Windows 10,Chrome 79.0.3945.130,1366x768,1349x625,Pass,Information-Sheet,2,Yes,Pass,Pass,,,Mixed_AustinSet1_AustinSH_JaneS_JaneTest1,,,,,,,LeftMale_LeftSign,,END QUESTIONNAIRE,42870
1,1580494216432,31/01/2020 18:10:16,1580494205574,-5,31/01/2020 13:10:05,12677,4,questionnaire-t1fh,,3836480,5d2713021a65ad001a3cb87c,1082695,,complete,,5e346d6df26974440e4397ef,computer,Desktop or Laptop,Windows 10,Chrome 79.0.3945.130,1536x864,1536x754,Pass,Information-Sheet,2,Yes,Pass,Pass,,,Mixed_JaneSet1_AustinS_JaneSH_JaneTest1,,,,,,LeftFemale_LeftSign,,,BEGIN QUESTIONNAIRE,
2,1580494271184,31/01/2020 18:11:11,1580494260393,-5,31/01/2020 13:11:00,12677,4,questionnaire-t1fh,,3836480,5d2713021a65ad001a3cb87c,1082695,,complete,,5e346d6df26974440e4397ef,computer,Desktop or Laptop,Windows 10,Chrome 79.0.3945.130,1536x864,1519x754,Pass,Information-Sheet,2,Yes,Pass,Pass,,,Mixed_JaneSet1_AustinS_JaneSH_JaneTest1,,,,,,LeftFemale_LeftSign,,,consent,Yes
3,1580494271401,31/01/2020 18:11:11,1580494260395,-5,31/01/2020 13:11:00,12677,4,questionnaire-t1fh,,3836480,5d2713021a65ad001a3cb87c,1082695,,complete,,5e346d6df26974440e4397ef,computer,Desktop or Laptop,Windows 10,Chrome 79.0.3945.130,1536x864,1519x754,Pass,Information-Sheet,2,Yes,Pass,Pass,,,Mixed_JaneSet1_AustinS_JaneSH_JaneTest1,,,,,,LeftFemale_LeftSign,,,consent-quantised,1
4,1580494271401,31/01/2020 18:11:11,1580494260395,-5,31/01/2020 13:11:00,12677,4,questionnaire-t1fh,,3836480,5d2713021a65ad001a3cb87c,1082695,,complete,,5e346d6df26974440e4397ef,computer,Desktop or Laptop,Windows 10,Chrome 79.0.3945.130,1536x864,1519x754,Pass,Information-Sheet,2,Yes,Pass,Pass,,,Mixed_JaneSet1_AustinS_JaneSH_JaneTest1,,,,,,LeftFemale_LeftSign,,,END QUESTIONNAIRE,54821
END OF FILE
