﻿Event Index,UTC Timestamp,UTC Date,Local Timestamp,Local Timezone,Local Date,Experiment ID,Experiment Version,Tree Node Key,Repeat Key,Schedule ID,Participant Public ID,Participant Private ID,Participant Starting Group,Participant Status,Participant Completion Code,Participant External Session ID,Participant Device Type,Participant Device,Participant OS,Participant Browser,Participant Monitor Size,Participant Viewport Size,Checkpoint,Task Name,Task Version,branch-9edj,branch-ee59,checkpoint-7g4v,branch-52fz,checkpoint-irp3,randomiser-czzd,randomiser-hvq1,randomiser-7do6,randomiser-o6lu,randomiser-b834,randomiser-gfgd,randomiser-ml5o,randomiser-mulp,randomiser-didj,Question Key,Response
1,1580402482012,30/01/2020 16:41:22,1580402481022,-5,30/01/2020 11:41:21,12677,3,questionnaire-t1fh,,3828675,5b6c312fa1fda800015fe165,1080563,,complete,,5e33072366ba442e0ccfd6e3,computer,Desktop or Laptop,Windows 10,Chrome 79.0.3945.130,1920x1080,1920x937,Pass,Information-Sheet,2,Yes,Pass,Pass,,,Mixed_AustinSet1_AustinSH_JaneS_AustinTest1,,,LeftFemale_LeftSign,,,,,,BEGIN QUESTIONNAIRE,
2,1580402490126,30/01/2020 16:41:30,1580402489208,-5,30/01/2020 11:41:29,12677,3,questionnaire-t1fh,,3828675,5b6c312fa1fda800015fe165,1080563,,complete,,5e33072366ba442e0ccfd6e3,computer,Desktop or Laptop,Windows 10,Chrome 79.0.3945.130,1920x1080,1903x937,Pass,Information-Sheet,2,Yes,Pass,Pass,,,Mixed_AustinSet1_AustinSH_JaneS_AustinTest1,,,LeftFemale_LeftSign,,,,,,consent,Yes
3,1580402490252,30/01/2020 16:41:30,1580402489209,-5,30/01/2020 11:41:29,12677,3,questionnaire-t1fh,,3828675,5b6c312fa1fda800015fe165,1080563,,complete,,5e33072366ba442e0ccfd6e3,computer,Desktop or Laptop,Windows 10,Chrome 79.0.3945.130,1920x1080,1903x937,Pass,Information-Sheet,2,Yes,Pass,Pass,,,Mixed_AustinSet1_AustinSH_JaneS_AustinTest1,,,LeftFemale_LeftSign,,,,,,consent-quantised,1
4,1580402490252,30/01/2020 16:41:30,1580402489209,-5,30/01/2020 11:41:29,12677,3,questionnaire-t1fh,,3828675,5b6c312fa1fda800015fe165,1080563,,complete,,5e33072366ba442e0ccfd6e3,computer,Desktop or Laptop,Windows 10,Chrome 79.0.3945.130,1920x1080,1903x937,Pass,Information-Sheet,2,Yes,Pass,Pass,,,Mixed_AustinSet1_AustinSH_JaneS_AustinTest1,,,LeftFemale_LeftSign,,,,,,END QUESTIONNAIRE,8187
1,1580403828772,30/01/2020 17:03:48,1580403828545,-6,30/01/2020 11:03:48,12677,3,questionnaire-t1fh,,3828952,5c935d881754ba001b25697a,1080670,,complete,,5e3309697da72c000a6b362e,computer,Desktop or Laptop,Windows 10,Chrome 79.0.3945.130,1920x1080,1330x951,Pass,Information-Sheet,2,Yes,Pass,Pass,,,Mixed_JaneSet1_AustinSH_JaneS_AustinTest1,,,,LeftFemale_LeftSign,,,,,BEGIN QUESTIONNAIRE,
2,1580403840595,30/01/2020 17:04:00,1580403840395,-6,30/01/2020 11:04:00,12677,3,questionnaire-t1fh,,3828952,5c935d881754ba001b25697a,1080670,,complete,,5e3309697da72c000a6b362e,computer,Desktop or Laptop,Windows 10,Chrome 79.0.3945.130,1920x1080,1313x951,Pass,Information-Sheet,2,Yes,Pass,Pass,,,Mixed_JaneSet1_AustinSH_JaneS_AustinTest1,,,,LeftFemale_LeftSign,,,,,consent,Yes
3,1580403840767,30/01/2020 17:04:00,1580403840396,-6,30/01/2020 11:04:00,12677,3,questionnaire-t1fh,,3828952,5c935d881754ba001b25697a,1080670,,complete,,5e3309697da72c000a6b362e,computer,Desktop or Laptop,Windows 10,Chrome 79.0.3945.130,1920x1080,1313x951,Pass,Information-Sheet,2,Yes,Pass,Pass,,,Mixed_JaneSet1_AustinSH_JaneS_AustinTest1,,,,LeftFemale_LeftSign,,,,,consent-quantised,1
4,1580403840767,30/01/2020 17:04:00,1580403840396,-6,30/01/2020 11:04:00,12677,3,questionnaire-t1fh,,3828952,5c935d881754ba001b25697a,1080670,,complete,,5e3309697da72c000a6b362e,computer,Desktop or Laptop,Windows 10,Chrome 79.0.3945.130,1920x1080,1313x951,Pass,Information-Sheet,2,Yes,Pass,Pass,,,Mixed_JaneSet1_AustinSH_JaneS_AustinTest1,,,,LeftFemale_LeftSign,,,,,END QUESTIONNAIRE,11852
1,1580403832116,30/01/2020 17:03:52,1580403783253,-5,30/01/2020 12:03:03,12677,3,questionnaire-t1fh,,3828955,5c05f92fd30e3200016e1f52,1080672,,complete,,5e330c6ccf93102d823ca832,computer,Desktop or Laptop,Windows 7,Chrome 79.0.3945.130,1920x1080,944x948,Pass,Information-Sheet,2,Yes,Pass,Pass,,,Mixed_AustinSet1_AustinS_JaneSH_JaneTest1,,,,,LeftMale_LeftSign,,,,BEGIN QUESTIONNAIRE,
2,1580403846924,30/01/2020 17:04:06,1580403798115,-5,30/01/2020 12:03:18,12677,3,questionnaire-t1fh,,3828955,5c05f92fd30e3200016e1f52,1080672,,complete,,5e330c6ccf93102d823ca832,computer,Desktop or Laptop,Windows 7,Chrome 79.0.3945.130,1920x1080,944x948,Pass,Information-Sheet,2,Yes,Pass,Pass,,,Mixed_AustinSet1_AustinS_JaneSH_JaneTest1,,,,,LeftMale_LeftSign,,,,consent,Yes
3,1580403847034,30/01/2020 17:04:07,1580403798118,-5,30/01/2020 12:03:18,12677,3,questionnaire-t1fh,,3828955,5c05f92fd30e3200016e1f52,1080672,,complete,,5e330c6ccf93102d823ca832,computer,Desktop or Laptop,Windows 7,Chrome 79.0.3945.130,1920x1080,944x948,Pass,Information-Sheet,2,Yes,Pass,Pass,,,Mixed_AustinSet1_AustinS_JaneSH_JaneTest1,,,,,LeftMale_LeftSign,,,,consent-quantised,1
4,1580403847034,30/01/2020 17:04:07,1580403798118,-5,30/01/2020 12:03:18,12677,3,questionnaire-t1fh,,3828955,5c05f92fd30e3200016e1f52,1080672,,complete,,5e330c6ccf93102d823ca832,computer,Desktop or Laptop,Windows 7,Chrome 79.0.3945.130,1920x1080,944x948,Pass,Information-Sheet,2,Yes,Pass,Pass,,,Mixed_AustinSet1_AustinS_JaneSH_JaneTest1,,,,,LeftMale_LeftSign,,,,END QUESTIONNAIRE,14865
1,1580403858286,30/01/2020 17:04:18,1580403862392,-5,30/01/2020 12:04:22,12677,3,questionnaire-t1fh,,3828965,5e164a28e632e1c21416c28e,1080673,,complete,,5e34588cd87fbf426ad9a544,computer,Desktop or Laptop,Windows 10,Chrome 79.0.3945.130,1366x768,1366x625,Pass,Information-Sheet,2,Yes,Fail,Pass,Pass,,Mixed_AustinSet1_AustinSH_JaneS_JaneTest1,,,,,,,LeftFemale_LeftShine,,BEGIN QUESTIONNAIRE,
2,1580403924365,30/01/2020 17:05:24,1580403928531,-5,30/01/2020 12:05:28,12677,3,questionnaire-t1fh,,3828965,5e164a28e632e1c21416c28e,1080673,,complete,,5e34588cd87fbf426ad9a544,computer,Desktop or Laptop,Windows 10,Chrome 79.0.3945.130,1366x768,1349x625,Pass,Information-Sheet,2,Yes,Fail,Pass,Pass,,Mixed_AustinSet1_AustinSH_JaneS_JaneTest1,,,,,,,LeftFemale_LeftShine,,consent,Yes
3,1580403924553,30/01/2020 17:05:24,1580403928534,-5,30/01/2020 12:05:28,12677,3,questionnaire-t1fh,,3828965,5e164a28e632e1c21416c28e,1080673,,complete,,5e34588cd87fbf426ad9a544,computer,Desktop or Laptop,Windows 10,Chrome 79.0.3945.130,1366x768,1349x625,Pass,Information-Sheet,2,Yes,Fail,Pass,Pass,,Mixed_AustinSet1_AustinSH_JaneS_JaneTest1,,,,,,,LeftFemale_LeftShine,,consent-quantised,1
4,1580403924553,30/01/2020 17:05:24,1580403928534,-5,30/01/2020 12:05:28,12677,3,questionnaire-t1fh,,3828965,5e164a28e632e1c21416c28e,1080673,,complete,,5e34588cd87fbf426ad9a544,computer,Desktop or Laptop,Windows 10,Chrome 79.0.3945.130,1366x768,1349x625,Pass,Information-Sheet,2,Yes,Fail,Pass,Pass,,Mixed_AustinSet1_AustinSH_JaneS_JaneTest1,,,,,,,LeftFemale_LeftShine,,END QUESTIONNAIRE,66142
1,1580403940460,30/01/2020 17:05:40,1580403943719,-6,30/01/2020 11:05:43,12677,3,questionnaire-t1fh,,3828986,59ad90eb9fdf6c0001cba998,1080680,,complete,,5e330cac1647b82ccb387a03,computer,Desktop or Laptop,Windows 10,Firefox 72.0,1600x1200,1600x1036,Pass,Information-Sheet,2,Yes,Pass,Pass,,,Mixed_JaneSet1_AustinS_JaneSH_JaneTest1,,,,,,LeftFemale_LeftShine,,,BEGIN QUESTIONNAIRE,
2,1580404005879,30/01/2020 17:06:45,1580404009244,-6,30/01/2020 11:06:49,12677,3,questionnaire-t1fh,,3828986,59ad90eb9fdf6c0001cba998,1080680,,complete,,5e330cac1647b82ccb387a03,computer,Desktop or Laptop,Windows 10,Firefox 72.0,1600x1200,1600x1036,Pass,Information-Sheet,2,Yes,Pass,Pass,,,Mixed_JaneSet1_AustinS_JaneSH_JaneTest1,,,,,,LeftFemale_LeftShine,,,consent,Yes
3,1580404006103,30/01/2020 17:06:46,1580404009246,-6,30/01/2020 11:06:49,12677,3,questionnaire-t1fh,,3828986,59ad90eb9fdf6c0001cba998,1080680,,complete,,5e330cac1647b82ccb387a03,computer,Desktop or Laptop,Windows 10,Firefox 72.0,1600x1200,1600x1036,Pass,Information-Sheet,2,Yes,Pass,Pass,,,Mixed_JaneSet1_AustinS_JaneSH_JaneTest1,,,,,,LeftFemale_LeftShine,,,consent-quantised,1
4,1580404006103,30/01/2020 17:06:46,1580404009246,-6,30/01/2020 11:06:49,12677,3,questionnaire-t1fh,,3828986,59ad90eb9fdf6c0001cba998,1080680,,complete,,5e330cac1647b82ccb387a03,computer,Desktop or Laptop,Windows 10,Firefox 72.0,1600x1200,1600x1036,Pass,Information-Sheet,2,Yes,Pass,Pass,,,Mixed_JaneSet1_AustinS_JaneSH_JaneTest1,,,,,,LeftFemale_LeftShine,,,END QUESTIONNAIRE,65527
1,1580404036352,30/01/2020 17:07:16,1580404036205,-5,30/01/2020 12:07:16,12677,3,questionnaire-t1fh,,3829006,580cab86b869700001d71628,1080687,,complete,,5e330d38fe3cc32da2ab664f,computer,Desktop or Laptop,Mac OS 10.15.2,Chrome 79.0.3945.130,1680x1050,1677x805,Pass,Information-Sheet,2,Yes,Pass,Pass,,,Mixed_JaneSet1_AustinSH_JaneS_JaneTest1,,,,,,,,LeftFemale_LeftSign,BEGIN QUESTIONNAIRE,
2,1580404143236,30/01/2020 17:09:03,1580404143149,-5,30/01/2020 12:09:03,12677,3,questionnaire-t1fh,,3829006,580cab86b869700001d71628,1080687,,complete,,5e330d38fe3cc32da2ab664f,computer,Desktop or Laptop,Mac OS 10.15.2,Chrome 79.0.3945.130,1680x1050,1662x805,Pass,Information-Sheet,2,Yes,Pass,Pass,,,Mixed_JaneSet1_AustinSH_JaneS_JaneTest1,,,,,,,,LeftFemale_LeftSign,consent,Yes
3,1580404143361,30/01/2020 17:09:03,1580404143150,-5,30/01/2020 12:09:03,12677,3,questionnaire-t1fh,,3829006,580cab86b869700001d71628,1080687,,complete,,5e330d38fe3cc32da2ab664f,computer,Desktop or Laptop,Mac OS 10.15.2,Chrome 79.0.3945.130,1680x1050,1662x805,Pass,Information-Sheet,2,Yes,Pass,Pass,,,Mixed_JaneSet1_AustinSH_JaneS_JaneTest1,,,,,,,,LeftFemale_LeftSign,consent-quantised,1
4,1580404143361,30/01/2020 17:09:03,1580404143150,-5,30/01/2020 12:09:03,12677,3,questionnaire-t1fh,,3829006,580cab86b869700001d71628,1080687,,complete,,5e330d38fe3cc32da2ab664f,computer,Desktop or Laptop,Mac OS 10.15.2,Chrome 79.0.3945.130,1680x1050,1662x805,Pass,Information-Sheet,2,Yes,Pass,Pass,,,Mixed_JaneSet1_AustinSH_JaneS_JaneTest1,,,,,,,,LeftFemale_LeftSign,END QUESTIONNAIRE,106945
1,1580404037415,30/01/2020 17:07:17,1580404039175,-5,30/01/2020 12:07:19,12677,3,questionnaire-t1fh,,3829007,5dbdc1d62a1dd62eb48ae957,1080688,,complete,,5e330d3922d9f62defa11855,computer,Desktop or Laptop,Windows 10,Chrome 79.0.3945.130,1366x768,1366x657,Pass,Information-Sheet,2,Yes,Fail,Pass,Pass,,Mixed_AustinSet1_AustinSH_JaneS_AustinTest1,,,LeftMale_LeftShine,,,,,,BEGIN QUESTIONNAIRE,
2,1580404056382,30/01/2020 17:07:36,1580404057049,-5,30/01/2020 12:07:37,12677,3,questionnaire-t1fh,,3829007,5dbdc1d62a1dd62eb48ae957,1080688,,complete,,5e330d3922d9f62defa11855,computer,Desktop or Laptop,Windows 10,Chrome 79.0.3945.130,1366x768,1349x657,Pass,Information-Sheet,2,Yes,Fail,Pass,Pass,,Mixed_AustinSet1_AustinSH_JaneS_AustinTest1,,,LeftMale_LeftShine,,,,,,consent,Yes
3,1580404056553,30/01/2020 17:07:36,1580404057052,-5,30/01/2020 12:07:37,12677,3,questionnaire-t1fh,,3829007,5dbdc1d62a1dd62eb48ae957,1080688,,complete,,5e330d3922d9f62defa11855,computer,Desktop or Laptop,Windows 10,Chrome 79.0.3945.130,1366x768,1349x657,Pass,Information-Sheet,2,Yes,Fail,Pass,Pass,,Mixed_AustinSet1_AustinSH_JaneS_AustinTest1,,,LeftMale_LeftShine,,,,,,consent-quantised,1
4,1580404056553,30/01/2020 17:07:36,1580404057053,-5,30/01/2020 12:07:37,12677,3,questionnaire-t1fh,,3829007,5dbdc1d62a1dd62eb48ae957,1080688,,complete,,5e330d3922d9f62defa11855,computer,Desktop or Laptop,Windows 10,Chrome 79.0.3945.130,1366x768,1349x657,Pass,Information-Sheet,2,Yes,Fail,Pass,Pass,,Mixed_AustinSet1_AustinSH_JaneS_AustinTest1,,,LeftMale_LeftShine,,,,,,END QUESTIONNAIRE,17879
1,1580404132906,30/01/2020 17:08:52,1580404163466,-5,30/01/2020 12:09:23,12677,3,questionnaire-t1fh,,3829034,5dd602ad1b28c05ad0367ebd,1080695,,complete,,5e330d8a9202d92ddd51146c,computer,Desktop or Laptop,Windows 10,Chrome 79.0.3945.130,1366x768,1366x625,Pass,Information-Sheet,2,Yes,Pass,Pass,,,Mixed_JaneSet1_AustinS_JaneSH_AustinTest1,,LeftMale_LeftShine,,,,,,,BEGIN QUESTIONNAIRE,
2,1580404369366,30/01/2020 17:12:49,1580404399615,-5,30/01/2020 12:13:19,12677,3,questionnaire-t1fh,,3829034,5dd602ad1b28c05ad0367ebd,1080695,,complete,,5e330d8a9202d92ddd51146c,computer,Desktop or Laptop,Windows 10,Chrome 79.0.3945.130,1366x768,1349x625,Pass,Information-Sheet,2,Yes,Pass,Pass,,,Mixed_JaneSet1_AustinS_JaneSH_AustinTest1,,LeftMale_LeftShine,,,,,,,consent,Yes
3,1580404369539,30/01/2020 17:12:49,1580404399621,-5,30/01/2020 12:13:19,12677,3,questionnaire-t1fh,,3829034,5dd602ad1b28c05ad0367ebd,1080695,,complete,,5e330d8a9202d92ddd51146c,computer,Desktop or Laptop,Windows 10,Chrome 79.0.3945.130,1366x768,1349x625,Pass,Information-Sheet,2,Yes,Pass,Pass,,,Mixed_JaneSet1_AustinS_JaneSH_AustinTest1,,LeftMale_LeftShine,,,,,,,consent-quantised,1
4,1580404369539,30/01/2020 17:12:49,1580404399622,-5,30/01/2020 12:13:19,12677,3,questionnaire-t1fh,,3829034,5dd602ad1b28c05ad0367ebd,1080695,,complete,,5e330d8a9202d92ddd51146c,computer,Desktop or Laptop,Windows 10,Chrome 79.0.3945.130,1366x768,1349x625,Pass,Information-Sheet,2,Yes,Pass,Pass,,,Mixed_JaneSet1_AustinS_JaneSH_AustinTest1,,LeftMale_LeftShine,,,,,,,END QUESTIONNAIRE,236156
1,1580404335637,30/01/2020 17:12:15,1580404335251,-6,30/01/2020 11:12:15,12677,3,questionnaire-t1fh,,3829085,5e149736e632e1a92be5738c,1080711,,complete,,5e330e604bf4622d41a556a7,computer,Desktop or Laptop,Windows 10,Firefox 72.0,1366x768,1366x654,Pass,Information-Sheet,2,Yes,Pass,Pass,,,Mixed_AustinSet1_AustinS_JaneSH_JaneTest1,,,,,LeftMale_LeftShine,,,,BEGIN QUESTIONNAIRE,
2,1580404405123,30/01/2020 17:13:25,1580404404572,-6,30/01/2020 11:13:24,12677,3,questionnaire-t1fh,,3829085,5e149736e632e1a92be5738c,1080711,,complete,,5e330e604bf4622d41a556a7,computer,Desktop or Laptop,Windows 10,Firefox 72.0,1366x768,1349x654,Pass,Information-Sheet,2,Yes,Pass,Pass,,,Mixed_AustinSet1_AustinS_JaneSH_JaneTest1,,,,,LeftMale_LeftShine,,,,consent,Yes
3,1580404405295,30/01/2020 17:13:25,1580404404583,-6,30/01/2020 11:13:24,12677,3,questionnaire-t1fh,,3829085,5e149736e632e1a92be5738c,1080711,,complete,,5e330e604bf4622d41a556a7,computer,Desktop or Laptop,Windows 10,Firefox 72.0,1366x768,1349x654,Pass,Information-Sheet,2,Yes,Pass,Pass,,,Mixed_AustinSet1_AustinS_JaneSH_JaneTest1,,,,,LeftMale_LeftShine,,,,consent-quantised,1
4,1580404405295,30/01/2020 17:13:25,1580404404584,-6,30/01/2020 11:13:24,12677,3,questionnaire-t1fh,,3829085,5e149736e632e1a92be5738c,1080711,,complete,,5e330e604bf4622d41a556a7,computer,Desktop or Laptop,Windows 10,Firefox 72.0,1366x768,1349x654,Pass,Information-Sheet,2,Yes,Pass,Pass,,,Mixed_AustinSet1_AustinS_JaneSH_JaneTest1,,,,,LeftMale_LeftShine,,,,END QUESTIONNAIRE,69333
1,1580404351143,30/01/2020 17:12:31,1580404516542,-7,30/01/2020 10:15:16,12677,3,questionnaire-t1fh,,3829088,5c2515f410677f0001db43f6,1080713,,complete,,5e330e6a4e448c2e708c61ca,computer,Desktop or Laptop,Mac OS 10.12.5,Chrome 79.0.3945.130,1366x768,1270x621,Pass,Information-Sheet,2,Yes,Pass,Pass,,,Mixed_JaneSet1_AustinSH_JaneS_AustinTest1,,,,LeftMale_LeftShine,,,,,BEGIN QUESTIONNAIRE,
2,1580404381716,30/01/2020 17:13:01,1580404547212,-7,30/01/2020 10:15:47,12677,3,questionnaire-t1fh,,3829088,5c2515f410677f0001db43f6,1080713,,complete,,5e330e6a4e448c2e708c61ca,computer,Desktop or Laptop,Mac OS 10.12.5,Chrome 79.0.3945.130,1366x768,1270x621,Pass,Information-Sheet,2,Yes,Pass,Pass,,,Mixed_JaneSet1_AustinSH_JaneS_AustinTest1,,,,LeftMale_LeftShine,,,,,consent,Yes
3,1580404381968,30/01/2020 17:13:01,1580404547215,-7,30/01/2020 10:15:47,12677,3,questionnaire-t1fh,,3829088,5c2515f410677f0001db43f6,1080713,,complete,,5e330e6a4e448c2e708c61ca,computer,Desktop or Laptop,Mac OS 10.12.5,Chrome 79.0.3945.130,1366x768,1270x621,Pass,Information-Sheet,2,Yes,Pass,Pass,,,Mixed_JaneSet1_AustinSH_JaneS_AustinTest1,,,,LeftMale_LeftShine,,,,,consent-quantised,1
4,1580404381968,30/01/2020 17:13:01,1580404547215,-7,30/01/2020 10:15:47,12677,3,questionnaire-t1fh,,3829088,5c2515f410677f0001db43f6,1080713,,complete,,5e330e6a4e448c2e708c61ca,computer,Desktop or Laptop,Mac OS 10.12.5,Chrome 79.0.3945.130,1366x768,1270x621,Pass,Information-Sheet,2,Yes,Pass,Pass,,,Mixed_JaneSet1_AustinSH_JaneS_AustinTest1,,,,LeftMale_LeftShine,,,,,END QUESTIONNAIRE,30673
1,1580404423829,30/01/2020 17:13:43,1580404423675,-6,30/01/2020 11:13:43,12677,3,questionnaire-t1fh,,3829101,5acb6d77e734400001da7928,1080716,,complete,,5e330ebec5ddaa2dd9e4f40d,computer,Desktop or Laptop,Windows 10,Firefox 74.0,1920x1080,1920x966,Pass,Information-Sheet,2,Yes,Pass,Pass,,,Mixed_AustinSet1_AustinSH_JaneS_AustinTest1,,,LeftFemale_LeftShine,,,,,,BEGIN QUESTIONNAIRE,
2,1580404434119,30/01/2020 17:13:54,1580404434038,-6,30/01/2020 11:13:54,12677,3,questionnaire-t1fh,,3829101,5acb6d77e734400001da7928,1080716,,complete,,5e330ebec5ddaa2dd9e4f40d,computer,Desktop or Laptop,Windows 10,Firefox 74.0,1920x1080,1903x966,Pass,Information-Sheet,2,Yes,Pass,Pass,,,Mixed_AustinSet1_AustinSH_JaneS_AustinTest1,,,LeftFemale_LeftShine,,,,,,consent,Yes
3,1580404434257,30/01/2020 17:13:54,1580404434039,-6,30/01/2020 11:13:54,12677,3,questionnaire-t1fh,,3829101,5acb6d77e734400001da7928,1080716,,complete,,5e330ebec5ddaa2dd9e4f40d,computer,Desktop or Laptop,Windows 10,Firefox 74.0,1920x1080,1903x966,Pass,Information-Sheet,2,Yes,Pass,Pass,,,Mixed_AustinSet1_AustinSH_JaneS_AustinTest1,,,LeftFemale_LeftShine,,,,,,consent-quantised,1
4,1580404434257,30/01/2020 17:13:54,1580404434039,-6,30/01/2020 11:13:54,12677,3,questionnaire-t1fh,,3829101,5acb6d77e734400001da7928,1080716,,complete,,5e330ebec5ddaa2dd9e4f40d,computer,Desktop or Laptop,Windows 10,Firefox 74.0,1920x1080,1903x966,Pass,Information-Sheet,2,Yes,Pass,Pass,,,Mixed_AustinSet1_AustinSH_JaneS_AustinTest1,,,LeftFemale_LeftShine,,,,,,END QUESTIONNAIRE,10364
1,1580404442423,30/01/2020 17:14:02,1580404442275,-5,30/01/2020 12:14:02,12677,3,questionnaire-t1fh,,3829108,5c49daf27634520001c6581b,1080717,,complete,,5e330dfa87b8ef2d6c55313c,computer,Desktop or Laptop,Mac OS 10.14.0,Chrome 79.0.3945.117,1440x900,1440x821,Pass,Information-Sheet,2,Yes,Pass,Pass,,,Mixed_AustinSet1_AustinS_JaneSH_JaneTest1,,,,,LeftFemale_LeftShine,,,,BEGIN QUESTIONNAIRE,
2,1580404459456,30/01/2020 17:14:19,1580404458824,-5,30/01/2020 12:14:18,12677,3,questionnaire-t1fh,,3829108,5c49daf27634520001c6581b,1080717,,complete,,5e330dfa87b8ef2d6c55313c,computer,Desktop or Laptop,Mac OS 10.14.0,Chrome 79.0.3945.117,1440x900,1440x821,Pass,Information-Sheet,2,Yes,Pass,Pass,,,Mixed_AustinSet1_AustinS_JaneSH_JaneTest1,,,,,LeftFemale_LeftShine,,,,consent,Yes
3,1580404459612,30/01/2020 17:14:19,1580404458827,-5,30/01/2020 12:14:18,12677,3,questionnaire-t1fh,,3829108,5c49daf27634520001c6581b,1080717,,complete,,5e330dfa87b8ef2d6c55313c,computer,Desktop or Laptop,Mac OS 10.14.0,Chrome 79.0.3945.117,1440x900,1440x821,Pass,Information-Sheet,2,Yes,Pass,Pass,,,Mixed_AustinSet1_AustinS_JaneSH_JaneTest1,,,,,LeftFemale_LeftShine,,,,consent-quantised,1
4,1580404459612,30/01/2020 17:14:19,1580404458827,-5,30/01/2020 12:14:18,12677,3,questionnaire-t1fh,,3829108,5c49daf27634520001c6581b,1080717,,complete,,5e330dfa87b8ef2d6c55313c,computer,Desktop or Laptop,Mac OS 10.14.0,Chrome 79.0.3945.117,1440x900,1440x821,Pass,Information-Sheet,2,Yes,Pass,Pass,,,Mixed_AustinSet1_AustinS_JaneSH_JaneTest1,,,,,LeftFemale_LeftShine,,,,END QUESTIONNAIRE,16552
1,1580404460737,30/01/2020 17:14:20,1580404461066,-6,30/01/2020 11:14:21,12677,3,questionnaire-t1fh,,3829114,578d3224900cc80001d2e704,1080719,,complete,,5e330ed1cf7d032d6abf470c,computer,Desktop or Laptop,Windows 10,Chrome 79.0.3945.130,1536x864,1536x754,Pass,Information-Sheet,2,Yes,Pass,Pass,,,Mixed_JaneSet1_AustinSH_JaneS_JaneTest1,,,,,,,,LeftMale_LeftShine,BEGIN QUESTIONNAIRE,
2,1580404470706,30/01/2020 17:14:30,1580404471092,-6,30/01/2020 11:14:31,12677,3,questionnaire-t1fh,,3829114,578d3224900cc80001d2e704,1080719,,complete,,5e330ed1cf7d032d6abf470c,computer,Desktop or Laptop,Windows 10,Chrome 79.0.3945.130,1536x864,1519x754,Pass,Information-Sheet,2,Yes,Pass,Pass,,,Mixed_JaneSet1_AustinSH_JaneS_JaneTest1,,,,,,,,LeftMale_LeftShine,consent,Yes
3,1580404470925,30/01/2020 17:14:30,1580404471096,-6,30/01/2020 11:14:31,12677,3,questionnaire-t1fh,,3829114,578d3224900cc80001d2e704,1080719,,complete,,5e330ed1cf7d032d6abf470c,computer,Desktop or Laptop,Windows 10,Chrome 79.0.3945.130,1536x864,1519x754,Pass,Information-Sheet,2,Yes,Pass,Pass,,,Mixed_JaneSet1_AustinSH_JaneS_JaneTest1,,,,,,,,LeftMale_LeftShine,consent-quantised,1
4,1580404470925,30/01/2020 17:14:30,1580404471097,-6,30/01/2020 11:14:31,12677,3,questionnaire-t1fh,,3829114,578d3224900cc80001d2e704,1080719,,complete,,5e330ed1cf7d032d6abf470c,computer,Desktop or Laptop,Windows 10,Chrome 79.0.3945.130,1536x864,1519x754,Pass,Information-Sheet,2,Yes,Pass,Pass,,,Mixed_JaneSet1_AustinSH_JaneS_JaneTest1,,,,,,,,LeftMale_LeftShine,END QUESTIONNAIRE,10031
1,1580404508882,30/01/2020 17:15:08,1580404508469,-5,30/01/2020 12:15:08,12677,3,questionnaire-t1fh,,3829135,5c60545539a6c60001ffd3e9,1080722,,complete,,5e330f0b5f649d000c7eaeb0,computer,Desktop or Laptop,Windows 10,Chrome 79.0.3945.130,1368x912,1368x770,Pass,Information-Sheet,2,Yes,Fail,Pass,Pass,,Mixed_JaneSet1_AustinSH_JaneS_AustinTest1,,,,LeftFemale_LeftShine,,,,,BEGIN QUESTIONNAIRE,
2,1580404538331,30/01/2020 17:15:38,1580404537875,-5,30/01/2020 12:15:37,12677,3,questionnaire-t1fh,,3829135,5c60545539a6c60001ffd3e9,1080722,,complete,,5e330f0b5f649d000c7eaeb0,computer,Desktop or Laptop,Windows 10,Chrome 79.0.3945.130,1368x912,1351x770,Pass,Information-Sheet,2,Yes,Fail,Pass,Pass,,Mixed_JaneSet1_AustinSH_JaneS_AustinTest1,,,,LeftFemale_LeftShine,,,,,consent,Yes
3,1580404538502,30/01/2020 17:15:38,1580404537879,-5,30/01/2020 12:15:37,12677,3,questionnaire-t1fh,,3829135,5c60545539a6c60001ffd3e9,1080722,,complete,,5e330f0b5f649d000c7eaeb0,computer,Desktop or Laptop,Windows 10,Chrome 79.0.3945.130,1368x912,1351x770,Pass,Information-Sheet,2,Yes,Fail,Pass,Pass,,Mixed_JaneSet1_AustinSH_JaneS_AustinTest1,,,,LeftFemale_LeftShine,,,,,consent-quantised,1
4,1580404538502,30/01/2020 17:15:38,1580404537880,-5,30/01/2020 12:15:37,12677,3,questionnaire-t1fh,,3829135,5c60545539a6c60001ffd3e9,1080722,,complete,,5e330f0b5f649d000c7eaeb0,computer,Desktop or Laptop,Windows 10,Chrome 79.0.3945.130,1368x912,1351x770,Pass,Information-Sheet,2,Yes,Fail,Pass,Pass,,Mixed_JaneSet1_AustinSH_JaneS_AustinTest1,,,,LeftFemale_LeftShine,,,,,END QUESTIONNAIRE,29411
1,1580404563793,30/01/2020 17:16:03,1580404563624,-5,30/01/2020 12:16:03,12677,3,questionnaire-t1fh,,3829161,5df7d36bdc853556a6747900,1080726,,complete,,5e330f45e0abfd2df0152e72,computer,Desktop or Laptop,Mac OS 10.12.6,Safari 12.1.2,1280x800,1280x628,Pass,Information-Sheet,2,Yes,Fail,Pass,Pass,,Mixed_AustinSet1_AustinS_JaneSH_JaneTest1,,,,,LeftFemale_LeftSign,,,,BEGIN QUESTIONNAIRE,
2,1580404602882,30/01/2020 17:16:42,1580404602826,-5,30/01/2020 12:16:42,12677,3,questionnaire-t1fh,,3829161,5df7d36bdc853556a6747900,1080726,,complete,,5e330f45e0abfd2df0152e72,computer,Desktop or Laptop,Mac OS 10.12.6,Safari 12.1.2,1280x800,1280x628,Pass,Information-Sheet,2,Yes,Fail,Pass,Pass,,Mixed_AustinSet1_AustinS_JaneSH_JaneTest1,,,,,LeftFemale_LeftSign,,,,consent,Yes
3,1580404603022,30/01/2020 17:16:43,1580404602827,-5,30/01/2020 12:16:42,12677,3,questionnaire-t1fh,,3829161,5df7d36bdc853556a6747900,1080726,,complete,,5e330f45e0abfd2df0152e72,computer,Desktop or Laptop,Mac OS 10.12.6,Safari 12.1.2,1280x800,1280x628,Pass,Information-Sheet,2,Yes,Fail,Pass,Pass,,Mixed_AustinSet1_AustinS_JaneSH_JaneTest1,,,,,LeftFemale_LeftSign,,,,consent-quantised,1
4,1580404603022,30/01/2020 17:16:43,1580404602828,-5,30/01/2020 12:16:42,12677,3,questionnaire-t1fh,,3829161,5df7d36bdc853556a6747900,1080726,,complete,,5e330f45e0abfd2df0152e72,computer,Desktop or Laptop,Mac OS 10.12.6,Safari 12.1.2,1280x800,1280x628,Pass,Information-Sheet,2,Yes,Fail,Pass,Pass,,Mixed_AustinSet1_AustinS_JaneSH_JaneTest1,,,,,LeftFemale_LeftSign,,,,END QUESTIONNAIRE,39205
1,1580404589911,30/01/2020 17:16:29,1580404588738,-6,30/01/2020 11:16:28,12677,3,questionnaire-t1fh,,3829178,5dd59e901986eb55f1e2cb22,1080728,,complete,,5e330f63aa8b062dc5ab1b50,computer,Desktop or Laptop,Windows 10,Chrome 79.0.3945.130,1920x1080,1920x969,Pass,Information-Sheet,2,Yes,Pass,Pass,,,Mixed_AustinSet1_AustinS_JaneSH_AustinTest1,LeftFemale_LeftSign,,,,,,,,BEGIN QUESTIONNAIRE,
2,1580404605960,30/01/2020 17:16:45,1580404604847,-6,30/01/2020 11:16:44,12677,3,questionnaire-t1fh,,3829178,5dd59e901986eb55f1e2cb22,1080728,,complete,,5e330f63aa8b062dc5ab1b50,computer,Desktop or Laptop,Windows 10,Chrome 79.0.3945.130,1920x1080,1903x969,Pass,Information-Sheet,2,Yes,Pass,Pass,,,Mixed_AustinSet1_AustinS_JaneSH_AustinTest1,LeftFemale_LeftSign,,,,,,,,consent,Yes
3,1580404606116,30/01/2020 17:16:46,1580404604849,-6,30/01/2020 11:16:44,12677,3,questionnaire-t1fh,,3829178,5dd59e901986eb55f1e2cb22,1080728,,complete,,5e330f63aa8b062dc5ab1b50,computer,Desktop or Laptop,Windows 10,Chrome 79.0.3945.130,1920x1080,1903x969,Pass,Information-Sheet,2,Yes,Pass,Pass,,,Mixed_AustinSet1_AustinS_JaneSH_AustinTest1,LeftFemale_LeftSign,,,,,,,,consent-quantised,1
4,1580404606116,30/01/2020 17:16:46,1580404604849,-6,30/01/2020 11:16:44,12677,3,questionnaire-t1fh,,3829178,5dd59e901986eb55f1e2cb22,1080728,,complete,,5e330f63aa8b062dc5ab1b50,computer,Desktop or Laptop,Windows 10,Chrome 79.0.3945.130,1920x1080,1903x969,Pass,Information-Sheet,2,Yes,Pass,Pass,,,Mixed_AustinSet1_AustinS_JaneSH_AustinTest1,LeftFemale_LeftSign,,,,,,,,END QUESTIONNAIRE,16111
1,1580404593677,30/01/2020 17:16:33,1580404591616,-5,30/01/2020 12:16:31,12677,3,questionnaire-t1fh,,3829181,5ddd729cbca2e4cd1f4a3a3c,1080729,,complete,,5e330e7b3db0372d76c6cbd9,computer,Desktop or Laptop,Windows 10,Firefox 72.0,1920x1080,1116x916,Pass,Information-Sheet,2,Yes,Pass,Pass,,,Mixed_JaneSet1_AustinS_JaneSH_AustinTest1,,LeftFemale_LeftSign,,,,,,,BEGIN QUESTIONNAIRE,
2,1580404604444,30/01/2020 17:16:44,1580404602437,-5,30/01/2020 12:16:42,12677,3,questionnaire-t1fh,,3829181,5ddd729cbca2e4cd1f4a3a3c,1080729,,complete,,5e330e7b3db0372d76c6cbd9,computer,Desktop or Laptop,Windows 10,Firefox 72.0,1920x1080,1116x916,Pass,Information-Sheet,2,Yes,Pass,Pass,,,Mixed_JaneSet1_AustinS_JaneSH_AustinTest1,,LeftFemale_LeftSign,,,,,,,consent,Yes
3,1580404604584,30/01/2020 17:16:44,1580404602439,-5,30/01/2020 12:16:42,12677,3,questionnaire-t1fh,,3829181,5ddd729cbca2e4cd1f4a3a3c,1080729,,complete,,5e330e7b3db0372d76c6cbd9,computer,Desktop or Laptop,Windows 10,Firefox 72.0,1920x1080,1116x916,Pass,Information-Sheet,2,Yes,Pass,Pass,,,Mixed_JaneSet1_AustinS_JaneSH_AustinTest1,,LeftFemale_LeftSign,,,,,,,consent-quantised,1
4,1580404604584,30/01/2020 17:16:44,1580404602439,-5,30/01/2020 12:16:42,12677,3,questionnaire-t1fh,,3829181,5ddd729cbca2e4cd1f4a3a3c,1080729,,complete,,5e330e7b3db0372d76c6cbd9,computer,Desktop or Laptop,Windows 10,Firefox 72.0,1920x1080,1116x916,Pass,Information-Sheet,2,Yes,Pass,Pass,,,Mixed_JaneSet1_AustinS_JaneSH_AustinTest1,,LeftFemale_LeftSign,,,,,,,END QUESTIONNAIRE,10823
1,1580404613740,30/01/2020 17:16:53,1580404614249,-5,30/01/2020 12:16:54,12677,3,questionnaire-t1fh,,3829196,5d4d6bc146fc3900174b727c,1080732,,complete,,5e330f753db17e2dab9d55b6,computer,Desktop or Laptop,Chromium OS 12607.82.0,Chrome 79.0.3945.123,1090x727,1090x624,Pass,Information-Sheet,2,Yes,Pass,Pass,,,Mixed_AustinSet1_AustinSH_JaneS_AustinTest1,,,LeftMale_LeftSign,,,,,,BEGIN QUESTIONNAIRE,
2,1580404632953,30/01/2020 17:17:12,1580404632929,-5,30/01/2020 12:17:12,12677,3,questionnaire-t1fh,,3829196,5d4d6bc146fc3900174b727c,1080732,,complete,,5e330f753db17e2dab9d55b6,computer,Desktop or Laptop,Chromium OS 12607.82.0,Chrome 79.0.3945.123,1090x727,1090x624,Pass,Information-Sheet,2,Yes,Pass,Pass,,,Mixed_AustinSet1_AustinSH_JaneS_AustinTest1,,,LeftMale_LeftSign,,,,,,consent,Yes
3,1580404633297,30/01/2020 17:17:13,1580404632933,-5,30/01/2020 12:17:12,12677,3,questionnaire-t1fh,,3829196,5d4d6bc146fc3900174b727c,1080732,,complete,,5e330f753db17e2dab9d55b6,computer,Desktop or Laptop,Chromium OS 12607.82.0,Chrome 79.0.3945.123,1090x727,1090x624,Pass,Information-Sheet,2,Yes,Pass,Pass,,,Mixed_AustinSet1_AustinSH_JaneS_AustinTest1,,,LeftMale_LeftSign,,,,,,consent-quantised,1
4,1580404633297,30/01/2020 17:17:13,1580404632933,-5,30/01/2020 12:17:12,12677,3,questionnaire-t1fh,,3829196,5d4d6bc146fc3900174b727c,1080732,,complete,,5e330f753db17e2dab9d55b6,computer,Desktop or Laptop,Chromium OS 12607.82.0,Chrome 79.0.3945.123,1090x727,1090x624,Pass,Information-Sheet,2,Yes,Pass,Pass,,,Mixed_AustinSet1_AustinSH_JaneS_AustinTest1,,,LeftMale_LeftSign,,,,,,END QUESTIONNAIRE,18684
1,1580404739544,30/01/2020 17:18:59,1580404739323,-5,30/01/2020 12:18:59,12677,3,questionnaire-t1fh,,3829249,5dcec20ed3ac2a000e43809a,1080740,,complete,,5e330ffb4e6604041ced4b0d,computer,Desktop or Laptop,Windows 10,Chrome 79.0.3945.130,1920x1080,942x927,Pass,Information-Sheet,2,Yes,Pass,Pass,,,Mixed_AustinSet1_AustinSH_JaneS_JaneTest1,,,,,,,LeftMale_LeftSign,,BEGIN QUESTIONNAIRE,
2,1580404749657,30/01/2020 17:19:09,1580404749485,-5,30/01/2020 12:19:09,12677,3,questionnaire-t1fh,,3829249,5dcec20ed3ac2a000e43809a,1080740,,complete,,5e330ffb4e6604041ced4b0d,computer,Desktop or Laptop,Windows 10,Chrome 79.0.3945.130,1920x1080,942x927,Pass,Information-Sheet,2,Yes,Pass,Pass,,,Mixed_AustinSet1_AustinSH_JaneS_JaneTest1,,,,,,,LeftMale_LeftSign,,consent,Yes
3,1580404749796,30/01/2020 17:19:09,1580404749487,-5,30/01/2020 12:19:09,12677,3,questionnaire-t1fh,,3829249,5dcec20ed3ac2a000e43809a,1080740,,complete,,5e330ffb4e6604041ced4b0d,computer,Desktop or Laptop,Windows 10,Chrome 79.0.3945.130,1920x1080,942x927,Pass,Information-Sheet,2,Yes,Pass,Pass,,,Mixed_AustinSet1_AustinSH_JaneS_JaneTest1,,,,,,,LeftMale_LeftSign,,consent-quantised,1
4,1580404749796,30/01/2020 17:19:09,1580404749487,-5,30/01/2020 12:19:09,12677,3,questionnaire-t1fh,,3829249,5dcec20ed3ac2a000e43809a,1080740,,complete,,5e330ffb4e6604041ced4b0d,computer,Desktop or Laptop,Windows 10,Chrome 79.0.3945.130,1920x1080,942x927,Pass,Information-Sheet,2,Yes,Pass,Pass,,,Mixed_AustinSet1_AustinSH_JaneS_JaneTest1,,,,,,,LeftMale_LeftSign,,END QUESTIONNAIRE,10164
1,1580406935476,30/01/2020 17:55:35,1580406935424,-6,30/01/2020 11:55:35,12677,3,questionnaire-t1fh,,3829662,5d1a7bb2339da6001a12b11a,1080871,,complete,,5e3316f69b1c9a2ea1c60951,computer,Desktop or Laptop,Ubuntu undefined,Chromium 65.0.3325.181,1280x1024,1348x1007,Pass,Information-Sheet,2,Yes,Pass,Pass,,,Mixed_JaneSet1_AustinS_JaneSH_AustinTest1,,LeftFemale_LeftShine,,,,,,,BEGIN QUESTIONNAIRE,
2,1580406977899,30/01/2020 17:56:17,1580406977713,-6,30/01/2020 11:56:17,12677,3,questionnaire-t1fh,,3829662,5d1a7bb2339da6001a12b11a,1080871,,complete,,5e3316f69b1c9a2ea1c60951,computer,Desktop or Laptop,Ubuntu undefined,Chromium 65.0.3325.181,1280x1024,1348x1007,Pass,Information-Sheet,2,Yes,Pass,Pass,,,Mixed_JaneSet1_AustinS_JaneSH_AustinTest1,,LeftFemale_LeftShine,,,,,,,consent,Yes
3,1580406978024,30/01/2020 17:56:18,1580406977727,-6,30/01/2020 11:56:17,12677,3,questionnaire-t1fh,,3829662,5d1a7bb2339da6001a12b11a,1080871,,complete,,5e3316f69b1c9a2ea1c60951,computer,Desktop or Laptop,Ubuntu undefined,Chromium 65.0.3325.181,1280x1024,1348x1007,Pass,Information-Sheet,2,Yes,Pass,Pass,,,Mixed_JaneSet1_AustinS_JaneSH_AustinTest1,,LeftFemale_LeftShine,,,,,,,consent-quantised,1
4,1580406978024,30/01/2020 17:56:18,1580406977727,-6,30/01/2020 11:56:17,12677,3,questionnaire-t1fh,,3829662,5d1a7bb2339da6001a12b11a,1080871,,complete,,5e3316f69b1c9a2ea1c60951,computer,Desktop or Laptop,Ubuntu undefined,Chromium 65.0.3325.181,1280x1024,1348x1007,Pass,Information-Sheet,2,Yes,Pass,Pass,,,Mixed_JaneSet1_AustinS_JaneSH_AustinTest1,,LeftFemale_LeftShine,,,,,,,END QUESTIONNAIRE,42303
1,1580407117030,30/01/2020 17:58:37,1580407117868,-5,30/01/2020 12:58:37,12677,3,questionnaire-t1fh,,3829694,5a04869ff2e3460001edad2e,1080882,,complete,,5e331490a011e62daee88db3,computer,Desktop or Laptop,Windows 10,Chrome 79.0.3945.130,1600x900,1600x767,Pass,Information-Sheet,2,Yes,Pass,Pass,,,Mixed_JaneSet1_AustinSH_JaneS_AustinTest1,,,,LeftMale_LeftSign,,,,,BEGIN QUESTIONNAIRE,
2,1580407445796,30/01/2020 18:04:05,1580407446688,-5,30/01/2020 13:04:06,12677,3,questionnaire-t1fh,,3829694,5a04869ff2e3460001edad2e,1080882,,complete,,5e331490a011e62daee88db3,computer,Desktop or Laptop,Windows 10,Chrome 79.0.3945.130,1600x900,1583x767,Pass,Information-Sheet,2,Yes,Pass,Pass,,,Mixed_JaneSet1_AustinSH_JaneS_AustinTest1,,,,LeftMale_LeftSign,,,,,consent,Yes
3,1580407445953,30/01/2020 18:04:05,1580407446689,-5,30/01/2020 13:04:06,12677,3,questionnaire-t1fh,,3829694,5a04869ff2e3460001edad2e,1080882,,complete,,5e331490a011e62daee88db3,computer,Desktop or Laptop,Windows 10,Chrome 79.0.3945.130,1600x900,1583x767,Pass,Information-Sheet,2,Yes,Pass,Pass,,,Mixed_JaneSet1_AustinSH_JaneS_AustinTest1,,,,LeftMale_LeftSign,,,,,consent-quantised,1
4,1580407445953,30/01/2020 18:04:05,1580407446689,-5,30/01/2020 13:04:06,12677,3,questionnaire-t1fh,,3829694,5a04869ff2e3460001edad2e,1080882,,complete,,5e331490a011e62daee88db3,computer,Desktop or Laptop,Windows 10,Chrome 79.0.3945.130,1600x900,1583x767,Pass,Information-Sheet,2,Yes,Pass,Pass,,,Mixed_JaneSet1_AustinSH_JaneS_AustinTest1,,,,LeftMale_LeftSign,,,,,END QUESTIONNAIRE,328821
1,1580414945629,30/01/2020 20:09:05,1580414947116,-6,30/01/2020 14:09:07,12677,3,questionnaire-t1fh,,3830520,5d5f31230fc94a001c632b69,1081111,,complete,,5e3337b4351881312f4c6fa0,computer,Desktop or Laptop,Windows 10,Chrome 79.0.3945.130,1920x1080,1920x937,Pass,Information-Sheet,2,Yes,Fail,Pass,Pass,,Mixed_AustinSet1_AustinSH_JaneS_AustinTest1,,,LeftFemale_LeftSign,,,,,,BEGIN QUESTIONNAIRE,
2,1580415284093,30/01/2020 20:14:44,1580415285035,-6,30/01/2020 14:14:45,12677,3,questionnaire-t1fh,,3830520,5d5f31230fc94a001c632b69,1081111,,complete,,5e3337b4351881312f4c6fa0,computer,Desktop or Laptop,Windows 10,Chrome 79.0.3945.130,1920x1080,1903x937,Pass,Information-Sheet,2,Yes,Fail,Pass,Pass,,Mixed_AustinSet1_AustinSH_JaneS_AustinTest1,,,LeftFemale_LeftSign,,,,,,consent,Yes
3,1580415284297,30/01/2020 20:14:44,1580415285040,-6,30/01/2020 14:14:45,12677,3,questionnaire-t1fh,,3830520,5d5f31230fc94a001c632b69,1081111,,complete,,5e3337b4351881312f4c6fa0,computer,Desktop or Laptop,Windows 10,Chrome 79.0.3945.130,1920x1080,1903x937,Pass,Information-Sheet,2,Yes,Fail,Pass,Pass,,Mixed_AustinSet1_AustinSH_JaneS_AustinTest1,,,LeftFemale_LeftSign,,,,,,consent-quantised,1
4,1580415284297,30/01/2020 20:14:44,1580415285040,-6,30/01/2020 14:14:45,12677,3,questionnaire-t1fh,,3830520,5d5f31230fc94a001c632b69,1081111,,complete,,5e3337b4351881312f4c6fa0,computer,Desktop or Laptop,Windows 10,Chrome 79.0.3945.130,1920x1080,1903x937,Pass,Information-Sheet,2,Yes,Fail,Pass,Pass,,Mixed_AustinSet1_AustinSH_JaneS_AustinTest1,,,LeftFemale_LeftSign,,,,,,END QUESTIONNAIRE,337925
END OF FILE
