﻿Event Index,UTC Timestamp,UTC Date,Local Timestamp,Local Timezone,Local Date,Experiment ID,Experiment Version,Tree Node Key,Repeat Key,Schedule ID,Participant Public ID,Participant Private ID,Participant Starting Group,Participant Status,Participant Completion Code,Participant External Session ID,Participant Device Type,Participant Device,Participant OS,Participant Browser,Participant Monitor Size,Participant Viewport Size,Checkpoint,Task Name,Task Version,branch-9edj,branch-ee59,checkpoint-7g4v,branch-52fz,checkpoint-irp3,randomiser-czzd,randomiser-hvq1,randomiser-7do6,randomiser-o6lu,randomiser-b834,randomiser-gfgd,randomiser-ml5o,randomiser-mulp,randomiser-didj,Question Key,Response
1,1580488064156,31/01/2020 16:27:44,1580488064006,-7,31/01/2020 09:27:44,12677,4,questionnaire-d7os,,3835872,5d7a9bc82374e800155f2285,1082538,,complete,,5e3454551faa2541e2227657,computer,Desktop or Laptop,Mac OS 10.15.0,Chrome 79.0.3945.130,1280x800,873x612,Pass,Demographics,1,Yes,Fail,Pass,Pass,,Mixed_JaneSet1_AustinSH_JaneS_JaneTest1,,,,,,,,LeftFemale_LeftShine,BEGIN QUESTIONNAIRE,
2,1580488087826,31/01/2020 16:28:07,1580488087709,-7,31/01/2020 09:28:07,12677,4,questionnaire-d7os,,3835872,5d7a9bc82374e800155f2285,1082538,,complete,,5e3454551faa2541e2227657,computer,Desktop or Laptop,Mac OS 10.15.0,Chrome 79.0.3945.130,1280x800,873x612,Pass,Demographics,1,Yes,Fail,Pass,Pass,,Mixed_JaneSet1_AustinSH_JaneS_JaneTest1,,,,,,,,LeftFemale_LeftShine,response-accent-5,Pacific southwest
3,1580488088029,31/01/2020 16:28:08,1580488087712,-7,31/01/2020 09:28:07,12677,4,questionnaire-d7os,,3835872,5d7a9bc82374e800155f2285,1082538,,complete,,5e3454551faa2541e2227657,computer,Desktop or Laptop,Mac OS 10.15.0,Chrome 79.0.3945.130,1280x800,873x612,Pass,Demographics,1,Yes,Fail,Pass,Pass,,Mixed_JaneSet1_AustinSH_JaneS_JaneTest1,,,,,,,,LeftFemale_LeftShine,response-accent-text,
4,1580488088029,31/01/2020 16:28:08,1580488087712,-7,31/01/2020 09:28:07,12677,4,questionnaire-d7os,,3835872,5d7a9bc82374e800155f2285,1082538,,complete,,5e3454551faa2541e2227657,computer,Desktop or Laptop,Mac OS 10.15.0,Chrome 79.0.3945.130,1280x800,873x612,Pass,Demographics,1,Yes,Fail,Pass,Pass,,Mixed_JaneSet1_AustinSH_JaneS_JaneTest1,,,,,,,,LeftFemale_LeftShine,response-sex-3,Other
5,1580488088029,31/01/2020 16:28:08,1580488087712,-7,31/01/2020 09:28:07,12677,4,questionnaire-d7os,,3835872,5d7a9bc82374e800155f2285,1082538,,complete,,5e3454551faa2541e2227657,computer,Desktop or Laptop,Mac OS 10.15.0,Chrome 79.0.3945.130,1280x800,873x612,Pass,Demographics,1,Yes,Fail,Pass,Pass,,Mixed_JaneSet1_AustinSH_JaneS_JaneTest1,,,,,,,,LeftFemale_LeftShine,response-ethnicity-2,Not Hispanic or Latino
6,1580488088029,31/01/2020 16:28:08,1580488087712,-7,31/01/2020 09:28:07,12677,4,questionnaire-d7os,,3835872,5d7a9bc82374e800155f2285,1082538,,complete,,5e3454551faa2541e2227657,computer,Desktop or Laptop,Mac OS 10.15.0,Chrome 79.0.3945.130,1280x800,873x612,Pass,Demographics,1,Yes,Fail,Pass,Pass,,Mixed_JaneSet1_AustinSH_JaneS_JaneTest1,,,,,,,,LeftFemale_LeftShine,response-race-5,White
7,1580488088029,31/01/2020 16:28:08,1580488087713,-7,31/01/2020 09:28:07,12677,4,questionnaire-d7os,,3835872,5d7a9bc82374e800155f2285,1082538,,complete,,5e3454551faa2541e2227657,computer,Desktop or Laptop,Mac OS 10.15.0,Chrome 79.0.3945.130,1280x800,873x612,Pass,Demographics,1,Yes,Fail,Pass,Pass,,Mixed_JaneSet1_AustinSH_JaneS_JaneTest1,,,,,,,,LeftFemale_LeftShine,END QUESTIONNAIRE,23707
1,1580488423990,31/01/2020 16:33:43,1580488423852,-5,31/01/2020 11:33:43,12677,4,questionnaire-d7os,,3835903,5c7de839b3af1b0001984524,1082552,,complete,,5e3456a1ce5a7241b0fd82fc,computer,Desktop or Laptop,Windows 10,Firefox 72.0,1368x912,1368x798,Pass,Demographics,1,Yes,Pass,Pass,,,Mixed_JaneSet1_AustinS_JaneSH_AustinTest1,,LeftMale_LeftSign,,,,,,,BEGIN QUESTIONNAIRE,
2,1580488439324,31/01/2020 16:33:59,1580488439248,-5,31/01/2020 11:33:59,12677,4,questionnaire-d7os,,3835903,5c7de839b3af1b0001984524,1082552,,complete,,5e3456a1ce5a7241b0fd82fc,computer,Desktop or Laptop,Windows 10,Firefox 72.0,1368x912,1351x798,Pass,Demographics,1,Yes,Pass,Pass,,,Mixed_JaneSet1_AustinS_JaneSH_AustinTest1,,LeftMale_LeftSign,,,,,,,response-accent-2,Southern
3,1580488439465,31/01/2020 16:33:59,1580488439251,-5,31/01/2020 11:33:59,12677,4,questionnaire-d7os,,3835903,5c7de839b3af1b0001984524,1082552,,complete,,5e3456a1ce5a7241b0fd82fc,computer,Desktop or Laptop,Windows 10,Firefox 72.0,1368x912,1351x798,Pass,Demographics,1,Yes,Pass,Pass,,,Mixed_JaneSet1_AustinS_JaneSH_AustinTest1,,LeftMale_LeftSign,,,,,,,response-accent-text,
4,1580488439465,31/01/2020 16:33:59,1580488439251,-5,31/01/2020 11:33:59,12677,4,questionnaire-d7os,,3835903,5c7de839b3af1b0001984524,1082552,,complete,,5e3456a1ce5a7241b0fd82fc,computer,Desktop or Laptop,Windows 10,Firefox 72.0,1368x912,1351x798,Pass,Demographics,1,Yes,Pass,Pass,,,Mixed_JaneSet1_AustinS_JaneSH_AustinTest1,,LeftMale_LeftSign,,,,,,,response-sex-2,Male
5,1580488439465,31/01/2020 16:33:59,1580488439252,-5,31/01/2020 11:33:59,12677,4,questionnaire-d7os,,3835903,5c7de839b3af1b0001984524,1082552,,complete,,5e3456a1ce5a7241b0fd82fc,computer,Desktop or Laptop,Windows 10,Firefox 72.0,1368x912,1351x798,Pass,Demographics,1,Yes,Pass,Pass,,,Mixed_JaneSet1_AustinS_JaneSH_AustinTest1,,LeftMale_LeftSign,,,,,,,response-ethnicity-2,Not Hispanic or Latino
6,1580488439465,31/01/2020 16:33:59,1580488439252,-5,31/01/2020 11:33:59,12677,4,questionnaire-d7os,,3835903,5c7de839b3af1b0001984524,1082552,,complete,,5e3456a1ce5a7241b0fd82fc,computer,Desktop or Laptop,Windows 10,Firefox 72.0,1368x912,1351x798,Pass,Demographics,1,Yes,Pass,Pass,,,Mixed_JaneSet1_AustinS_JaneSH_AustinTest1,,LeftMale_LeftSign,,,,,,,response-race-5,White
7,1580488439465,31/01/2020 16:33:59,1580488439253,-5,31/01/2020 11:33:59,12677,4,questionnaire-d7os,,3835903,5c7de839b3af1b0001984524,1082552,,complete,,5e3456a1ce5a7241b0fd82fc,computer,Desktop or Laptop,Windows 10,Firefox 72.0,1368x912,1351x798,Pass,Demographics,1,Yes,Pass,Pass,,,Mixed_JaneSet1_AustinS_JaneSH_AustinTest1,,LeftMale_LeftSign,,,,,,,END QUESTIONNAIRE,15401
1,1580488495270,31/01/2020 16:34:55,1580488495146,-5,31/01/2020 11:34:55,12677,4,questionnaire-d7os,,3835909,5c59f5a6215974000172b2d8,1082554,,complete,,5e3456ec21bbd24141935123,computer,Desktop or Laptop,Mac OS 10.15.2,Chrome 79.0.3945.88,1440x900,1333x723,Pass,Demographics,1,Yes,Pass,Pass,,,Mixed_JaneSet1_AustinSH_JaneS_AustinTest1,,,,LeftFemale_LeftShine,,,,,BEGIN QUESTIONNAIRE,
2,1580488512097,31/01/2020 16:35:12,1580488512008,-5,31/01/2020 11:35:12,12677,4,questionnaire-d7os,,3835909,5c59f5a6215974000172b2d8,1082554,,complete,,5e3456ec21bbd24141935123,computer,Desktop or Laptop,Mac OS 10.15.2,Chrome 79.0.3945.88,1440x900,1333x723,Pass,Demographics,1,Yes,Pass,Pass,,,Mixed_JaneSet1_AustinSH_JaneS_AustinTest1,,,,LeftFemale_LeftShine,,,,,response-accent-2,Southern
3,1580488512238,31/01/2020 16:35:12,1580488512011,-5,31/01/2020 11:35:12,12677,4,questionnaire-d7os,,3835909,5c59f5a6215974000172b2d8,1082554,,complete,,5e3456ec21bbd24141935123,computer,Desktop or Laptop,Mac OS 10.15.2,Chrome 79.0.3945.88,1440x900,1333x723,Pass,Demographics,1,Yes,Pass,Pass,,,Mixed_JaneSet1_AustinSH_JaneS_AustinTest1,,,,LeftFemale_LeftShine,,,,,response-accent-text,
4,1580488512238,31/01/2020 16:35:12,1580488512011,-5,31/01/2020 11:35:12,12677,4,questionnaire-d7os,,3835909,5c59f5a6215974000172b2d8,1082554,,complete,,5e3456ec21bbd24141935123,computer,Desktop or Laptop,Mac OS 10.15.2,Chrome 79.0.3945.88,1440x900,1333x723,Pass,Demographics,1,Yes,Pass,Pass,,,Mixed_JaneSet1_AustinSH_JaneS_AustinTest1,,,,LeftFemale_LeftShine,,,,,response-sex-1,Female
5,1580488512238,31/01/2020 16:35:12,1580488512011,-5,31/01/2020 11:35:12,12677,4,questionnaire-d7os,,3835909,5c59f5a6215974000172b2d8,1082554,,complete,,5e3456ec21bbd24141935123,computer,Desktop or Laptop,Mac OS 10.15.2,Chrome 79.0.3945.88,1440x900,1333x723,Pass,Demographics,1,Yes,Pass,Pass,,,Mixed_JaneSet1_AustinSH_JaneS_AustinTest1,,,,LeftFemale_LeftShine,,,,,response-ethnicity-2,Not Hispanic or Latino
6,1580488512238,31/01/2020 16:35:12,1580488512011,-5,31/01/2020 11:35:12,12677,4,questionnaire-d7os,,3835909,5c59f5a6215974000172b2d8,1082554,,complete,,5e3456ec21bbd24141935123,computer,Desktop or Laptop,Mac OS 10.15.2,Chrome 79.0.3945.88,1440x900,1333x723,Pass,Demographics,1,Yes,Pass,Pass,,,Mixed_JaneSet1_AustinSH_JaneS_AustinTest1,,,,LeftFemale_LeftShine,,,,,response-race-5,White
7,1580488512238,31/01/2020 16:35:12,1580488512011,-5,31/01/2020 11:35:12,12677,4,questionnaire-d7os,,3835909,5c59f5a6215974000172b2d8,1082554,,complete,,5e3456ec21bbd24141935123,computer,Desktop or Laptop,Mac OS 10.15.2,Chrome 79.0.3945.88,1440x900,1333x723,Pass,Demographics,1,Yes,Pass,Pass,,,Mixed_JaneSet1_AustinSH_JaneS_AustinTest1,,,,LeftFemale_LeftShine,,,,,END QUESTIONNAIRE,16866
1,1580488503214,31/01/2020 16:35:03,1580488503057,-5,31/01/2020 11:35:03,12677,4,questionnaire-d7os,,3835910,5c07361c96378a0001196024,1082553,,complete,,5e3456a06126064206c559bc,computer,Desktop or Laptop,Windows 10,Chrome 79.0.3945.130,1536x864,1536x722,Pass,Demographics,1,Yes,Pass,Pass,,,Mixed_AustinSet1_AustinSH_JaneS_JaneTest1,,,,,,,LeftMale_LeftShine,,BEGIN QUESTIONNAIRE,
2,1580488522789,31/01/2020 16:35:22,1580488522675,-5,31/01/2020 11:35:22,12677,4,questionnaire-d7os,,3835910,5c07361c96378a0001196024,1082553,,complete,,5e3456a06126064206c559bc,computer,Desktop or Laptop,Windows 10,Chrome 79.0.3945.130,1536x864,1519x722,Pass,Demographics,1,Yes,Pass,Pass,,,Mixed_AustinSet1_AustinSH_JaneS_JaneTest1,,,,,,,LeftMale_LeftShine,,response-accent-2,Southern
3,1580488522960,31/01/2020 16:35:22,1580488522677,-5,31/01/2020 11:35:22,12677,4,questionnaire-d7os,,3835910,5c07361c96378a0001196024,1082553,,complete,,5e3456a06126064206c559bc,computer,Desktop or Laptop,Windows 10,Chrome 79.0.3945.130,1536x864,1519x722,Pass,Demographics,1,Yes,Pass,Pass,,,Mixed_AustinSet1_AustinSH_JaneS_JaneTest1,,,,,,,LeftMale_LeftShine,,response-accent-text,
4,1580488522960,31/01/2020 16:35:22,1580488522677,-5,31/01/2020 11:35:22,12677,4,questionnaire-d7os,,3835910,5c07361c96378a0001196024,1082553,,complete,,5e3456a06126064206c559bc,computer,Desktop or Laptop,Windows 10,Chrome 79.0.3945.130,1536x864,1519x722,Pass,Demographics,1,Yes,Pass,Pass,,,Mixed_AustinSet1_AustinSH_JaneS_JaneTest1,,,,,,,LeftMale_LeftShine,,response-sex-1,Female
5,1580488522960,31/01/2020 16:35:22,1580488522678,-5,31/01/2020 11:35:22,12677,4,questionnaire-d7os,,3835910,5c07361c96378a0001196024,1082553,,complete,,5e3456a06126064206c559bc,computer,Desktop or Laptop,Windows 10,Chrome 79.0.3945.130,1536x864,1519x722,Pass,Demographics,1,Yes,Pass,Pass,,,Mixed_AustinSet1_AustinSH_JaneS_JaneTest1,,,,,,,LeftMale_LeftShine,,response-ethnicity-2,Not Hispanic or Latino
6,1580488522960,31/01/2020 16:35:22,1580488522678,-5,31/01/2020 11:35:22,12677,4,questionnaire-d7os,,3835910,5c07361c96378a0001196024,1082553,,complete,,5e3456a06126064206c559bc,computer,Desktop or Laptop,Windows 10,Chrome 79.0.3945.130,1536x864,1519x722,Pass,Demographics,1,Yes,Pass,Pass,,,Mixed_AustinSet1_AustinSH_JaneS_JaneTest1,,,,,,,LeftMale_LeftShine,,response-race-5,White
7,1580488522960,31/01/2020 16:35:22,1580488522678,-5,31/01/2020 11:35:22,12677,4,questionnaire-d7os,,3835910,5c07361c96378a0001196024,1082553,,complete,,5e3456a06126064206c559bc,computer,Desktop or Laptop,Windows 10,Chrome 79.0.3945.130,1536x864,1519x722,Pass,Demographics,1,Yes,Pass,Pass,,,Mixed_AustinSet1_AustinSH_JaneS_JaneTest1,,,,,,,LeftMale_LeftShine,,END QUESTIONNAIRE,19621
1,1580488662688,31/01/2020 16:37:42,1580488662564,-5,31/01/2020 11:37:42,12677,4,questionnaire-d7os,,3835938,5dc59839e4f0ff41239cb481,1082560,,complete,,5e345796a47ca2012345d1ff,computer,Desktop or Laptop,Windows 10,Chrome 79.0.3945.130,1920x1080,1299x920,Pass,Demographics,1,Yes,Pass,Pass,,,Mixed_JaneSet1_AustinSH_JaneS_JaneTest1,,,,,,,,LeftMale_LeftSign,BEGIN QUESTIONNAIRE,
2,1580488670636,31/01/2020 16:37:50,1580488670557,-5,31/01/2020 11:37:50,12677,4,questionnaire-d7os,,3835938,5dc59839e4f0ff41239cb481,1082560,,complete,,5e345796a47ca2012345d1ff,computer,Desktop or Laptop,Windows 10,Chrome 79.0.3945.130,1920x1080,1282x920,Pass,Demographics,1,Yes,Pass,Pass,,,Mixed_JaneSet1_AustinSH_JaneS_JaneTest1,,,,,,,,LeftMale_LeftSign,response-accent-3,Midwestern
3,1580488670776,31/01/2020 16:37:50,1580488670558,-5,31/01/2020 11:37:50,12677,4,questionnaire-d7os,,3835938,5dc59839e4f0ff41239cb481,1082560,,complete,,5e345796a47ca2012345d1ff,computer,Desktop or Laptop,Windows 10,Chrome 79.0.3945.130,1920x1080,1282x920,Pass,Demographics,1,Yes,Pass,Pass,,,Mixed_JaneSet1_AustinSH_JaneS_JaneTest1,,,,,,,,LeftMale_LeftSign,response-accent-text,
4,1580488670776,31/01/2020 16:37:50,1580488670558,-5,31/01/2020 11:37:50,12677,4,questionnaire-d7os,,3835938,5dc59839e4f0ff41239cb481,1082560,,complete,,5e345796a47ca2012345d1ff,computer,Desktop or Laptop,Windows 10,Chrome 79.0.3945.130,1920x1080,1282x920,Pass,Demographics,1,Yes,Pass,Pass,,,Mixed_JaneSet1_AustinSH_JaneS_JaneTest1,,,,,,,,LeftMale_LeftSign,response-sex-2,Male
5,1580488670776,31/01/2020 16:37:50,1580488670558,-5,31/01/2020 11:37:50,12677,4,questionnaire-d7os,,3835938,5dc59839e4f0ff41239cb481,1082560,,complete,,5e345796a47ca2012345d1ff,computer,Desktop or Laptop,Windows 10,Chrome 79.0.3945.130,1920x1080,1282x920,Pass,Demographics,1,Yes,Pass,Pass,,,Mixed_JaneSet1_AustinSH_JaneS_JaneTest1,,,,,,,,LeftMale_LeftSign,response-ethnicity-2,Not Hispanic or Latino
6,1580488670776,31/01/2020 16:37:50,1580488670558,-5,31/01/2020 11:37:50,12677,4,questionnaire-d7os,,3835938,5dc59839e4f0ff41239cb481,1082560,,complete,,5e345796a47ca2012345d1ff,computer,Desktop or Laptop,Windows 10,Chrome 79.0.3945.130,1920x1080,1282x920,Pass,Demographics,1,Yes,Pass,Pass,,,Mixed_JaneSet1_AustinSH_JaneS_JaneTest1,,,,,,,,LeftMale_LeftSign,response-race-5,White
7,1580488670776,31/01/2020 16:37:50,1580488670558,-5,31/01/2020 11:37:50,12677,4,questionnaire-d7os,,3835938,5dc59839e4f0ff41239cb481,1082560,,complete,,5e345796a47ca2012345d1ff,computer,Desktop or Laptop,Windows 10,Chrome 79.0.3945.130,1920x1080,1282x920,Pass,Demographics,1,Yes,Pass,Pass,,,Mixed_JaneSet1_AustinSH_JaneS_JaneTest1,,,,,,,,LeftMale_LeftSign,END QUESTIONNAIRE,7995
1,1580488788891,31/01/2020 16:39:48,1580488788806,-5,31/01/2020 11:39:48,12677,4,questionnaire-d7os,,3835950,5df3f494fe10852d861c136e,1082562,,complete,,5e3457fdb8f70542479380fc,computer,Desktop or Laptop,Linux x86_64,Chrome 79.0.3945.130,1920x1080,1920x968,Pass,Demographics,1,Yes,Pass,Pass,,,Mixed_JaneSet1_AustinS_JaneSH_JaneTest1,,,,,,LeftMale_LeftSign,,,BEGIN QUESTIONNAIRE,
2,1580488860997,31/01/2020 16:41:00,1580488860873,-5,31/01/2020 11:41:00,12677,4,questionnaire-d7os,,3835950,5df3f494fe10852d861c136e,1082562,,complete,,5e3457fdb8f70542479380fc,computer,Desktop or Laptop,Linux x86_64,Chrome 79.0.3945.130,1920x1080,1920x968,Pass,Demographics,1,Yes,Pass,Pass,,,Mixed_JaneSet1_AustinS_JaneSH_JaneTest1,,,,,,LeftMale_LeftSign,,,response-accent-3,Midwestern
3,1580488861184,31/01/2020 16:41:01,1580488860875,-5,31/01/2020 11:41:00,12677,4,questionnaire-d7os,,3835950,5df3f494fe10852d861c136e,1082562,,complete,,5e3457fdb8f70542479380fc,computer,Desktop or Laptop,Linux x86_64,Chrome 79.0.3945.130,1920x1080,1920x968,Pass,Demographics,1,Yes,Pass,Pass,,,Mixed_JaneSet1_AustinS_JaneSH_JaneTest1,,,,,,LeftMale_LeftSign,,,response-accent-text,
4,1580488861184,31/01/2020 16:41:01,1580488860875,-5,31/01/2020 11:41:00,12677,4,questionnaire-d7os,,3835950,5df3f494fe10852d861c136e,1082562,,complete,,5e3457fdb8f70542479380fc,computer,Desktop or Laptop,Linux x86_64,Chrome 79.0.3945.130,1920x1080,1920x968,Pass,Demographics,1,Yes,Pass,Pass,,,Mixed_JaneSet1_AustinS_JaneSH_JaneTest1,,,,,,LeftMale_LeftSign,,,response-sex-2,Male
5,1580488861184,31/01/2020 16:41:01,1580488860876,-5,31/01/2020 11:41:00,12677,4,questionnaire-d7os,,3835950,5df3f494fe10852d861c136e,1082562,,complete,,5e3457fdb8f70542479380fc,computer,Desktop or Laptop,Linux x86_64,Chrome 79.0.3945.130,1920x1080,1920x968,Pass,Demographics,1,Yes,Pass,Pass,,,Mixed_JaneSet1_AustinS_JaneSH_JaneTest1,,,,,,LeftMale_LeftSign,,,response-ethnicity-1,Hispanic or Latino
6,1580488861184,31/01/2020 16:41:01,1580488860876,-5,31/01/2020 11:41:00,12677,4,questionnaire-d7os,,3835950,5df3f494fe10852d861c136e,1082562,,complete,,5e3457fdb8f70542479380fc,computer,Desktop or Laptop,Linux x86_64,Chrome 79.0.3945.130,1920x1080,1920x968,Pass,Demographics,1,Yes,Pass,Pass,,,Mixed_JaneSet1_AustinS_JaneSH_JaneTest1,,,,,,LeftMale_LeftSign,,,response-race-5,White
7,1580488861184,31/01/2020 16:41:01,1580488860876,-5,31/01/2020 11:41:00,12677,4,questionnaire-d7os,,3835950,5df3f494fe10852d861c136e,1082562,,complete,,5e3457fdb8f70542479380fc,computer,Desktop or Laptop,Linux x86_64,Chrome 79.0.3945.130,1920x1080,1920x968,Pass,Demographics,1,Yes,Pass,Pass,,,Mixed_JaneSet1_AustinS_JaneSH_JaneTest1,,,,,,LeftMale_LeftSign,,,END QUESTIONNAIRE,72070
1,1580488841833,31/01/2020 16:40:41,1580488845053,-5,31/01/2020 11:40:45,12677,4,questionnaire-d7os,,3835952,5d61798f7ad20f001b74922e,1082563,,complete,,5e3457f1863e77000b16e206,computer,Desktop or Laptop,Windows 8.1,Chrome 79.0.3945.130,1366x768,1366x657,Pass,Demographics,1,Yes,Pass,Pass,,,Mixed_JaneSet1_AustinS_JaneSH_AustinTest1,,LeftFemale_LeftSign,,,,,,,BEGIN QUESTIONNAIRE,
2,1580488859572,31/01/2020 16:40:59,1580488862472,-5,31/01/2020 11:41:02,12677,4,questionnaire-d7os,,3835952,5d61798f7ad20f001b74922e,1082563,,complete,,5e3457f1863e77000b16e206,computer,Desktop or Laptop,Windows 8.1,Chrome 79.0.3945.130,1366x768,1349x657,Pass,Demographics,1,Yes,Pass,Pass,,,Mixed_JaneSet1_AustinS_JaneSH_AustinTest1,,LeftFemale_LeftSign,,,,,,,response-accent-1,New England
3,1580488859744,31/01/2020 16:40:59,1580488862477,-5,31/01/2020 11:41:02,12677,4,questionnaire-d7os,,3835952,5d61798f7ad20f001b74922e,1082563,,complete,,5e3457f1863e77000b16e206,computer,Desktop or Laptop,Windows 8.1,Chrome 79.0.3945.130,1366x768,1349x657,Pass,Demographics,1,Yes,Pass,Pass,,,Mixed_JaneSet1_AustinS_JaneSH_AustinTest1,,LeftFemale_LeftSign,,,,,,,response-accent-text,
4,1580488859744,31/01/2020 16:40:59,1580488862478,-5,31/01/2020 11:41:02,12677,4,questionnaire-d7os,,3835952,5d61798f7ad20f001b74922e,1082563,,complete,,5e3457f1863e77000b16e206,computer,Desktop or Laptop,Windows 8.1,Chrome 79.0.3945.130,1366x768,1349x657,Pass,Demographics,1,Yes,Pass,Pass,,,Mixed_JaneSet1_AustinS_JaneSH_AustinTest1,,LeftFemale_LeftSign,,,,,,,response-sex-1,Female
5,1580488859744,31/01/2020 16:40:59,1580488862479,-5,31/01/2020 11:41:02,12677,4,questionnaire-d7os,,3835952,5d61798f7ad20f001b74922e,1082563,,complete,,5e3457f1863e77000b16e206,computer,Desktop or Laptop,Windows 8.1,Chrome 79.0.3945.130,1366x768,1349x657,Pass,Demographics,1,Yes,Pass,Pass,,,Mixed_JaneSet1_AustinS_JaneSH_AustinTest1,,LeftFemale_LeftSign,,,,,,,response-ethnicity-2,Not Hispanic or Latino
6,1580488859744,31/01/2020 16:40:59,1580488862479,-5,31/01/2020 11:41:02,12677,4,questionnaire-d7os,,3835952,5d61798f7ad20f001b74922e,1082563,,complete,,5e3457f1863e77000b16e206,computer,Desktop or Laptop,Windows 8.1,Chrome 79.0.3945.130,1366x768,1349x657,Pass,Demographics,1,Yes,Pass,Pass,,,Mixed_JaneSet1_AustinS_JaneSH_AustinTest1,,LeftFemale_LeftSign,,,,,,,response-race-5,White
7,1580488859744,31/01/2020 16:40:59,1580488862480,-5,31/01/2020 11:41:02,12677,4,questionnaire-d7os,,3835952,5d61798f7ad20f001b74922e,1082563,,complete,,5e3457f1863e77000b16e206,computer,Desktop or Laptop,Windows 8.1,Chrome 79.0.3945.130,1366x768,1349x657,Pass,Demographics,1,Yes,Pass,Pass,,,Mixed_JaneSet1_AustinS_JaneSH_AustinTest1,,LeftFemale_LeftSign,,,,,,,END QUESTIONNAIRE,17427
1,1580489042170,31/01/2020 16:44:02,1580489041530,-6,31/01/2020 10:44:01,12677,4,questionnaire-d7os,,3835979,5d75d523515c8b0001ed0e2e,1082571,,complete,,5e3458fdd01e02000b7e5bf4,computer,Desktop or Laptop,Windows 10,Firefox 72.0,1366x768,1366x654,Pass,Demographics,1,Yes,Pass,Pass,,,Mixed_JaneSet1_AustinS_JaneSH_JaneTest1,,,,,,LeftFemale_LeftSign,,,BEGIN QUESTIONNAIRE,
2,1580489057243,31/01/2020 16:44:17,1580489056656,-6,31/01/2020 10:44:16,12677,4,questionnaire-d7os,,3835979,5d75d523515c8b0001ed0e2e,1082571,,complete,,5e3458fdd01e02000b7e5bf4,computer,Desktop or Laptop,Windows 10,Firefox 72.0,1366x768,1349x654,Pass,Demographics,1,Yes,Pass,Pass,,,Mixed_JaneSet1_AustinS_JaneSH_JaneTest1,,,,,,LeftFemale_LeftSign,,,response-accent-3,Midwestern
3,1580489057447,31/01/2020 16:44:17,1580489056660,-6,31/01/2020 10:44:16,12677,4,questionnaire-d7os,,3835979,5d75d523515c8b0001ed0e2e,1082571,,complete,,5e3458fdd01e02000b7e5bf4,computer,Desktop or Laptop,Windows 10,Firefox 72.0,1366x768,1349x654,Pass,Demographics,1,Yes,Pass,Pass,,,Mixed_JaneSet1_AustinS_JaneSH_JaneTest1,,,,,,LeftFemale_LeftSign,,,response-accent-text,
4,1580489057447,31/01/2020 16:44:17,1580489056661,-6,31/01/2020 10:44:16,12677,4,questionnaire-d7os,,3835979,5d75d523515c8b0001ed0e2e,1082571,,complete,,5e3458fdd01e02000b7e5bf4,computer,Desktop or Laptop,Windows 10,Firefox 72.0,1366x768,1349x654,Pass,Demographics,1,Yes,Pass,Pass,,,Mixed_JaneSet1_AustinS_JaneSH_JaneTest1,,,,,,LeftFemale_LeftSign,,,response-sex-2,Male
5,1580489057447,31/01/2020 16:44:17,1580489056661,-6,31/01/2020 10:44:16,12677,4,questionnaire-d7os,,3835979,5d75d523515c8b0001ed0e2e,1082571,,complete,,5e3458fdd01e02000b7e5bf4,computer,Desktop or Laptop,Windows 10,Firefox 72.0,1366x768,1349x654,Pass,Demographics,1,Yes,Pass,Pass,,,Mixed_JaneSet1_AustinS_JaneSH_JaneTest1,,,,,,LeftFemale_LeftSign,,,response-ethnicity-2,Not Hispanic or Latino
6,1580489057447,31/01/2020 16:44:17,1580489056661,-6,31/01/2020 10:44:16,12677,4,questionnaire-d7os,,3835979,5d75d523515c8b0001ed0e2e,1082571,,complete,,5e3458fdd01e02000b7e5bf4,computer,Desktop or Laptop,Windows 10,Firefox 72.0,1366x768,1349x654,Pass,Demographics,1,Yes,Pass,Pass,,,Mixed_JaneSet1_AustinS_JaneSH_JaneTest1,,,,,,LeftFemale_LeftSign,,,response-race-5,White
7,1580489057447,31/01/2020 16:44:17,1580489056662,-6,31/01/2020 10:44:16,12677,4,questionnaire-d7os,,3835979,5d75d523515c8b0001ed0e2e,1082571,,complete,,5e3458fdd01e02000b7e5bf4,computer,Desktop or Laptop,Windows 10,Firefox 72.0,1366x768,1349x654,Pass,Demographics,1,Yes,Pass,Pass,,,Mixed_JaneSet1_AustinS_JaneSH_JaneTest1,,,,,,LeftFemale_LeftSign,,,END QUESTIONNAIRE,15133
1,1580489045876,31/01/2020 16:44:05,1580489044173,-6,31/01/2020 10:44:04,12677,4,questionnaire-d7os,,3835980,5b0d528dee290600010f483d,1082574,,complete,,5e34590aabde984252057f0c,computer,Desktop or Laptop,Windows 10,Chrome 79.0.3945.117,1536x864,2048x1006,Pass,Demographics,1,Yes,Pass,Pass,,,Mixed_AustinSet1_AustinSH_JaneS_JaneTest1,,,,,,,LeftFemale_LeftSign,,BEGIN QUESTIONNAIRE,
2,1580489066567,31/01/2020 16:44:26,1580489064932,-6,31/01/2020 10:44:24,12677,4,questionnaire-d7os,,3835980,5b0d528dee290600010f483d,1082574,,complete,,5e34590aabde984252057f0c,computer,Desktop or Laptop,Windows 10,Chrome 79.0.3945.117,1536x864,2048x1006,Pass,Demographics,1,Yes,Pass,Pass,,,Mixed_AustinSet1_AustinSH_JaneS_JaneTest1,,,,,,,LeftFemale_LeftSign,,response-accent-2,Southern
3,1580489066786,31/01/2020 16:44:26,1580489064936,-6,31/01/2020 10:44:24,12677,4,questionnaire-d7os,,3835980,5b0d528dee290600010f483d,1082574,,complete,,5e34590aabde984252057f0c,computer,Desktop or Laptop,Windows 10,Chrome 79.0.3945.117,1536x864,2048x1006,Pass,Demographics,1,Yes,Pass,Pass,,,Mixed_AustinSet1_AustinSH_JaneS_JaneTest1,,,,,,,LeftFemale_LeftSign,,response-accent-text,
4,1580489066786,31/01/2020 16:44:26,1580489064936,-6,31/01/2020 10:44:24,12677,4,questionnaire-d7os,,3835980,5b0d528dee290600010f483d,1082574,,complete,,5e34590aabde984252057f0c,computer,Desktop or Laptop,Windows 10,Chrome 79.0.3945.117,1536x864,2048x1006,Pass,Demographics,1,Yes,Pass,Pass,,,Mixed_AustinSet1_AustinSH_JaneS_JaneTest1,,,,,,,LeftFemale_LeftSign,,response-sex-1,Female
5,1580489066786,31/01/2020 16:44:26,1580489064937,-6,31/01/2020 10:44:24,12677,4,questionnaire-d7os,,3835980,5b0d528dee290600010f483d,1082574,,complete,,5e34590aabde984252057f0c,computer,Desktop or Laptop,Windows 10,Chrome 79.0.3945.117,1536x864,2048x1006,Pass,Demographics,1,Yes,Pass,Pass,,,Mixed_AustinSet1_AustinSH_JaneS_JaneTest1,,,,,,,LeftFemale_LeftSign,,response-ethnicity-2,Not Hispanic or Latino
6,1580489066786,31/01/2020 16:44:26,1580489064937,-6,31/01/2020 10:44:24,12677,4,questionnaire-d7os,,3835980,5b0d528dee290600010f483d,1082574,,complete,,5e34590aabde984252057f0c,computer,Desktop or Laptop,Windows 10,Chrome 79.0.3945.117,1536x864,2048x1006,Pass,Demographics,1,Yes,Pass,Pass,,,Mixed_AustinSet1_AustinSH_JaneS_JaneTest1,,,,,,,LeftFemale_LeftSign,,response-race-5,White
7,1580489066786,31/01/2020 16:44:26,1580489064940,-6,31/01/2020 10:44:24,12677,4,questionnaire-d7os,,3835980,5b0d528dee290600010f483d,1082574,,complete,,5e34590aabde984252057f0c,computer,Desktop or Laptop,Windows 10,Chrome 79.0.3945.117,1536x864,2048x1006,Pass,Demographics,1,Yes,Pass,Pass,,,Mixed_AustinSet1_AustinSH_JaneS_JaneTest1,,,,,,,LeftFemale_LeftSign,,END QUESTIONNAIRE,20766
1,1580489129184,31/01/2020 16:45:29,1580489129056,-8,31/01/2020 08:45:29,12677,4,questionnaire-d7os,,3836002,5a6032228e625900017657f4,1082575,,complete,,5e34590174c904000ead2bf4,mobile,Apple iPhone,iOS 12.4,Mobile Safari 12.1.2,375x667,667x375,Pass,Demographics,1,Yes,Pass,Pass,,,Mixed_JaneSet1_AustinS_JaneSH_JaneTest1,,,,,,LeftMale_LeftShine,,,BEGIN QUESTIONNAIRE,
2,1580489144658,31/01/2020 16:45:44,1580489144508,-8,31/01/2020 08:45:44,12677,4,questionnaire-d7os,,3836002,5a6032228e625900017657f4,1082575,,complete,,5e34590174c904000ead2bf4,mobile,Apple iPhone,iOS 12.4,Mobile Safari 12.1.2,375x667,375x553,Pass,Demographics,1,Yes,Pass,Pass,,,Mixed_JaneSet1_AustinS_JaneSH_JaneTest1,,,,,,LeftMale_LeftShine,,,response-accent-5,Pacific southwest
3,1580489144972,31/01/2020 16:45:44,1580489144511,-8,31/01/2020 08:45:44,12677,4,questionnaire-d7os,,3836002,5a6032228e625900017657f4,1082575,,complete,,5e34590174c904000ead2bf4,mobile,Apple iPhone,iOS 12.4,Mobile Safari 12.1.2,375x667,375x553,Pass,Demographics,1,Yes,Pass,Pass,,,Mixed_JaneSet1_AustinS_JaneSH_JaneTest1,,,,,,LeftMale_LeftShine,,,response-accent-text,
4,1580489144972,31/01/2020 16:45:44,1580489144511,-8,31/01/2020 08:45:44,12677,4,questionnaire-d7os,,3836002,5a6032228e625900017657f4,1082575,,complete,,5e34590174c904000ead2bf4,mobile,Apple iPhone,iOS 12.4,Mobile Safari 12.1.2,375x667,375x553,Pass,Demographics,1,Yes,Pass,Pass,,,Mixed_JaneSet1_AustinS_JaneSH_JaneTest1,,,,,,LeftMale_LeftShine,,,response-sex-2,Male
5,1580489144972,31/01/2020 16:45:44,1580489144511,-8,31/01/2020 08:45:44,12677,4,questionnaire-d7os,,3836002,5a6032228e625900017657f4,1082575,,complete,,5e34590174c904000ead2bf4,mobile,Apple iPhone,iOS 12.4,Mobile Safari 12.1.2,375x667,375x553,Pass,Demographics,1,Yes,Pass,Pass,,,Mixed_JaneSet1_AustinS_JaneSH_JaneTest1,,,,,,LeftMale_LeftShine,,,response-ethnicity-2,Not Hispanic or Latino
6,1580489144972,31/01/2020 16:45:44,1580489144511,-8,31/01/2020 08:45:44,12677,4,questionnaire-d7os,,3836002,5a6032228e625900017657f4,1082575,,complete,,5e34590174c904000ead2bf4,mobile,Apple iPhone,iOS 12.4,Mobile Safari 12.1.2,375x667,375x553,Pass,Demographics,1,Yes,Pass,Pass,,,Mixed_JaneSet1_AustinS_JaneSH_JaneTest1,,,,,,LeftMale_LeftShine,,,response-race-5,White
7,1580489144972,31/01/2020 16:45:44,1580489144511,-8,31/01/2020 08:45:44,12677,4,questionnaire-d7os,,3836002,5a6032228e625900017657f4,1082575,,complete,,5e34590174c904000ead2bf4,mobile,Apple iPhone,iOS 12.4,Mobile Safari 12.1.2,375x667,375x553,Pass,Demographics,1,Yes,Pass,Pass,,,Mixed_JaneSet1_AustinS_JaneSH_JaneTest1,,,,,,LeftMale_LeftShine,,,END QUESTIONNAIRE,15455
1,1580489134130,31/01/2020 16:45:34,1580489145110,-5,31/01/2020 11:45:45,12677,4,questionnaire-d7os,,3836004,5e1b7c078b6dfb3ab0565e50,1082576,,complete,,5e3459007b6a7a411a3e4816,computer,Desktop or Laptop,Windows 10,Chrome 79.0.3945.130,1366x768,1366x625,Pass,Demographics,1,Yes,Pass,Pass,,,Mixed_AustinSet1_AustinSH_JaneS_JaneTest1,,,,,,,LeftMale_LeftSign,,BEGIN QUESTIONNAIRE,
2,1580489156193,31/01/2020 16:45:56,1580489167251,-5,31/01/2020 11:46:07,12677,4,questionnaire-d7os,,3836004,5e1b7c078b6dfb3ab0565e50,1082576,,complete,,5e3459007b6a7a411a3e4816,computer,Desktop or Laptop,Windows 10,Chrome 79.0.3945.130,1366x768,1349x625,Pass,Demographics,1,Yes,Pass,Pass,,,Mixed_AustinSet1_AustinSH_JaneS_JaneTest1,,,,,,,LeftMale_LeftSign,,response-accent-1,New England
3,1580489156365,31/01/2020 16:45:56,1580489167253,-5,31/01/2020 11:46:07,12677,4,questionnaire-d7os,,3836004,5e1b7c078b6dfb3ab0565e50,1082576,,complete,,5e3459007b6a7a411a3e4816,computer,Desktop or Laptop,Windows 10,Chrome 79.0.3945.130,1366x768,1349x625,Pass,Demographics,1,Yes,Pass,Pass,,,Mixed_AustinSet1_AustinSH_JaneS_JaneTest1,,,,,,,LeftMale_LeftSign,,response-accent-text,
4,1580489156365,31/01/2020 16:45:56,1580489167253,-5,31/01/2020 11:46:07,12677,4,questionnaire-d7os,,3836004,5e1b7c078b6dfb3ab0565e50,1082576,,complete,,5e3459007b6a7a411a3e4816,computer,Desktop or Laptop,Windows 10,Chrome 79.0.3945.130,1366x768,1349x625,Pass,Demographics,1,Yes,Pass,Pass,,,Mixed_AustinSet1_AustinSH_JaneS_JaneTest1,,,,,,,LeftMale_LeftSign,,response-sex-1,Female
5,1580489156365,31/01/2020 16:45:56,1580489167253,-5,31/01/2020 11:46:07,12677,4,questionnaire-d7os,,3836004,5e1b7c078b6dfb3ab0565e50,1082576,,complete,,5e3459007b6a7a411a3e4816,computer,Desktop or Laptop,Windows 10,Chrome 79.0.3945.130,1366x768,1349x625,Pass,Demographics,1,Yes,Pass,Pass,,,Mixed_AustinSet1_AustinSH_JaneS_JaneTest1,,,,,,,LeftMale_LeftSign,,response-ethnicity-2,Not Hispanic or Latino
6,1580489156365,31/01/2020 16:45:56,1580489167253,-5,31/01/2020 11:46:07,12677,4,questionnaire-d7os,,3836004,5e1b7c078b6dfb3ab0565e50,1082576,,complete,,5e3459007b6a7a411a3e4816,computer,Desktop or Laptop,Windows 10,Chrome 79.0.3945.130,1366x768,1349x625,Pass,Demographics,1,Yes,Pass,Pass,,,Mixed_AustinSet1_AustinSH_JaneS_JaneTest1,,,,,,,LeftMale_LeftSign,,response-race-5,White
7,1580489156365,31/01/2020 16:45:56,1580489167254,-5,31/01/2020 11:46:07,12677,4,questionnaire-d7os,,3836004,5e1b7c078b6dfb3ab0565e50,1082576,,complete,,5e3459007b6a7a411a3e4816,computer,Desktop or Laptop,Windows 10,Chrome 79.0.3945.130,1366x768,1349x625,Pass,Demographics,1,Yes,Pass,Pass,,,Mixed_AustinSet1_AustinSH_JaneS_JaneTest1,,,,,,,LeftMale_LeftSign,,END QUESTIONNAIRE,22144
1,1580494327973,31/01/2020 18:12:07,1580494317135,-5,31/01/2020 13:11:57,12677,4,questionnaire-d7os,,3836496,5d2713021a65ad001a3cb87c,1082695,,complete,,5e346d6df26974440e4397ef,computer,Desktop or Laptop,Windows 10,Chrome 79.0.3945.130,1536x864,1536x754,Pass,Demographics,1,Yes,Pass,Pass,,,Mixed_JaneSet1_AustinS_JaneSH_JaneTest1,,,,,,LeftFemale_LeftSign,,,BEGIN QUESTIONNAIRE,
2,1580494445316,31/01/2020 18:14:05,1580494434505,-5,31/01/2020 13:13:54,12677,4,questionnaire-d7os,,3836496,5d2713021a65ad001a3cb87c,1082695,,complete,,5e346d6df26974440e4397ef,computer,Desktop or Laptop,Windows 10,Chrome 79.0.3945.130,1536x864,1519x754,Pass,Demographics,1,Yes,Pass,Pass,,,Mixed_JaneSet1_AustinS_JaneSH_JaneTest1,,,,,,LeftFemale_LeftSign,,,response-accent-5,Pacific southwest
3,1580494445504,31/01/2020 18:14:05,1580494434506,-5,31/01/2020 13:13:54,12677,4,questionnaire-d7os,,3836496,5d2713021a65ad001a3cb87c,1082695,,complete,,5e346d6df26974440e4397ef,computer,Desktop or Laptop,Windows 10,Chrome 79.0.3945.130,1536x864,1519x754,Pass,Demographics,1,Yes,Pass,Pass,,,Mixed_JaneSet1_AustinS_JaneSH_JaneTest1,,,,,,LeftFemale_LeftSign,,,response-accent-7,Do not know
4,1580494445504,31/01/2020 18:14:05,1580494434506,-5,31/01/2020 13:13:54,12677,4,questionnaire-d7os,,3836496,5d2713021a65ad001a3cb87c,1082695,,complete,,5e346d6df26974440e4397ef,computer,Desktop or Laptop,Windows 10,Chrome 79.0.3945.130,1536x864,1519x754,Pass,Demographics,1,Yes,Pass,Pass,,,Mixed_JaneSet1_AustinS_JaneSH_JaneTest1,,,,,,LeftFemale_LeftSign,,,response-accent-text,
5,1580494445504,31/01/2020 18:14:05,1580494434506,-5,31/01/2020 13:13:54,12677,4,questionnaire-d7os,,3836496,5d2713021a65ad001a3cb87c,1082695,,complete,,5e346d6df26974440e4397ef,computer,Desktop or Laptop,Windows 10,Chrome 79.0.3945.130,1536x864,1519x754,Pass,Demographics,1,Yes,Pass,Pass,,,Mixed_JaneSet1_AustinS_JaneSH_JaneTest1,,,,,,LeftFemale_LeftSign,,,response-sex-1,Female
6,1580494445504,31/01/2020 18:14:05,1580494434506,-5,31/01/2020 13:13:54,12677,4,questionnaire-d7os,,3836496,5d2713021a65ad001a3cb87c,1082695,,complete,,5e346d6df26974440e4397ef,computer,Desktop or Laptop,Windows 10,Chrome 79.0.3945.130,1536x864,1519x754,Pass,Demographics,1,Yes,Pass,Pass,,,Mixed_JaneSet1_AustinS_JaneSH_JaneTest1,,,,,,LeftFemale_LeftSign,,,response-ethnicity-2,Not Hispanic or Latino
7,1580494445504,31/01/2020 18:14:05,1580494434506,-5,31/01/2020 13:13:54,12677,4,questionnaire-d7os,,3836496,5d2713021a65ad001a3cb87c,1082695,,complete,,5e346d6df26974440e4397ef,computer,Desktop or Laptop,Windows 10,Chrome 79.0.3945.130,1536x864,1519x754,Pass,Demographics,1,Yes,Pass,Pass,,,Mixed_JaneSet1_AustinS_JaneSH_JaneTest1,,,,,,LeftFemale_LeftSign,,,response-race-4,Black or African American
8,1580494445504,31/01/2020 18:14:05,1580494434506,-5,31/01/2020 13:13:54,12677,4,questionnaire-d7os,,3836496,5d2713021a65ad001a3cb87c,1082695,,complete,,5e346d6df26974440e4397ef,computer,Desktop or Laptop,Windows 10,Chrome 79.0.3945.130,1536x864,1519x754,Pass,Demographics,1,Yes,Pass,Pass,,,Mixed_JaneSet1_AustinS_JaneSH_JaneTest1,,,,,,LeftFemale_LeftSign,,,END QUESTIONNAIRE,117371
END OF FILE
