﻿Event Index,UTC Timestamp,UTC Date,Local Timestamp,Local Timezone,Local Date,Experiment ID,Experiment Version,Tree Node Key,Repeat Key,Schedule ID,Participant Public ID,Participant Private ID,Participant Starting Group,Participant Status,Participant Completion Code,Participant External Session ID,Participant Device Type,Participant Device,Participant OS,Participant Browser,Participant Monitor Size,Participant Viewport Size,Checkpoint,Task Name,Task Version,branch-9edj,branch-ee59,checkpoint-7g4v,branch-52fz,checkpoint-irp3,randomiser-czzd,randomiser-hvq1,randomiser-7do6,randomiser-o6lu,randomiser-b834,randomiser-gfgd,randomiser-ml5o,randomiser-mulp,randomiser-didj,Question Key,Response
1,1581428758861,11/02/2020 13:45:58,1581428758094,-6,11/02/2020 07:45:58,12677,9,questionnaire-d7os,,3913421,5d55d562e04e1c0001f5e682,1105868,,complete,,5e42afb46cc3711440581a01,computer,Desktop or Laptop,Chromium OS 12607.82.0,Chrome 79.0.3945.123,1366x768,1366x609,Pass,Demographics,1,Yes,Pass,Pass,,,Mixed_AustinSet1_AustinS_JaneSH_AustinTest1,LeftMale_LeftShine,,,,,,,,BEGIN QUESTIONNAIRE,
2,1581428770159,11/02/2020 13:46:10,1581428769083,-6,11/02/2020 07:46:09,12677,9,questionnaire-d7os,,3913421,5d55d562e04e1c0001f5e682,1105868,,complete,,5e42afb46cc3711440581a01,computer,Desktop or Laptop,Chromium OS 12607.82.0,Chrome 79.0.3945.123,1366x768,1366x609,Pass,Demographics,1,Yes,Pass,Pass,,,Mixed_AustinSet1_AustinS_JaneSH_AustinTest1,LeftMale_LeftShine,,,,,,,,response-accent-3,Midwestern
3,1581428770332,11/02/2020 13:46:10,1581428769086,-6,11/02/2020 07:46:09,12677,9,questionnaire-d7os,,3913421,5d55d562e04e1c0001f5e682,1105868,,complete,,5e42afb46cc3711440581a01,computer,Desktop or Laptop,Chromium OS 12607.82.0,Chrome 79.0.3945.123,1366x768,1366x609,Pass,Demographics,1,Yes,Pass,Pass,,,Mixed_AustinSet1_AustinS_JaneSH_AustinTest1,LeftMale_LeftShine,,,,,,,,response-accent-text,
4,1581428770332,11/02/2020 13:46:10,1581428769088,-6,11/02/2020 07:46:09,12677,9,questionnaire-d7os,,3913421,5d55d562e04e1c0001f5e682,1105868,,complete,,5e42afb46cc3711440581a01,computer,Desktop or Laptop,Chromium OS 12607.82.0,Chrome 79.0.3945.123,1366x768,1366x609,Pass,Demographics,1,Yes,Pass,Pass,,,Mixed_AustinSet1_AustinS_JaneSH_AustinTest1,LeftMale_LeftShine,,,,,,,,response-sex-1,Female
5,1581428770332,11/02/2020 13:46:10,1581428769089,-6,11/02/2020 07:46:09,12677,9,questionnaire-d7os,,3913421,5d55d562e04e1c0001f5e682,1105868,,complete,,5e42afb46cc3711440581a01,computer,Desktop or Laptop,Chromium OS 12607.82.0,Chrome 79.0.3945.123,1366x768,1366x609,Pass,Demographics,1,Yes,Pass,Pass,,,Mixed_AustinSet1_AustinS_JaneSH_AustinTest1,LeftMale_LeftShine,,,,,,,,response-ethnicity-2,Not Hispanic or Latino
6,1581428770332,11/02/2020 13:46:10,1581428769090,-6,11/02/2020 07:46:09,12677,9,questionnaire-d7os,,3913421,5d55d562e04e1c0001f5e682,1105868,,complete,,5e42afb46cc3711440581a01,computer,Desktop or Laptop,Chromium OS 12607.82.0,Chrome 79.0.3945.123,1366x768,1366x609,Pass,Demographics,1,Yes,Pass,Pass,,,Mixed_AustinSet1_AustinS_JaneSH_AustinTest1,LeftMale_LeftShine,,,,,,,,response-race-5,White
7,1581428770332,11/02/2020 13:46:10,1581428769091,-6,11/02/2020 07:46:09,12677,9,questionnaire-d7os,,3913421,5d55d562e04e1c0001f5e682,1105868,,complete,,5e42afb46cc3711440581a01,computer,Desktop or Laptop,Chromium OS 12607.82.0,Chrome 79.0.3945.123,1366x768,1366x609,Pass,Demographics,1,Yes,Pass,Pass,,,Mixed_AustinSet1_AustinS_JaneSH_AustinTest1,LeftMale_LeftShine,,,,,,,,END QUESTIONNAIRE,10998
1,1581428831268,11/02/2020 13:47:11,1581428926472,-5,11/02/2020 08:48:46,12677,9,questionnaire-d7os,,3913438,5e25c1a57d6cd1000cf870b8,1105853,,complete,,5e42ae995bb25713a11e9979,computer,Desktop or Laptop,Windows 7,Firefox 52.0,1280x800,1280x677,Pass,Demographics,1,Yes,Pass,Pass,,,Mixed_AustinSet1_AustinS_JaneSH_AustinTest1,LeftFemale_LeftShine,,,,,,,,BEGIN QUESTIONNAIRE,
2,1581428851620,11/02/2020 13:47:31,1581428946976,-5,11/02/2020 08:49:06,12677,9,questionnaire-d7os,,3913438,5e25c1a57d6cd1000cf870b8,1105853,,complete,,5e42ae995bb25713a11e9979,computer,Desktop or Laptop,Windows 7,Firefox 52.0,1280x800,1263x677,Pass,Demographics,1,Yes,Pass,Pass,,,Mixed_AustinSet1_AustinS_JaneSH_AustinTest1,LeftFemale_LeftShine,,,,,,,,response-accent-5,Pacific southwest
3,1581428853593,11/02/2020 13:47:33,1581428946984,-5,11/02/2020 08:49:06,12677,9,questionnaire-d7os,,3913438,5e25c1a57d6cd1000cf870b8,1105853,,complete,,5e42ae995bb25713a11e9979,computer,Desktop or Laptop,Windows 7,Firefox 52.0,1280x800,1263x677,Pass,Demographics,1,Yes,Pass,Pass,,,Mixed_AustinSet1_AustinS_JaneSH_AustinTest1,LeftFemale_LeftShine,,,,,,,,response-accent-text,
4,1581428853593,11/02/2020 13:47:33,1581428946986,-5,11/02/2020 08:49:06,12677,9,questionnaire-d7os,,3913438,5e25c1a57d6cd1000cf870b8,1105853,,complete,,5e42ae995bb25713a11e9979,computer,Desktop or Laptop,Windows 7,Firefox 52.0,1280x800,1263x677,Pass,Demographics,1,Yes,Pass,Pass,,,Mixed_AustinSet1_AustinS_JaneSH_AustinTest1,LeftFemale_LeftShine,,,,,,,,response-sex-2,Male
5,1581428853593,11/02/2020 13:47:33,1581428946986,-5,11/02/2020 08:49:06,12677,9,questionnaire-d7os,,3913438,5e25c1a57d6cd1000cf870b8,1105853,,complete,,5e42ae995bb25713a11e9979,computer,Desktop or Laptop,Windows 7,Firefox 52.0,1280x800,1263x677,Pass,Demographics,1,Yes,Pass,Pass,,,Mixed_AustinSet1_AustinS_JaneSH_AustinTest1,LeftFemale_LeftShine,,,,,,,,response-ethnicity-2,Not Hispanic or Latino
6,1581428853593,11/02/2020 13:47:33,1581428946988,-5,11/02/2020 08:49:06,12677,9,questionnaire-d7os,,3913438,5e25c1a57d6cd1000cf870b8,1105853,,complete,,5e42ae995bb25713a11e9979,computer,Desktop or Laptop,Windows 7,Firefox 52.0,1280x800,1263x677,Pass,Demographics,1,Yes,Pass,Pass,,,Mixed_AustinSet1_AustinS_JaneSH_AustinTest1,LeftFemale_LeftShine,,,,,,,,response-race-5,White
7,1581428853593,11/02/2020 13:47:33,1581428946988,-5,11/02/2020 08:49:06,12677,9,questionnaire-d7os,,3913438,5e25c1a57d6cd1000cf870b8,1105853,,complete,,5e42ae995bb25713a11e9979,computer,Desktop or Laptop,Windows 7,Firefox 52.0,1280x800,1263x677,Pass,Demographics,1,Yes,Pass,Pass,,,Mixed_AustinSet1_AustinS_JaneSH_AustinTest1,LeftFemale_LeftShine,,,,,,,,END QUESTIONNAIRE,20516
1,1581434821419,11/02/2020 15:27:01,1581434821291,-5,11/02/2020 10:27:01,12677,9,questionnaire-d7os,,3915943,5de7b7fe4f21b471a884c36e,1106468,,complete,,5e42c721bccfd0000d78467e,computer,Desktop or Laptop,Windows 10,Chrome 79.0.3945.130,1920x1080,1920x937,Pass,Demographics,1,Yes,Pass,Pass,,,Mixed_AustinSet1_AustinS_JaneSH_AustinTest1,LeftMale_LeftSign,,,,,,,,BEGIN QUESTIONNAIRE,
2,1581435365639,11/02/2020 15:36:05,1581435365267,-5,11/02/2020 10:36:05,12677,9,questionnaire-d7os,,3915943,5de7b7fe4f21b471a884c36e,1106468,,complete,,5e42c721bccfd0000d78467e,computer,Desktop or Laptop,Windows 10,Chrome 79.0.3945.130,1920x1080,1920x937,Pass,Demographics,1,Yes,Pass,Pass,,,Mixed_AustinSet1_AustinS_JaneSH_AustinTest1,LeftMale_LeftSign,,,,,,,,response-accent-3,Midwestern
3,1581435365779,11/02/2020 15:36:05,1581435365269,-5,11/02/2020 10:36:05,12677,9,questionnaire-d7os,,3915943,5de7b7fe4f21b471a884c36e,1106468,,complete,,5e42c721bccfd0000d78467e,computer,Desktop or Laptop,Windows 10,Chrome 79.0.3945.130,1920x1080,1920x937,Pass,Demographics,1,Yes,Pass,Pass,,,Mixed_AustinSet1_AustinS_JaneSH_AustinTest1,LeftMale_LeftSign,,,,,,,,response-accent-text,
4,1581435365779,11/02/2020 15:36:05,1581435365269,-5,11/02/2020 10:36:05,12677,9,questionnaire-d7os,,3915943,5de7b7fe4f21b471a884c36e,1106468,,complete,,5e42c721bccfd0000d78467e,computer,Desktop or Laptop,Windows 10,Chrome 79.0.3945.130,1920x1080,1920x937,Pass,Demographics,1,Yes,Pass,Pass,,,Mixed_AustinSet1_AustinS_JaneSH_AustinTest1,LeftMale_LeftSign,,,,,,,,response-sex-2,Male
5,1581435365779,11/02/2020 15:36:05,1581435365269,-5,11/02/2020 10:36:05,12677,9,questionnaire-d7os,,3915943,5de7b7fe4f21b471a884c36e,1106468,,complete,,5e42c721bccfd0000d78467e,computer,Desktop or Laptop,Windows 10,Chrome 79.0.3945.130,1920x1080,1920x937,Pass,Demographics,1,Yes,Pass,Pass,,,Mixed_AustinSet1_AustinS_JaneSH_AustinTest1,LeftMale_LeftSign,,,,,,,,response-ethnicity-2,Not Hispanic or Latino
6,1581435365779,11/02/2020 15:36:05,1581435365269,-5,11/02/2020 10:36:05,12677,9,questionnaire-d7os,,3915943,5de7b7fe4f21b471a884c36e,1106468,,complete,,5e42c721bccfd0000d78467e,computer,Desktop or Laptop,Windows 10,Chrome 79.0.3945.130,1920x1080,1920x937,Pass,Demographics,1,Yes,Pass,Pass,,,Mixed_AustinSet1_AustinS_JaneSH_AustinTest1,LeftMale_LeftSign,,,,,,,,response-race-5,White
7,1581435365779,11/02/2020 15:36:05,1581435365270,-5,11/02/2020 10:36:05,12677,9,questionnaire-d7os,,3915943,5de7b7fe4f21b471a884c36e,1106468,,complete,,5e42c721bccfd0000d78467e,computer,Desktop or Laptop,Windows 10,Chrome 79.0.3945.130,1920x1080,1920x937,Pass,Demographics,1,Yes,Pass,Pass,,,Mixed_AustinSet1_AustinS_JaneSH_AustinTest1,LeftMale_LeftSign,,,,,,,,END QUESTIONNAIRE,543979
END OF FILE
