﻿Event Index,UTC Timestamp,UTC Date,Local Timestamp,Local Timezone,Local Date,Experiment ID,Experiment Version,Tree Node Key,Repeat Key,Schedule ID,Participant Public ID,Participant Private ID,Participant Starting Group,Participant Status,Participant Completion Code,Participant External Session ID,Participant Device Type,Participant Device,Participant OS,Participant Browser,Participant Monitor Size,Participant Viewport Size,Checkpoint,Task Name,Task Version,branch-9edj,branch-ee59,checkpoint-7g4v,branch-52fz,checkpoint-irp3,randomiser-czzd,randomiser-hvq1,randomiser-7do6,randomiser-o6lu,randomiser-b834,randomiser-gfgd,randomiser-ml5o,randomiser-mulp,randomiser-didj,Question Key,Response
1,1580402792670,30/01/2020 16:46:32,1580402791700,-5,30/01/2020 11:46:31,12677,3,questionnaire-d7os,,3828740,5b6c312fa1fda800015fe165,1080563,,complete,,5e33072366ba442e0ccfd6e3,computer,Desktop or Laptop,Windows 10,Chrome 79.0.3945.130,1920x1080,1920x937,Pass,Demographics,1,Yes,Pass,Pass,,,Mixed_AustinSet1_AustinSH_JaneS_AustinTest1,,,LeftFemale_LeftSign,,,,,,BEGIN QUESTIONNAIRE,
2,1580402808162,30/01/2020 16:46:48,1580402807217,-5,30/01/2020 11:46:47,12677,3,questionnaire-d7os,,3828740,5b6c312fa1fda800015fe165,1080563,,complete,,5e33072366ba442e0ccfd6e3,computer,Desktop or Laptop,Windows 10,Chrome 79.0.3945.130,1920x1080,1920x937,Pass,Demographics,1,Yes,Pass,Pass,,,Mixed_AustinSet1_AustinSH_JaneS_AustinTest1,,,LeftFemale_LeftSign,,,,,,response-accent-1,New England
3,1580402808272,30/01/2020 16:46:48,1580402807218,-5,30/01/2020 11:46:47,12677,3,questionnaire-d7os,,3828740,5b6c312fa1fda800015fe165,1080563,,complete,,5e33072366ba442e0ccfd6e3,computer,Desktop or Laptop,Windows 10,Chrome 79.0.3945.130,1920x1080,1920x937,Pass,Demographics,1,Yes,Pass,Pass,,,Mixed_AustinSet1_AustinSH_JaneS_AustinTest1,,,LeftFemale_LeftSign,,,,,,response-accent-text,
4,1580402808272,30/01/2020 16:46:48,1580402807218,-5,30/01/2020 11:46:47,12677,3,questionnaire-d7os,,3828740,5b6c312fa1fda800015fe165,1080563,,complete,,5e33072366ba442e0ccfd6e3,computer,Desktop or Laptop,Windows 10,Chrome 79.0.3945.130,1920x1080,1920x937,Pass,Demographics,1,Yes,Pass,Pass,,,Mixed_AustinSet1_AustinSH_JaneS_AustinTest1,,,LeftFemale_LeftSign,,,,,,response-sex-1,Female
5,1580402808272,30/01/2020 16:46:48,1580402807218,-5,30/01/2020 11:46:47,12677,3,questionnaire-d7os,,3828740,5b6c312fa1fda800015fe165,1080563,,complete,,5e33072366ba442e0ccfd6e3,computer,Desktop or Laptop,Windows 10,Chrome 79.0.3945.130,1920x1080,1920x937,Pass,Demographics,1,Yes,Pass,Pass,,,Mixed_AustinSet1_AustinSH_JaneS_AustinTest1,,,LeftFemale_LeftSign,,,,,,response-ethnicity-2,Not Hispanic or Latino
6,1580402808272,30/01/2020 16:46:48,1580402807218,-5,30/01/2020 11:46:47,12677,3,questionnaire-d7os,,3828740,5b6c312fa1fda800015fe165,1080563,,complete,,5e33072366ba442e0ccfd6e3,computer,Desktop or Laptop,Windows 10,Chrome 79.0.3945.130,1920x1080,1920x937,Pass,Demographics,1,Yes,Pass,Pass,,,Mixed_AustinSet1_AustinSH_JaneS_AustinTest1,,,LeftFemale_LeftSign,,,,,,response-race-4,Black or African American
7,1580402808272,30/01/2020 16:46:48,1580402807219,-5,30/01/2020 11:46:47,12677,3,questionnaire-d7os,,3828740,5b6c312fa1fda800015fe165,1080563,,complete,,5e33072366ba442e0ccfd6e3,computer,Desktop or Laptop,Windows 10,Chrome 79.0.3945.130,1920x1080,1920x937,Pass,Demographics,1,Yes,Pass,Pass,,,Mixed_AustinSet1_AustinSH_JaneS_AustinTest1,,,LeftFemale_LeftSign,,,,,,END QUESTIONNAIRE,15519
1,1580403882144,30/01/2020 17:04:42,1580403881893,-6,30/01/2020 11:04:41,12677,3,questionnaire-d7os,,3828972,5c935d881754ba001b25697a,1080670,,complete,,5e3309697da72c000a6b362e,computer,Desktop or Laptop,Windows 10,Chrome 79.0.3945.130,1920x1080,1330x951,Pass,Demographics,1,Yes,Pass,Pass,,,Mixed_JaneSet1_AustinSH_JaneS_AustinTest1,,,,LeftFemale_LeftSign,,,,,BEGIN QUESTIONNAIRE,
2,1580403889761,30/01/2020 17:04:49,1580403889599,-6,30/01/2020 11:04:49,12677,3,questionnaire-d7os,,3828972,5c935d881754ba001b25697a,1080670,,complete,,5e3309697da72c000a6b362e,computer,Desktop or Laptop,Windows 10,Chrome 79.0.3945.130,1920x1080,1330x951,Pass,Demographics,1,Yes,Pass,Pass,,,Mixed_JaneSet1_AustinSH_JaneS_AustinTest1,,,,LeftFemale_LeftSign,,,,,response-accent-2,Southern
3,1580403890027,30/01/2020 17:04:50,1580403889600,-6,30/01/2020 11:04:49,12677,3,questionnaire-d7os,,3828972,5c935d881754ba001b25697a,1080670,,complete,,5e3309697da72c000a6b362e,computer,Desktop or Laptop,Windows 10,Chrome 79.0.3945.130,1920x1080,1330x951,Pass,Demographics,1,Yes,Pass,Pass,,,Mixed_JaneSet1_AustinSH_JaneS_AustinTest1,,,,LeftFemale_LeftSign,,,,,response-accent-text,
4,1580403890027,30/01/2020 17:04:50,1580403889601,-6,30/01/2020 11:04:49,12677,3,questionnaire-d7os,,3828972,5c935d881754ba001b25697a,1080670,,complete,,5e3309697da72c000a6b362e,computer,Desktop or Laptop,Windows 10,Chrome 79.0.3945.130,1920x1080,1330x951,Pass,Demographics,1,Yes,Pass,Pass,,,Mixed_JaneSet1_AustinSH_JaneS_AustinTest1,,,,LeftFemale_LeftSign,,,,,response-sex-1,Female
5,1580403890027,30/01/2020 17:04:50,1580403889601,-6,30/01/2020 11:04:49,12677,3,questionnaire-d7os,,3828972,5c935d881754ba001b25697a,1080670,,complete,,5e3309697da72c000a6b362e,computer,Desktop or Laptop,Windows 10,Chrome 79.0.3945.130,1920x1080,1330x951,Pass,Demographics,1,Yes,Pass,Pass,,,Mixed_JaneSet1_AustinSH_JaneS_AustinTest1,,,,LeftFemale_LeftSign,,,,,response-ethnicity-2,Not Hispanic or Latino
6,1580403890027,30/01/2020 17:04:50,1580403889601,-6,30/01/2020 11:04:49,12677,3,questionnaire-d7os,,3828972,5c935d881754ba001b25697a,1080670,,complete,,5e3309697da72c000a6b362e,computer,Desktop or Laptop,Windows 10,Chrome 79.0.3945.130,1920x1080,1330x951,Pass,Demographics,1,Yes,Pass,Pass,,,Mixed_JaneSet1_AustinSH_JaneS_AustinTest1,,,,LeftFemale_LeftSign,,,,,response-race-5,White
7,1580403890027,30/01/2020 17:04:50,1580403889601,-6,30/01/2020 11:04:49,12677,3,questionnaire-d7os,,3828972,5c935d881754ba001b25697a,1080670,,complete,,5e3309697da72c000a6b362e,computer,Desktop or Laptop,Windows 10,Chrome 79.0.3945.130,1920x1080,1330x951,Pass,Demographics,1,Yes,Pass,Pass,,,Mixed_JaneSet1_AustinSH_JaneS_AustinTest1,,,,LeftFemale_LeftSign,,,,,END QUESTIONNAIRE,7708
1,1580403906393,30/01/2020 17:05:06,1580403857401,-5,30/01/2020 12:04:17,12677,3,questionnaire-d7os,,3828976,5c05f92fd30e3200016e1f52,1080672,,complete,,5e330c6ccf93102d823ca832,computer,Desktop or Laptop,Windows 7,Chrome 79.0.3945.130,1920x1080,1920x969,Pass,Demographics,1,Yes,Pass,Pass,,,Mixed_AustinSet1_AustinS_JaneSH_JaneTest1,,,,,LeftMale_LeftSign,,,,BEGIN QUESTIONNAIRE,
2,1580403943171,30/01/2020 17:05:43,1580403894336,-5,30/01/2020 12:04:54,12677,3,questionnaire-d7os,,3828976,5c05f92fd30e3200016e1f52,1080672,,complete,,5e330c6ccf93102d823ca832,computer,Desktop or Laptop,Windows 7,Chrome 79.0.3945.130,1920x1080,1920x969,Pass,Demographics,1,Yes,Pass,Pass,,,Mixed_AustinSet1_AustinS_JaneSH_JaneTest1,,,,,LeftMale_LeftSign,,,,response-accent-1,New England
3,1580403943265,30/01/2020 17:05:43,1580403894338,-5,30/01/2020 12:04:54,12677,3,questionnaire-d7os,,3828976,5c05f92fd30e3200016e1f52,1080672,,complete,,5e330c6ccf93102d823ca832,computer,Desktop or Laptop,Windows 7,Chrome 79.0.3945.130,1920x1080,1920x969,Pass,Demographics,1,Yes,Pass,Pass,,,Mixed_AustinSet1_AustinS_JaneSH_JaneTest1,,,,,LeftMale_LeftSign,,,,response-accent-text,
4,1580403943265,30/01/2020 17:05:43,1580403894338,-5,30/01/2020 12:04:54,12677,3,questionnaire-d7os,,3828976,5c05f92fd30e3200016e1f52,1080672,,complete,,5e330c6ccf93102d823ca832,computer,Desktop or Laptop,Windows 7,Chrome 79.0.3945.130,1920x1080,1920x969,Pass,Demographics,1,Yes,Pass,Pass,,,Mixed_AustinSet1_AustinS_JaneSH_JaneTest1,,,,,LeftMale_LeftSign,,,,response-sex-2,Male
5,1580403943265,30/01/2020 17:05:43,1580403894339,-5,30/01/2020 12:04:54,12677,3,questionnaire-d7os,,3828976,5c05f92fd30e3200016e1f52,1080672,,complete,,5e330c6ccf93102d823ca832,computer,Desktop or Laptop,Windows 7,Chrome 79.0.3945.130,1920x1080,1920x969,Pass,Demographics,1,Yes,Pass,Pass,,,Mixed_AustinSet1_AustinS_JaneSH_JaneTest1,,,,,LeftMale_LeftSign,,,,response-ethnicity-1,Hispanic or Latino
6,1580403943265,30/01/2020 17:05:43,1580403894339,-5,30/01/2020 12:04:54,12677,3,questionnaire-d7os,,3828976,5c05f92fd30e3200016e1f52,1080672,,complete,,5e330c6ccf93102d823ca832,computer,Desktop or Laptop,Windows 7,Chrome 79.0.3945.130,1920x1080,1920x969,Pass,Demographics,1,Yes,Pass,Pass,,,Mixed_AustinSet1_AustinS_JaneSH_JaneTest1,,,,,LeftMale_LeftSign,,,,response-race-5,White
7,1580403943265,30/01/2020 17:05:43,1580403894339,-5,30/01/2020 12:04:54,12677,3,questionnaire-d7os,,3828976,5c05f92fd30e3200016e1f52,1080672,,complete,,5e330c6ccf93102d823ca832,computer,Desktop or Laptop,Windows 7,Chrome 79.0.3945.130,1920x1080,1920x969,Pass,Demographics,1,Yes,Pass,Pass,,,Mixed_AustinSet1_AustinS_JaneSH_JaneTest1,,,,,LeftMale_LeftSign,,,,END QUESTIONNAIRE,36938
1,1580404062615,30/01/2020 17:07:42,1580404065897,-6,30/01/2020 11:07:45,12677,3,questionnaire-d7os,,3829013,59ad90eb9fdf6c0001cba998,1080680,,complete,,5e330cac1647b82ccb387a03,computer,Desktop or Laptop,Windows 10,Firefox 72.0,1600x1200,1600x1036,Pass,Demographics,1,Yes,Pass,Pass,,,Mixed_JaneSet1_AustinS_JaneSH_JaneTest1,,,,,,LeftFemale_LeftShine,,,BEGIN QUESTIONNAIRE,
2,1580404106763,30/01/2020 17:08:26,1580404110087,-6,30/01/2020 11:08:30,12677,3,questionnaire-d7os,,3829013,59ad90eb9fdf6c0001cba998,1080680,,complete,,5e330cac1647b82ccb387a03,computer,Desktop or Laptop,Windows 10,Firefox 72.0,1600x1200,1600x1036,Pass,Demographics,1,Yes,Pass,Pass,,,Mixed_JaneSet1_AustinS_JaneSH_JaneTest1,,,,,,LeftFemale_LeftShine,,,response-accent-6,Southwestern
3,1580404107043,30/01/2020 17:08:27,1580404110090,-6,30/01/2020 11:08:30,12677,3,questionnaire-d7os,,3829013,59ad90eb9fdf6c0001cba998,1080680,,complete,,5e330cac1647b82ccb387a03,computer,Desktop or Laptop,Windows 10,Firefox 72.0,1600x1200,1600x1036,Pass,Demographics,1,Yes,Pass,Pass,,,Mixed_JaneSet1_AustinS_JaneSH_JaneTest1,,,,,,LeftFemale_LeftShine,,,response-accent-text,
4,1580404107043,30/01/2020 17:08:27,1580404110091,-6,30/01/2020 11:08:30,12677,3,questionnaire-d7os,,3829013,59ad90eb9fdf6c0001cba998,1080680,,complete,,5e330cac1647b82ccb387a03,computer,Desktop or Laptop,Windows 10,Firefox 72.0,1600x1200,1600x1036,Pass,Demographics,1,Yes,Pass,Pass,,,Mixed_JaneSet1_AustinS_JaneSH_JaneTest1,,,,,,LeftFemale_LeftShine,,,response-sex-2,Male
5,1580404107043,30/01/2020 17:08:27,1580404110091,-6,30/01/2020 11:08:30,12677,3,questionnaire-d7os,,3829013,59ad90eb9fdf6c0001cba998,1080680,,complete,,5e330cac1647b82ccb387a03,computer,Desktop or Laptop,Windows 10,Firefox 72.0,1600x1200,1600x1036,Pass,Demographics,1,Yes,Pass,Pass,,,Mixed_JaneSet1_AustinS_JaneSH_JaneTest1,,,,,,LeftFemale_LeftShine,,,response-ethnicity-2,Not Hispanic or Latino
6,1580404107043,30/01/2020 17:08:27,1580404110091,-6,30/01/2020 11:08:30,12677,3,questionnaire-d7os,,3829013,59ad90eb9fdf6c0001cba998,1080680,,complete,,5e330cac1647b82ccb387a03,computer,Desktop or Laptop,Windows 10,Firefox 72.0,1600x1200,1600x1036,Pass,Demographics,1,Yes,Pass,Pass,,,Mixed_JaneSet1_AustinS_JaneSH_JaneTest1,,,,,,LeftFemale_LeftShine,,,response-race-5,White
7,1580404107043,30/01/2020 17:08:27,1580404110091,-6,30/01/2020 11:08:30,12677,3,questionnaire-d7os,,3829013,59ad90eb9fdf6c0001cba998,1080680,,complete,,5e330cac1647b82ccb387a03,computer,Desktop or Laptop,Windows 10,Firefox 72.0,1600x1200,1600x1036,Pass,Demographics,1,Yes,Pass,Pass,,,Mixed_JaneSet1_AustinS_JaneSH_JaneTest1,,,,,,LeftFemale_LeftShine,,,END QUESTIONNAIRE,44194
1,1580404121114,30/01/2020 17:08:41,1580404125165,-5,30/01/2020 12:08:45,12677,3,questionnaire-d7os,,3829029,5e164a28e632e1c21416c28e,1080673,,complete,,5e34588cd87fbf426ad9a544,computer,Desktop or Laptop,Windows 10,Chrome 79.0.3945.130,1366x768,1366x625,Pass,Demographics,1,Yes,Fail,Pass,Pass,,Mixed_AustinSet1_AustinSH_JaneS_JaneTest1,,,,,,,LeftFemale_LeftShine,,BEGIN QUESTIONNAIRE,
2,1580404149679,30/01/2020 17:09:09,1580404153802,-5,30/01/2020 12:09:13,12677,3,questionnaire-d7os,,3829029,5e164a28e632e1c21416c28e,1080673,,complete,,5e34588cd87fbf426ad9a544,computer,Desktop or Laptop,Windows 10,Chrome 79.0.3945.130,1366x768,1349x625,Pass,Demographics,1,Yes,Fail,Pass,Pass,,Mixed_AustinSet1_AustinSH_JaneS_JaneTest1,,,,,,,LeftFemale_LeftShine,,response-accent-7,Do not know
3,1580404149851,30/01/2020 17:09:09,1580404153806,-5,30/01/2020 12:09:13,12677,3,questionnaire-d7os,,3829029,5e164a28e632e1c21416c28e,1080673,,complete,,5e34588cd87fbf426ad9a544,computer,Desktop or Laptop,Windows 10,Chrome 79.0.3945.130,1366x768,1349x625,Pass,Demographics,1,Yes,Fail,Pass,Pass,,Mixed_AustinSet1_AustinSH_JaneS_JaneTest1,,,,,,,LeftFemale_LeftShine,,response-accent-text,
4,1580404149851,30/01/2020 17:09:09,1580404153806,-5,30/01/2020 12:09:13,12677,3,questionnaire-d7os,,3829029,5e164a28e632e1c21416c28e,1080673,,complete,,5e34588cd87fbf426ad9a544,computer,Desktop or Laptop,Windows 10,Chrome 79.0.3945.130,1366x768,1349x625,Pass,Demographics,1,Yes,Fail,Pass,Pass,,Mixed_AustinSet1_AustinSH_JaneS_JaneTest1,,,,,,,LeftFemale_LeftShine,,response-sex-2,Male
5,1580404149851,30/01/2020 17:09:09,1580404153807,-5,30/01/2020 12:09:13,12677,3,questionnaire-d7os,,3829029,5e164a28e632e1c21416c28e,1080673,,complete,,5e34588cd87fbf426ad9a544,computer,Desktop or Laptop,Windows 10,Chrome 79.0.3945.130,1366x768,1349x625,Pass,Demographics,1,Yes,Fail,Pass,Pass,,Mixed_AustinSet1_AustinSH_JaneS_JaneTest1,,,,,,,LeftFemale_LeftShine,,response-ethnicity-2,Not Hispanic or Latino
6,1580404149851,30/01/2020 17:09:09,1580404153807,-5,30/01/2020 12:09:13,12677,3,questionnaire-d7os,,3829029,5e164a28e632e1c21416c28e,1080673,,complete,,5e34588cd87fbf426ad9a544,computer,Desktop or Laptop,Windows 10,Chrome 79.0.3945.130,1366x768,1349x625,Pass,Demographics,1,Yes,Fail,Pass,Pass,,Mixed_AustinSet1_AustinSH_JaneS_JaneTest1,,,,,,,LeftFemale_LeftShine,,response-race-6,More than One Race
7,1580404149851,30/01/2020 17:09:09,1580404153808,-5,30/01/2020 12:09:13,12677,3,questionnaire-d7os,,3829029,5e164a28e632e1c21416c28e,1080673,,complete,,5e34588cd87fbf426ad9a544,computer,Desktop or Laptop,Windows 10,Chrome 79.0.3945.130,1366x768,1349x625,Pass,Demographics,1,Yes,Fail,Pass,Pass,,Mixed_AustinSet1_AustinSH_JaneS_JaneTest1,,,,,,,LeftFemale_LeftShine,,END QUESTIONNAIRE,28644
1,1580404180620,30/01/2020 17:09:40,1580404182407,-5,30/01/2020 12:09:42,12677,3,questionnaire-d7os,,3829046,5dbdc1d62a1dd62eb48ae957,1080688,,complete,,5e330d3922d9f62defa11855,computer,Desktop or Laptop,Windows 10,Chrome 79.0.3945.130,1366x768,1366x657,Pass,Demographics,1,Yes,Fail,Pass,Pass,,Mixed_AustinSet1_AustinSH_JaneS_AustinTest1,,,LeftMale_LeftShine,,,,,,BEGIN QUESTIONNAIRE,
2,1580404195382,30/01/2020 17:09:55,1580404195994,-5,30/01/2020 12:09:55,12677,3,questionnaire-d7os,,3829046,5dbdc1d62a1dd62eb48ae957,1080688,,complete,,5e330d3922d9f62defa11855,computer,Desktop or Laptop,Windows 10,Chrome 79.0.3945.130,1366x768,1349x657,Pass,Demographics,1,Yes,Fail,Pass,Pass,,Mixed_AustinSet1_AustinSH_JaneS_AustinTest1,,,LeftMale_LeftShine,,,,,,response-accent-2,Southern
3,1580404195537,30/01/2020 17:09:55,1580404195998,-5,30/01/2020 12:09:55,12677,3,questionnaire-d7os,,3829046,5dbdc1d62a1dd62eb48ae957,1080688,,complete,,5e330d3922d9f62defa11855,computer,Desktop or Laptop,Windows 10,Chrome 79.0.3945.130,1366x768,1349x657,Pass,Demographics,1,Yes,Fail,Pass,Pass,,Mixed_AustinSet1_AustinSH_JaneS_AustinTest1,,,LeftMale_LeftShine,,,,,,response-accent-text,
4,1580404195537,30/01/2020 17:09:55,1580404195999,-5,30/01/2020 12:09:55,12677,3,questionnaire-d7os,,3829046,5dbdc1d62a1dd62eb48ae957,1080688,,complete,,5e330d3922d9f62defa11855,computer,Desktop or Laptop,Windows 10,Chrome 79.0.3945.130,1366x768,1349x657,Pass,Demographics,1,Yes,Fail,Pass,Pass,,Mixed_AustinSet1_AustinSH_JaneS_AustinTest1,,,LeftMale_LeftShine,,,,,,response-sex-1,Female
5,1580404195537,30/01/2020 17:09:55,1580404196000,-5,30/01/2020 12:09:56,12677,3,questionnaire-d7os,,3829046,5dbdc1d62a1dd62eb48ae957,1080688,,complete,,5e330d3922d9f62defa11855,computer,Desktop or Laptop,Windows 10,Chrome 79.0.3945.130,1366x768,1349x657,Pass,Demographics,1,Yes,Fail,Pass,Pass,,Mixed_AustinSet1_AustinSH_JaneS_AustinTest1,,,LeftMale_LeftShine,,,,,,response-ethnicity-2,Not Hispanic or Latino
6,1580404195537,30/01/2020 17:09:55,1580404196000,-5,30/01/2020 12:09:56,12677,3,questionnaire-d7os,,3829046,5dbdc1d62a1dd62eb48ae957,1080688,,complete,,5e330d3922d9f62defa11855,computer,Desktop or Laptop,Windows 10,Chrome 79.0.3945.130,1366x768,1349x657,Pass,Demographics,1,Yes,Fail,Pass,Pass,,Mixed_AustinSet1_AustinSH_JaneS_AustinTest1,,,LeftMale_LeftShine,,,,,,response-race-5,White
7,1580404195537,30/01/2020 17:09:55,1580404196001,-5,30/01/2020 12:09:56,12677,3,questionnaire-d7os,,3829046,5dbdc1d62a1dd62eb48ae957,1080688,,complete,,5e330d3922d9f62defa11855,computer,Desktop or Laptop,Windows 10,Chrome 79.0.3945.130,1366x768,1349x657,Pass,Demographics,1,Yes,Fail,Pass,Pass,,Mixed_AustinSet1_AustinSH_JaneS_AustinTest1,,,LeftMale_LeftShine,,,,,,END QUESTIONNAIRE,13595
1,1580404250497,30/01/2020 17:10:50,1580404250381,-5,30/01/2020 12:10:50,12677,3,questionnaire-d7os,,3829064,580cab86b869700001d71628,1080687,,complete,,5e330d38fe3cc32da2ab664f,computer,Desktop or Laptop,Mac OS 10.15.2,Chrome 79.0.3945.130,1680x1050,1677x805,Pass,Demographics,1,Yes,Pass,Pass,,,Mixed_JaneSet1_AustinSH_JaneS_JaneTest1,,,,,,,,LeftFemale_LeftSign,BEGIN QUESTIONNAIRE,
2,1580404269370,30/01/2020 17:11:09,1580404269287,-5,30/01/2020 12:11:09,12677,3,questionnaire-d7os,,3829064,580cab86b869700001d71628,1080687,,complete,,5e330d38fe3cc32da2ab664f,computer,Desktop or Laptop,Mac OS 10.15.2,Chrome 79.0.3945.130,1680x1050,1662x805,Pass,Demographics,1,Yes,Pass,Pass,,,Mixed_JaneSet1_AustinSH_JaneS_JaneTest1,,,,,,,,LeftFemale_LeftSign,response-accent-1,New England
3,1580404269479,30/01/2020 17:11:09,1580404269288,-5,30/01/2020 12:11:09,12677,3,questionnaire-d7os,,3829064,580cab86b869700001d71628,1080687,,complete,,5e330d38fe3cc32da2ab664f,computer,Desktop or Laptop,Mac OS 10.15.2,Chrome 79.0.3945.130,1680x1050,1662x805,Pass,Demographics,1,Yes,Pass,Pass,,,Mixed_JaneSet1_AustinSH_JaneS_JaneTest1,,,,,,,,LeftFemale_LeftSign,response-accent-text,
4,1580404269479,30/01/2020 17:11:09,1580404269288,-5,30/01/2020 12:11:09,12677,3,questionnaire-d7os,,3829064,580cab86b869700001d71628,1080687,,complete,,5e330d38fe3cc32da2ab664f,computer,Desktop or Laptop,Mac OS 10.15.2,Chrome 79.0.3945.130,1680x1050,1662x805,Pass,Demographics,1,Yes,Pass,Pass,,,Mixed_JaneSet1_AustinSH_JaneS_JaneTest1,,,,,,,,LeftFemale_LeftSign,response-sex-1,Female
5,1580404269479,30/01/2020 17:11:09,1580404269288,-5,30/01/2020 12:11:09,12677,3,questionnaire-d7os,,3829064,580cab86b869700001d71628,1080687,,complete,,5e330d38fe3cc32da2ab664f,computer,Desktop or Laptop,Mac OS 10.15.2,Chrome 79.0.3945.130,1680x1050,1662x805,Pass,Demographics,1,Yes,Pass,Pass,,,Mixed_JaneSet1_AustinSH_JaneS_JaneTest1,,,,,,,,LeftFemale_LeftSign,response-ethnicity-2,Not Hispanic or Latino
6,1580404269479,30/01/2020 17:11:09,1580404269288,-5,30/01/2020 12:11:09,12677,3,questionnaire-d7os,,3829064,580cab86b869700001d71628,1080687,,complete,,5e330d38fe3cc32da2ab664f,computer,Desktop or Laptop,Mac OS 10.15.2,Chrome 79.0.3945.130,1680x1050,1662x805,Pass,Demographics,1,Yes,Pass,Pass,,,Mixed_JaneSet1_AustinSH_JaneS_JaneTest1,,,,,,,,LeftFemale_LeftSign,response-race-5,White
7,1580404269479,30/01/2020 17:11:09,1580404269288,-5,30/01/2020 12:11:09,12677,3,questionnaire-d7os,,3829064,580cab86b869700001d71628,1080687,,complete,,5e330d38fe3cc32da2ab664f,computer,Desktop or Laptop,Mac OS 10.15.2,Chrome 79.0.3945.130,1680x1050,1662x805,Pass,Demographics,1,Yes,Pass,Pass,,,Mixed_JaneSet1_AustinSH_JaneS_JaneTest1,,,,,,,,LeftFemale_LeftSign,END QUESTIONNAIRE,18907
1,1580404435089,30/01/2020 17:13:55,1580404465655,-5,30/01/2020 12:14:25,12677,3,questionnaire-d7os,,3829105,5dd602ad1b28c05ad0367ebd,1080695,,complete,,5e330d8a9202d92ddd51146c,computer,Desktop or Laptop,Windows 10,Chrome 79.0.3945.130,1366x768,1366x625,Pass,Demographics,1,Yes,Pass,Pass,,,Mixed_JaneSet1_AustinS_JaneSH_AustinTest1,,LeftMale_LeftShine,,,,,,,BEGIN QUESTIONNAIRE,
2,1580404476676,30/01/2020 17:14:36,1580404506884,-5,30/01/2020 12:15:06,12677,3,questionnaire-d7os,,3829105,5dd602ad1b28c05ad0367ebd,1080695,,complete,,5e330d8a9202d92ddd51146c,computer,Desktop or Laptop,Windows 10,Chrome 79.0.3945.130,1366x768,1349x625,Pass,Demographics,1,Yes,Pass,Pass,,,Mixed_JaneSet1_AustinS_JaneSH_AustinTest1,,LeftMale_LeftShine,,,,,,,response-accent-6,Southwestern
3,1580404476848,30/01/2020 17:14:36,1580404506894,-5,30/01/2020 12:15:06,12677,3,questionnaire-d7os,,3829105,5dd602ad1b28c05ad0367ebd,1080695,,complete,,5e330d8a9202d92ddd51146c,computer,Desktop or Laptop,Windows 10,Chrome 79.0.3945.130,1366x768,1349x625,Pass,Demographics,1,Yes,Pass,Pass,,,Mixed_JaneSet1_AustinS_JaneSH_AustinTest1,,LeftMale_LeftShine,,,,,,,response-accent-text,
4,1580404476848,30/01/2020 17:14:36,1580404506896,-5,30/01/2020 12:15:06,12677,3,questionnaire-d7os,,3829105,5dd602ad1b28c05ad0367ebd,1080695,,complete,,5e330d8a9202d92ddd51146c,computer,Desktop or Laptop,Windows 10,Chrome 79.0.3945.130,1366x768,1349x625,Pass,Demographics,1,Yes,Pass,Pass,,,Mixed_JaneSet1_AustinS_JaneSH_AustinTest1,,LeftMale_LeftShine,,,,,,,response-sex-1,Female
5,1580404476848,30/01/2020 17:14:36,1580404506897,-5,30/01/2020 12:15:06,12677,3,questionnaire-d7os,,3829105,5dd602ad1b28c05ad0367ebd,1080695,,complete,,5e330d8a9202d92ddd51146c,computer,Desktop or Laptop,Windows 10,Chrome 79.0.3945.130,1366x768,1349x625,Pass,Demographics,1,Yes,Pass,Pass,,,Mixed_JaneSet1_AustinS_JaneSH_AustinTest1,,LeftMale_LeftShine,,,,,,,response-ethnicity-2,Not Hispanic or Latino
6,1580404476848,30/01/2020 17:14:36,1580404506898,-5,30/01/2020 12:15:06,12677,3,questionnaire-d7os,,3829105,5dd602ad1b28c05ad0367ebd,1080695,,complete,,5e330d8a9202d92ddd51146c,computer,Desktop or Laptop,Windows 10,Chrome 79.0.3945.130,1366x768,1349x625,Pass,Demographics,1,Yes,Pass,Pass,,,Mixed_JaneSet1_AustinS_JaneSH_AustinTest1,,LeftMale_LeftShine,,,,,,,response-race-4,Black or African American
7,1580404476848,30/01/2020 17:14:36,1580404506899,-5,30/01/2020 12:15:06,12677,3,questionnaire-d7os,,3829105,5dd602ad1b28c05ad0367ebd,1080695,,complete,,5e330d8a9202d92ddd51146c,computer,Desktop or Laptop,Windows 10,Chrome 79.0.3945.130,1366x768,1349x625,Pass,Demographics,1,Yes,Pass,Pass,,,Mixed_JaneSet1_AustinS_JaneSH_AustinTest1,,LeftMale_LeftShine,,,,,,,END QUESTIONNAIRE,41245
1,1580404436635,30/01/2020 17:13:56,1580404602093,-7,30/01/2020 10:16:42,12677,3,questionnaire-d7os,,3829106,5c2515f410677f0001db43f6,1080713,,complete,,5e330e6a4e448c2e708c61ca,computer,Desktop or Laptop,Mac OS 10.12.5,Chrome 79.0.3945.130,1366x768,1270x621,Pass,Demographics,1,Yes,Pass,Pass,,,Mixed_JaneSet1_AustinSH_JaneS_AustinTest1,,,,LeftMale_LeftShine,,,,,BEGIN QUESTIONNAIRE,
2,1580404473052,30/01/2020 17:14:33,1580404638473,-7,30/01/2020 10:17:18,12677,3,questionnaire-d7os,,3829106,5c2515f410677f0001db43f6,1080713,,complete,,5e330e6a4e448c2e708c61ca,computer,Desktop or Laptop,Mac OS 10.12.5,Chrome 79.0.3945.130,1366x768,1270x621,Pass,Demographics,1,Yes,Pass,Pass,,,Mixed_JaneSet1_AustinSH_JaneS_AustinTest1,,,,LeftMale_LeftShine,,,,,response-accent-2,Southern
3,1580404473301,30/01/2020 17:14:33,1580404638476,-7,30/01/2020 10:17:18,12677,3,questionnaire-d7os,,3829106,5c2515f410677f0001db43f6,1080713,,complete,,5e330e6a4e448c2e708c61ca,computer,Desktop or Laptop,Mac OS 10.12.5,Chrome 79.0.3945.130,1366x768,1270x621,Pass,Demographics,1,Yes,Pass,Pass,,,Mixed_JaneSet1_AustinSH_JaneS_AustinTest1,,,,LeftMale_LeftShine,,,,,response-accent-6,Southwestern
4,1580404473301,30/01/2020 17:14:33,1580404638476,-7,30/01/2020 10:17:18,12677,3,questionnaire-d7os,,3829106,5c2515f410677f0001db43f6,1080713,,complete,,5e330e6a4e448c2e708c61ca,computer,Desktop or Laptop,Mac OS 10.12.5,Chrome 79.0.3945.130,1366x768,1270x621,Pass,Demographics,1,Yes,Pass,Pass,,,Mixed_JaneSet1_AustinSH_JaneS_AustinTest1,,,,LeftMale_LeftShine,,,,,response-accent-text,
5,1580404473301,30/01/2020 17:14:33,1580404638476,-7,30/01/2020 10:17:18,12677,3,questionnaire-d7os,,3829106,5c2515f410677f0001db43f6,1080713,,complete,,5e330e6a4e448c2e708c61ca,computer,Desktop or Laptop,Mac OS 10.12.5,Chrome 79.0.3945.130,1366x768,1270x621,Pass,Demographics,1,Yes,Pass,Pass,,,Mixed_JaneSet1_AustinSH_JaneS_AustinTest1,,,,LeftMale_LeftShine,,,,,response-sex-1,Female
6,1580404473301,30/01/2020 17:14:33,1580404638477,-7,30/01/2020 10:17:18,12677,3,questionnaire-d7os,,3829106,5c2515f410677f0001db43f6,1080713,,complete,,5e330e6a4e448c2e708c61ca,computer,Desktop or Laptop,Mac OS 10.12.5,Chrome 79.0.3945.130,1366x768,1270x621,Pass,Demographics,1,Yes,Pass,Pass,,,Mixed_JaneSet1_AustinSH_JaneS_AustinTest1,,,,LeftMale_LeftShine,,,,,response-ethnicity-2,Not Hispanic or Latino
7,1580404473301,30/01/2020 17:14:33,1580404638477,-7,30/01/2020 10:17:18,12677,3,questionnaire-d7os,,3829106,5c2515f410677f0001db43f6,1080713,,complete,,5e330e6a4e448c2e708c61ca,computer,Desktop or Laptop,Mac OS 10.12.5,Chrome 79.0.3945.130,1366x768,1270x621,Pass,Demographics,1,Yes,Pass,Pass,,,Mixed_JaneSet1_AustinSH_JaneS_AustinTest1,,,,LeftMale_LeftShine,,,,,response-race-5,White
8,1580404473301,30/01/2020 17:14:33,1580404638477,-7,30/01/2020 10:17:18,12677,3,questionnaire-d7os,,3829106,5c2515f410677f0001db43f6,1080713,,complete,,5e330e6a4e448c2e708c61ca,computer,Desktop or Laptop,Mac OS 10.12.5,Chrome 79.0.3945.130,1366x768,1270x621,Pass,Demographics,1,Yes,Pass,Pass,,,Mixed_JaneSet1_AustinSH_JaneS_AustinTest1,,,,LeftMale_LeftShine,,,,,END QUESTIONNAIRE,36385
1,1580404463534,30/01/2020 17:14:23,1580404463128,-6,30/01/2020 11:14:23,12677,3,questionnaire-d7os,,3829116,5e149736e632e1a92be5738c,1080711,,complete,,5e330e604bf4622d41a556a7,computer,Desktop or Laptop,Windows 10,Firefox 72.0,1366x768,1366x654,Pass,Demographics,1,Yes,Pass,Pass,,,Mixed_AustinSet1_AustinS_JaneSH_JaneTest1,,,,,LeftMale_LeftShine,,,,BEGIN QUESTIONNAIRE,
2,1580404492435,30/01/2020 17:14:52,1580404492100,-6,30/01/2020 11:14:52,12677,3,questionnaire-d7os,,3829116,5e149736e632e1a92be5738c,1080711,,complete,,5e330e604bf4622d41a556a7,computer,Desktop or Laptop,Windows 10,Firefox 72.0,1366x768,1349x654,Pass,Demographics,1,Yes,Pass,Pass,,,Mixed_AustinSet1_AustinS_JaneSH_JaneTest1,,,,,LeftMale_LeftShine,,,,response-accent-other,Other (please specify)
3,1580404492607,30/01/2020 17:14:52,1580404492110,-6,30/01/2020 11:14:52,12677,3,questionnaire-d7os,,3829116,5e149736e632e1a92be5738c,1080711,,complete,,5e330e604bf4622d41a556a7,computer,Desktop or Laptop,Windows 10,Firefox 72.0,1366x768,1349x654,Pass,Demographics,1,Yes,Pass,Pass,,,Mixed_AustinSet1_AustinS_JaneSH_JaneTest1,,,,,LeftMale_LeftShine,,,,response-accent-text,american
4,1580404492607,30/01/2020 17:14:52,1580404492110,-6,30/01/2020 11:14:52,12677,3,questionnaire-d7os,,3829116,5e149736e632e1a92be5738c,1080711,,complete,,5e330e604bf4622d41a556a7,computer,Desktop or Laptop,Windows 10,Firefox 72.0,1366x768,1349x654,Pass,Demographics,1,Yes,Pass,Pass,,,Mixed_AustinSet1_AustinS_JaneSH_JaneTest1,,,,,LeftMale_LeftShine,,,,response-sex-2,Male
5,1580404492607,30/01/2020 17:14:52,1580404492111,-6,30/01/2020 11:14:52,12677,3,questionnaire-d7os,,3829116,5e149736e632e1a92be5738c,1080711,,complete,,5e330e604bf4622d41a556a7,computer,Desktop or Laptop,Windows 10,Firefox 72.0,1366x768,1349x654,Pass,Demographics,1,Yes,Pass,Pass,,,Mixed_AustinSet1_AustinS_JaneSH_JaneTest1,,,,,LeftMale_LeftShine,,,,response-ethnicity-2,Not Hispanic or Latino
6,1580404492607,30/01/2020 17:14:52,1580404492112,-6,30/01/2020 11:14:52,12677,3,questionnaire-d7os,,3829116,5e149736e632e1a92be5738c,1080711,,complete,,5e330e604bf4622d41a556a7,computer,Desktop or Laptop,Windows 10,Firefox 72.0,1366x768,1349x654,Pass,Demographics,1,Yes,Pass,Pass,,,Mixed_AustinSet1_AustinS_JaneSH_JaneTest1,,,,,LeftMale_LeftShine,,,,response-race-4,Black or African American
7,1580404492607,30/01/2020 17:14:52,1580404492114,-6,30/01/2020 11:14:52,12677,3,questionnaire-d7os,,3829116,5e149736e632e1a92be5738c,1080711,,complete,,5e330e604bf4622d41a556a7,computer,Desktop or Laptop,Windows 10,Firefox 72.0,1366x768,1349x654,Pass,Demographics,1,Yes,Pass,Pass,,,Mixed_AustinSet1_AustinS_JaneSH_JaneTest1,,,,,LeftMale_LeftShine,,,,END QUESTIONNAIRE,28987
1,1580404479426,30/01/2020 17:14:39,1580404479284,-6,30/01/2020 11:14:39,12677,3,questionnaire-d7os,,3829125,5acb6d77e734400001da7928,1080716,,complete,,5e330ebec5ddaa2dd9e4f40d,computer,Desktop or Laptop,Windows 10,Firefox 74.0,1920x1080,1920x966,Pass,Demographics,1,Yes,Pass,Pass,,,Mixed_AustinSet1_AustinSH_JaneS_AustinTest1,,,LeftFemale_LeftShine,,,,,,BEGIN QUESTIONNAIRE,
2,1580404492513,30/01/2020 17:14:52,1580404492452,-6,30/01/2020 11:14:52,12677,3,questionnaire-d7os,,3829125,5acb6d77e734400001da7928,1080716,,complete,,5e330ebec5ddaa2dd9e4f40d,computer,Desktop or Laptop,Windows 10,Firefox 74.0,1920x1080,1920x966,Pass,Demographics,1,Yes,Pass,Pass,,,Mixed_AustinSet1_AustinSH_JaneS_AustinTest1,,,LeftFemale_LeftShine,,,,,,response-accent-2,Southern
3,1580404492670,30/01/2020 17:14:52,1580404492454,-6,30/01/2020 11:14:52,12677,3,questionnaire-d7os,,3829125,5acb6d77e734400001da7928,1080716,,complete,,5e330ebec5ddaa2dd9e4f40d,computer,Desktop or Laptop,Windows 10,Firefox 74.0,1920x1080,1920x966,Pass,Demographics,1,Yes,Pass,Pass,,,Mixed_AustinSet1_AustinSH_JaneS_AustinTest1,,,LeftFemale_LeftShine,,,,,,response-accent-text,
4,1580404492670,30/01/2020 17:14:52,1580404492454,-6,30/01/2020 11:14:52,12677,3,questionnaire-d7os,,3829125,5acb6d77e734400001da7928,1080716,,complete,,5e330ebec5ddaa2dd9e4f40d,computer,Desktop or Laptop,Windows 10,Firefox 74.0,1920x1080,1920x966,Pass,Demographics,1,Yes,Pass,Pass,,,Mixed_AustinSet1_AustinSH_JaneS_AustinTest1,,,LeftFemale_LeftShine,,,,,,response-sex-2,Male
5,1580404492670,30/01/2020 17:14:52,1580404492454,-6,30/01/2020 11:14:52,12677,3,questionnaire-d7os,,3829125,5acb6d77e734400001da7928,1080716,,complete,,5e330ebec5ddaa2dd9e4f40d,computer,Desktop or Laptop,Windows 10,Firefox 74.0,1920x1080,1920x966,Pass,Demographics,1,Yes,Pass,Pass,,,Mixed_AustinSet1_AustinSH_JaneS_AustinTest1,,,LeftFemale_LeftShine,,,,,,response-ethnicity-2,Not Hispanic or Latino
6,1580404492670,30/01/2020 17:14:52,1580404492454,-6,30/01/2020 11:14:52,12677,3,questionnaire-d7os,,3829125,5acb6d77e734400001da7928,1080716,,complete,,5e330ebec5ddaa2dd9e4f40d,computer,Desktop or Laptop,Windows 10,Firefox 74.0,1920x1080,1920x966,Pass,Demographics,1,Yes,Pass,Pass,,,Mixed_AustinSet1_AustinSH_JaneS_AustinTest1,,,LeftFemale_LeftShine,,,,,,response-race-5,White
7,1580404492670,30/01/2020 17:14:52,1580404492454,-6,30/01/2020 11:14:52,12677,3,questionnaire-d7os,,3829125,5acb6d77e734400001da7928,1080716,,complete,,5e330ebec5ddaa2dd9e4f40d,computer,Desktop or Laptop,Windows 10,Firefox 74.0,1920x1080,1920x966,Pass,Demographics,1,Yes,Pass,Pass,,,Mixed_AustinSet1_AustinSH_JaneS_AustinTest1,,,LeftFemale_LeftShine,,,,,,END QUESTIONNAIRE,13170
1,1580404506424,30/01/2020 17:15:06,1580404506300,-5,30/01/2020 12:15:06,12677,3,questionnaire-d7os,,3829134,5c49daf27634520001c6581b,1080717,,complete,,5e330dfa87b8ef2d6c55313c,computer,Desktop or Laptop,Mac OS 10.14.0,Chrome 79.0.3945.117,1440x900,1440x821,Pass,Demographics,1,Yes,Pass,Pass,,,Mixed_AustinSet1_AustinS_JaneSH_JaneTest1,,,,,LeftFemale_LeftShine,,,,BEGIN QUESTIONNAIRE,
2,1580404556717,30/01/2020 17:15:56,1580404556195,-5,30/01/2020 12:15:56,12677,3,questionnaire-d7os,,3829134,5c49daf27634520001c6581b,1080717,,complete,,5e330dfa87b8ef2d6c55313c,computer,Desktop or Laptop,Mac OS 10.14.0,Chrome 79.0.3945.117,1440x900,1440x821,Pass,Demographics,1,Yes,Pass,Pass,,,Mixed_AustinSet1_AustinS_JaneSH_JaneTest1,,,,,LeftFemale_LeftShine,,,,response-accent-5,Pacific southwest
3,1580404556902,30/01/2020 17:15:56,1580404556197,-5,30/01/2020 12:15:56,12677,3,questionnaire-d7os,,3829134,5c49daf27634520001c6581b,1080717,,complete,,5e330dfa87b8ef2d6c55313c,computer,Desktop or Laptop,Mac OS 10.14.0,Chrome 79.0.3945.117,1440x900,1440x821,Pass,Demographics,1,Yes,Pass,Pass,,,Mixed_AustinSet1_AustinS_JaneSH_JaneTest1,,,,,LeftFemale_LeftShine,,,,response-accent-text,
4,1580404556902,30/01/2020 17:15:56,1580404556198,-5,30/01/2020 12:15:56,12677,3,questionnaire-d7os,,3829134,5c49daf27634520001c6581b,1080717,,complete,,5e330dfa87b8ef2d6c55313c,computer,Desktop or Laptop,Mac OS 10.14.0,Chrome 79.0.3945.117,1440x900,1440x821,Pass,Demographics,1,Yes,Pass,Pass,,,Mixed_AustinSet1_AustinS_JaneSH_JaneTest1,,,,,LeftFemale_LeftShine,,,,response-sex-1,Female
5,1580404556902,30/01/2020 17:15:56,1580404556198,-5,30/01/2020 12:15:56,12677,3,questionnaire-d7os,,3829134,5c49daf27634520001c6581b,1080717,,complete,,5e330dfa87b8ef2d6c55313c,computer,Desktop or Laptop,Mac OS 10.14.0,Chrome 79.0.3945.117,1440x900,1440x821,Pass,Demographics,1,Yes,Pass,Pass,,,Mixed_AustinSet1_AustinS_JaneSH_JaneTest1,,,,,LeftFemale_LeftShine,,,,response-ethnicity-2,Not Hispanic or Latino
6,1580404556902,30/01/2020 17:15:56,1580404556198,-5,30/01/2020 12:15:56,12677,3,questionnaire-d7os,,3829134,5c49daf27634520001c6581b,1080717,,complete,,5e330dfa87b8ef2d6c55313c,computer,Desktop or Laptop,Mac OS 10.14.0,Chrome 79.0.3945.117,1440x900,1440x821,Pass,Demographics,1,Yes,Pass,Pass,,,Mixed_AustinSet1_AustinS_JaneSH_JaneTest1,,,,,LeftFemale_LeftShine,,,,response-race-2,Asian
7,1580404556902,30/01/2020 17:15:56,1580404556198,-5,30/01/2020 12:15:56,12677,3,questionnaire-d7os,,3829134,5c49daf27634520001c6581b,1080717,,complete,,5e330dfa87b8ef2d6c55313c,computer,Desktop or Laptop,Mac OS 10.14.0,Chrome 79.0.3945.117,1440x900,1440x821,Pass,Demographics,1,Yes,Pass,Pass,,,Mixed_AustinSet1_AustinS_JaneSH_JaneTest1,,,,,LeftFemale_LeftShine,,,,END QUESTIONNAIRE,49899
1,1580404531933,30/01/2020 17:15:31,1580404532270,-6,30/01/2020 11:15:32,12677,3,questionnaire-d7os,,3829146,578d3224900cc80001d2e704,1080719,,complete,,5e330ed1cf7d032d6abf470c,computer,Desktop or Laptop,Windows 10,Chrome 79.0.3945.130,1536x864,1536x754,Pass,Demographics,1,Yes,Pass,Pass,,,Mixed_JaneSet1_AustinSH_JaneS_JaneTest1,,,,,,,,LeftMale_LeftShine,BEGIN QUESTIONNAIRE,
2,1580404542831,30/01/2020 17:15:42,1580404543208,-6,30/01/2020 11:15:43,12677,3,questionnaire-d7os,,3829146,578d3224900cc80001d2e704,1080719,,complete,,5e330ed1cf7d032d6abf470c,computer,Desktop or Laptop,Windows 10,Chrome 79.0.3945.130,1536x864,1519x754,Pass,Demographics,1,Yes,Pass,Pass,,,Mixed_JaneSet1_AustinSH_JaneS_JaneTest1,,,,,,,,LeftMale_LeftShine,response-accent-3,Midwestern
3,1580404543221,30/01/2020 17:15:43,1580404543214,-6,30/01/2020 11:15:43,12677,3,questionnaire-d7os,,3829146,578d3224900cc80001d2e704,1080719,,complete,,5e330ed1cf7d032d6abf470c,computer,Desktop or Laptop,Windows 10,Chrome 79.0.3945.130,1536x864,1519x754,Pass,Demographics,1,Yes,Pass,Pass,,,Mixed_JaneSet1_AustinSH_JaneS_JaneTest1,,,,,,,,LeftMale_LeftShine,response-accent-text,
4,1580404543221,30/01/2020 17:15:43,1580404543215,-6,30/01/2020 11:15:43,12677,3,questionnaire-d7os,,3829146,578d3224900cc80001d2e704,1080719,,complete,,5e330ed1cf7d032d6abf470c,computer,Desktop or Laptop,Windows 10,Chrome 79.0.3945.130,1536x864,1519x754,Pass,Demographics,1,Yes,Pass,Pass,,,Mixed_JaneSet1_AustinSH_JaneS_JaneTest1,,,,,,,,LeftMale_LeftShine,response-sex-2,Male
5,1580404543221,30/01/2020 17:15:43,1580404543216,-6,30/01/2020 11:15:43,12677,3,questionnaire-d7os,,3829146,578d3224900cc80001d2e704,1080719,,complete,,5e330ed1cf7d032d6abf470c,computer,Desktop or Laptop,Windows 10,Chrome 79.0.3945.130,1536x864,1519x754,Pass,Demographics,1,Yes,Pass,Pass,,,Mixed_JaneSet1_AustinSH_JaneS_JaneTest1,,,,,,,,LeftMale_LeftShine,response-ethnicity-2,Not Hispanic or Latino
6,1580404543221,30/01/2020 17:15:43,1580404543217,-6,30/01/2020 11:15:43,12677,3,questionnaire-d7os,,3829146,578d3224900cc80001d2e704,1080719,,complete,,5e330ed1cf7d032d6abf470c,computer,Desktop or Laptop,Windows 10,Chrome 79.0.3945.130,1536x864,1519x754,Pass,Demographics,1,Yes,Pass,Pass,,,Mixed_JaneSet1_AustinSH_JaneS_JaneTest1,,,,,,,,LeftMale_LeftShine,response-race-5,White
7,1580404543221,30/01/2020 17:15:43,1580404543218,-6,30/01/2020 11:15:43,12677,3,questionnaire-d7os,,3829146,578d3224900cc80001d2e704,1080719,,complete,,5e330ed1cf7d032d6abf470c,computer,Desktop or Laptop,Windows 10,Chrome 79.0.3945.130,1536x864,1519x754,Pass,Demographics,1,Yes,Pass,Pass,,,Mixed_JaneSet1_AustinSH_JaneS_JaneTest1,,,,,,,,LeftMale_LeftShine,END QUESTIONNAIRE,10948
1,1580404681823,30/01/2020 17:18:01,1580404680676,-6,30/01/2020 11:18:00,12677,3,questionnaire-d7os,,3829220,5dd59e901986eb55f1e2cb22,1080728,,complete,,5e330f63aa8b062dc5ab1b50,computer,Desktop or Laptop,Windows 10,Chrome 79.0.3945.130,1920x1080,1920x969,Pass,Demographics,1,Yes,Pass,Pass,,,Mixed_AustinSet1_AustinS_JaneSH_AustinTest1,LeftFemale_LeftSign,,,,,,,,BEGIN QUESTIONNAIRE,
2,1580404696628,30/01/2020 17:18:16,1580404695501,-6,30/01/2020 11:18:15,12677,3,questionnaire-d7os,,3829220,5dd59e901986eb55f1e2cb22,1080728,,complete,,5e330f63aa8b062dc5ab1b50,computer,Desktop or Laptop,Windows 10,Chrome 79.0.3945.130,1920x1080,1920x969,Pass,Demographics,1,Yes,Pass,Pass,,,Mixed_AustinSet1_AustinS_JaneSH_AustinTest1,LeftFemale_LeftSign,,,,,,,,response-accent-3,Midwestern
3,1580404696783,30/01/2020 17:18:16,1580404695503,-6,30/01/2020 11:18:15,12677,3,questionnaire-d7os,,3829220,5dd59e901986eb55f1e2cb22,1080728,,complete,,5e330f63aa8b062dc5ab1b50,computer,Desktop or Laptop,Windows 10,Chrome 79.0.3945.130,1920x1080,1920x969,Pass,Demographics,1,Yes,Pass,Pass,,,Mixed_AustinSet1_AustinS_JaneSH_AustinTest1,LeftFemale_LeftSign,,,,,,,,response-accent-text,
4,1580404696783,30/01/2020 17:18:16,1580404695503,-6,30/01/2020 11:18:15,12677,3,questionnaire-d7os,,3829220,5dd59e901986eb55f1e2cb22,1080728,,complete,,5e330f63aa8b062dc5ab1b50,computer,Desktop or Laptop,Windows 10,Chrome 79.0.3945.130,1920x1080,1920x969,Pass,Demographics,1,Yes,Pass,Pass,,,Mixed_AustinSet1_AustinS_JaneSH_AustinTest1,LeftFemale_LeftSign,,,,,,,,response-sex-2,Male
5,1580404696783,30/01/2020 17:18:16,1580404695504,-6,30/01/2020 11:18:15,12677,3,questionnaire-d7os,,3829220,5dd59e901986eb55f1e2cb22,1080728,,complete,,5e330f63aa8b062dc5ab1b50,computer,Desktop or Laptop,Windows 10,Chrome 79.0.3945.130,1920x1080,1920x969,Pass,Demographics,1,Yes,Pass,Pass,,,Mixed_AustinSet1_AustinS_JaneSH_AustinTest1,LeftFemale_LeftSign,,,,,,,,response-ethnicity-2,Not Hispanic or Latino
6,1580404696783,30/01/2020 17:18:16,1580404695504,-6,30/01/2020 11:18:15,12677,3,questionnaire-d7os,,3829220,5dd59e901986eb55f1e2cb22,1080728,,complete,,5e330f63aa8b062dc5ab1b50,computer,Desktop or Laptop,Windows 10,Chrome 79.0.3945.130,1920x1080,1920x969,Pass,Demographics,1,Yes,Pass,Pass,,,Mixed_AustinSet1_AustinS_JaneSH_AustinTest1,LeftFemale_LeftSign,,,,,,,,response-race-4,Black or African American
7,1580404696783,30/01/2020 17:18:16,1580404695504,-6,30/01/2020 11:18:15,12677,3,questionnaire-d7os,,3829220,5dd59e901986eb55f1e2cb22,1080728,,complete,,5e330f63aa8b062dc5ab1b50,computer,Desktop or Laptop,Windows 10,Chrome 79.0.3945.130,1920x1080,1920x969,Pass,Demographics,1,Yes,Pass,Pass,,,Mixed_AustinSet1_AustinS_JaneSH_AustinTest1,LeftFemale_LeftSign,,,,,,,,END QUESTIONNAIRE,14828
1,1580404736060,30/01/2020 17:18:56,1580404735817,-5,30/01/2020 12:18:55,12677,3,questionnaire-d7os,,3829245,5c60545539a6c60001ffd3e9,1080722,,complete,,5e330f0b5f649d000c7eaeb0,computer,Desktop or Laptop,Windows 10,Chrome 79.0.3945.130,1368x912,1368x770,Pass,Demographics,1,Yes,Fail,Pass,Pass,,Mixed_JaneSet1_AustinSH_JaneS_AustinTest1,,,,LeftFemale_LeftShine,,,,,BEGIN QUESTIONNAIRE,
2,1580404786080,30/01/2020 17:19:46,1580404785606,-5,30/01/2020 12:19:45,12677,3,questionnaire-d7os,,3829245,5c60545539a6c60001ffd3e9,1080722,,complete,,5e330f0b5f649d000c7eaeb0,computer,Desktop or Laptop,Windows 10,Chrome 79.0.3945.130,1368x912,1351x770,Pass,Demographics,1,Yes,Fail,Pass,Pass,,Mixed_JaneSet1_AustinSH_JaneS_AustinTest1,,,,LeftFemale_LeftShine,,,,,response-accent-other,Other (please specify)
3,1580404786205,30/01/2020 17:19:46,1580404785610,-5,30/01/2020 12:19:45,12677,3,questionnaire-d7os,,3829245,5c60545539a6c60001ffd3e9,1080722,,complete,,5e330f0b5f649d000c7eaeb0,computer,Desktop or Laptop,Windows 10,Chrome 79.0.3945.130,1368x912,1351x770,Pass,Demographics,1,Yes,Fail,Pass,Pass,,Mixed_JaneSet1_AustinSH_JaneS_AustinTest1,,,,LeftFemale_LeftShine,,,,,response-accent-text,new york
4,1580404786205,30/01/2020 17:19:46,1580404785611,-5,30/01/2020 12:19:45,12677,3,questionnaire-d7os,,3829245,5c60545539a6c60001ffd3e9,1080722,,complete,,5e330f0b5f649d000c7eaeb0,computer,Desktop or Laptop,Windows 10,Chrome 79.0.3945.130,1368x912,1351x770,Pass,Demographics,1,Yes,Fail,Pass,Pass,,Mixed_JaneSet1_AustinSH_JaneS_AustinTest1,,,,LeftFemale_LeftShine,,,,,response-sex-1,Female
5,1580404786205,30/01/2020 17:19:46,1580404785611,-5,30/01/2020 12:19:45,12677,3,questionnaire-d7os,,3829245,5c60545539a6c60001ffd3e9,1080722,,complete,,5e330f0b5f649d000c7eaeb0,computer,Desktop or Laptop,Windows 10,Chrome 79.0.3945.130,1368x912,1351x770,Pass,Demographics,1,Yes,Fail,Pass,Pass,,Mixed_JaneSet1_AustinSH_JaneS_AustinTest1,,,,LeftFemale_LeftShine,,,,,response-ethnicity-1,Hispanic or Latino
6,1580404786205,30/01/2020 17:19:46,1580404785613,-5,30/01/2020 12:19:45,12677,3,questionnaire-d7os,,3829245,5c60545539a6c60001ffd3e9,1080722,,complete,,5e330f0b5f649d000c7eaeb0,computer,Desktop or Laptop,Windows 10,Chrome 79.0.3945.130,1368x912,1351x770,Pass,Demographics,1,Yes,Fail,Pass,Pass,,Mixed_JaneSet1_AustinSH_JaneS_AustinTest1,,,,LeftFemale_LeftShine,,,,,response-race-5,White
7,1580404786205,30/01/2020 17:19:46,1580404785614,-5,30/01/2020 12:19:45,12677,3,questionnaire-d7os,,3829245,5c60545539a6c60001ffd3e9,1080722,,complete,,5e330f0b5f649d000c7eaeb0,computer,Desktop or Laptop,Windows 10,Chrome 79.0.3945.130,1368x912,1351x770,Pass,Demographics,1,Yes,Fail,Pass,Pass,,Mixed_JaneSet1_AustinSH_JaneS_AustinTest1,,,,LeftFemale_LeftShine,,,,,response-race-6,More than One Race
8,1580404786205,30/01/2020 17:19:46,1580404785614,-5,30/01/2020 12:19:45,12677,3,questionnaire-d7os,,3829245,5c60545539a6c60001ffd3e9,1080722,,complete,,5e330f0b5f649d000c7eaeb0,computer,Desktop or Laptop,Windows 10,Chrome 79.0.3945.130,1368x912,1351x770,Pass,Demographics,1,Yes,Fail,Pass,Pass,,Mixed_JaneSet1_AustinSH_JaneS_AustinTest1,,,,LeftFemale_LeftShine,,,,,END QUESTIONNAIRE,49797
1,1580404736544,30/01/2020 17:18:56,1580404737175,-5,30/01/2020 12:18:57,12677,3,questionnaire-d7os,,3829246,5d4d6bc146fc3900174b727c,1080732,,complete,,5e330f753db17e2dab9d55b6,computer,Desktop or Laptop,Chromium OS 12607.82.0,Chrome 79.0.3945.123,1090x727,1090x624,Pass,Demographics,1,Yes,Pass,Pass,,,Mixed_AustinSet1_AustinSH_JaneS_AustinTest1,,,LeftMale_LeftSign,,,,,,BEGIN QUESTIONNAIRE,
2,1580404747468,30/01/2020 17:19:07,1580404748143,-5,30/01/2020 12:19:08,12677,3,questionnaire-d7os,,3829246,5d4d6bc146fc3900174b727c,1080732,,complete,,5e330f753db17e2dab9d55b6,computer,Desktop or Laptop,Chromium OS 12607.82.0,Chrome 79.0.3945.123,1090x727,1090x624,Pass,Demographics,1,Yes,Pass,Pass,,,Mixed_AustinSet1_AustinSH_JaneS_AustinTest1,,,LeftMale_LeftSign,,,,,,response-accent-3,Midwestern
3,1580404747749,30/01/2020 17:19:07,1580404748146,-5,30/01/2020 12:19:08,12677,3,questionnaire-d7os,,3829246,5d4d6bc146fc3900174b727c,1080732,,complete,,5e330f753db17e2dab9d55b6,computer,Desktop or Laptop,Chromium OS 12607.82.0,Chrome 79.0.3945.123,1090x727,1090x624,Pass,Demographics,1,Yes,Pass,Pass,,,Mixed_AustinSet1_AustinSH_JaneS_AustinTest1,,,LeftMale_LeftSign,,,,,,response-accent-text,
4,1580404747749,30/01/2020 17:19:07,1580404748146,-5,30/01/2020 12:19:08,12677,3,questionnaire-d7os,,3829246,5d4d6bc146fc3900174b727c,1080732,,complete,,5e330f753db17e2dab9d55b6,computer,Desktop or Laptop,Chromium OS 12607.82.0,Chrome 79.0.3945.123,1090x727,1090x624,Pass,Demographics,1,Yes,Pass,Pass,,,Mixed_AustinSet1_AustinSH_JaneS_AustinTest1,,,LeftMale_LeftSign,,,,,,response-sex-1,Female
5,1580404747749,30/01/2020 17:19:07,1580404748147,-5,30/01/2020 12:19:08,12677,3,questionnaire-d7os,,3829246,5d4d6bc146fc3900174b727c,1080732,,complete,,5e330f753db17e2dab9d55b6,computer,Desktop or Laptop,Chromium OS 12607.82.0,Chrome 79.0.3945.123,1090x727,1090x624,Pass,Demographics,1,Yes,Pass,Pass,,,Mixed_AustinSet1_AustinSH_JaneS_AustinTest1,,,LeftMale_LeftSign,,,,,,response-ethnicity-2,Not Hispanic or Latino
6,1580404747749,30/01/2020 17:19:07,1580404748147,-5,30/01/2020 12:19:08,12677,3,questionnaire-d7os,,3829246,5d4d6bc146fc3900174b727c,1080732,,complete,,5e330f753db17e2dab9d55b6,computer,Desktop or Laptop,Chromium OS 12607.82.0,Chrome 79.0.3945.123,1090x727,1090x624,Pass,Demographics,1,Yes,Pass,Pass,,,Mixed_AustinSet1_AustinSH_JaneS_AustinTest1,,,LeftMale_LeftSign,,,,,,response-race-4,Black or African American
7,1580404747749,30/01/2020 17:19:07,1580404748148,-5,30/01/2020 12:19:08,12677,3,questionnaire-d7os,,3829246,5d4d6bc146fc3900174b727c,1080732,,complete,,5e330f753db17e2dab9d55b6,computer,Desktop or Laptop,Chromium OS 12607.82.0,Chrome 79.0.3945.123,1090x727,1090x624,Pass,Demographics,1,Yes,Pass,Pass,,,Mixed_AustinSet1_AustinSH_JaneS_AustinTest1,,,LeftMale_LeftSign,,,,,,END QUESTIONNAIRE,10973
1,1580404748702,30/01/2020 17:19:08,1580404746646,-5,30/01/2020 12:19:06,12677,3,questionnaire-d7os,,3829252,5ddd729cbca2e4cd1f4a3a3c,1080729,,complete,,5e330e7b3db0372d76c6cbd9,computer,Desktop or Laptop,Windows 10,Firefox 72.0,1920x1080,1116x916,Pass,Demographics,1,Yes,Pass,Pass,,,Mixed_JaneSet1_AustinS_JaneSH_AustinTest1,,LeftFemale_LeftSign,,,,,,,BEGIN QUESTIONNAIRE,
2,1580404781533,30/01/2020 17:19:41,1580404779497,-5,30/01/2020 12:19:39,12677,3,questionnaire-d7os,,3829252,5ddd729cbca2e4cd1f4a3a3c,1080729,,complete,,5e330e7b3db0372d76c6cbd9,computer,Desktop or Laptop,Windows 10,Firefox 72.0,1920x1080,1099x916,Pass,Demographics,1,Yes,Pass,Pass,,,Mixed_JaneSet1_AustinS_JaneSH_AustinTest1,,LeftFemale_LeftSign,,,,,,,response-accent-7,Do not know
3,1580404781674,30/01/2020 17:19:41,1580404779499,-5,30/01/2020 12:19:39,12677,3,questionnaire-d7os,,3829252,5ddd729cbca2e4cd1f4a3a3c,1080729,,complete,,5e330e7b3db0372d76c6cbd9,computer,Desktop or Laptop,Windows 10,Firefox 72.0,1920x1080,1099x916,Pass,Demographics,1,Yes,Pass,Pass,,,Mixed_JaneSet1_AustinS_JaneSH_AustinTest1,,LeftFemale_LeftSign,,,,,,,response-accent-text,
4,1580404781674,30/01/2020 17:19:41,1580404779499,-5,30/01/2020 12:19:39,12677,3,questionnaire-d7os,,3829252,5ddd729cbca2e4cd1f4a3a3c,1080729,,complete,,5e330e7b3db0372d76c6cbd9,computer,Desktop or Laptop,Windows 10,Firefox 72.0,1920x1080,1099x916,Pass,Demographics,1,Yes,Pass,Pass,,,Mixed_JaneSet1_AustinS_JaneSH_AustinTest1,,LeftFemale_LeftSign,,,,,,,response-sex-2,Male
5,1580404781674,30/01/2020 17:19:41,1580404779500,-5,30/01/2020 12:19:39,12677,3,questionnaire-d7os,,3829252,5ddd729cbca2e4cd1f4a3a3c,1080729,,complete,,5e330e7b3db0372d76c6cbd9,computer,Desktop or Laptop,Windows 10,Firefox 72.0,1920x1080,1099x916,Pass,Demographics,1,Yes,Pass,Pass,,,Mixed_JaneSet1_AustinS_JaneSH_AustinTest1,,LeftFemale_LeftSign,,,,,,,response-ethnicity-2,Not Hispanic or Latino
6,1580404781674,30/01/2020 17:19:41,1580404779500,-5,30/01/2020 12:19:39,12677,3,questionnaire-d7os,,3829252,5ddd729cbca2e4cd1f4a3a3c,1080729,,complete,,5e330e7b3db0372d76c6cbd9,computer,Desktop or Laptop,Windows 10,Firefox 72.0,1920x1080,1099x916,Pass,Demographics,1,Yes,Pass,Pass,,,Mixed_JaneSet1_AustinS_JaneSH_AustinTest1,,LeftFemale_LeftSign,,,,,,,response-race-5,White
7,1580404781674,30/01/2020 17:19:41,1580404779500,-5,30/01/2020 12:19:39,12677,3,questionnaire-d7os,,3829252,5ddd729cbca2e4cd1f4a3a3c,1080729,,complete,,5e330e7b3db0372d76c6cbd9,computer,Desktop or Laptop,Windows 10,Firefox 72.0,1920x1080,1099x916,Pass,Demographics,1,Yes,Pass,Pass,,,Mixed_JaneSet1_AustinS_JaneSH_AustinTest1,,LeftFemale_LeftSign,,,,,,,END QUESTIONNAIRE,32855
1,1580404796392,30/01/2020 17:19:56,1580404796211,-5,30/01/2020 12:19:56,12677,3,questionnaire-d7os,,3829280,5df7d36bdc853556a6747900,1080726,,complete,,5e330f45e0abfd2df0152e72,computer,Desktop or Laptop,Mac OS 10.12.6,Safari 12.1.2,1280x800,1280x628,Pass,Demographics,1,Yes,Fail,Pass,Pass,,Mixed_AustinSet1_AustinS_JaneSH_JaneTest1,,,,,LeftFemale_LeftSign,,,,BEGIN QUESTIONNAIRE,
2,1580404834536,30/01/2020 17:20:34,1580404834272,-5,30/01/2020 12:20:34,12677,3,questionnaire-d7os,,3829280,5df7d36bdc853556a6747900,1080726,,complete,,5e330f45e0abfd2df0152e72,computer,Desktop or Laptop,Mac OS 10.12.6,Safari 12.1.2,1280x800,1280x628,Pass,Demographics,1,Yes,Fail,Pass,Pass,,Mixed_AustinSet1_AustinS_JaneSH_JaneTest1,,,,,LeftFemale_LeftSign,,,,response-accent-7,Do not know
3,1580404834677,30/01/2020 17:20:34,1580404834274,-5,30/01/2020 12:20:34,12677,3,questionnaire-d7os,,3829280,5df7d36bdc853556a6747900,1080726,,complete,,5e330f45e0abfd2df0152e72,computer,Desktop or Laptop,Mac OS 10.12.6,Safari 12.1.2,1280x800,1280x628,Pass,Demographics,1,Yes,Fail,Pass,Pass,,Mixed_AustinSet1_AustinS_JaneSH_JaneTest1,,,,,LeftFemale_LeftSign,,,,response-accent-text,
4,1580404834677,30/01/2020 17:20:34,1580404834274,-5,30/01/2020 12:20:34,12677,3,questionnaire-d7os,,3829280,5df7d36bdc853556a6747900,1080726,,complete,,5e330f45e0abfd2df0152e72,computer,Desktop or Laptop,Mac OS 10.12.6,Safari 12.1.2,1280x800,1280x628,Pass,Demographics,1,Yes,Fail,Pass,Pass,,Mixed_AustinSet1_AustinS_JaneSH_JaneTest1,,,,,LeftFemale_LeftSign,,,,response-sex-1,Female
5,1580404834677,30/01/2020 17:20:34,1580404834274,-5,30/01/2020 12:20:34,12677,3,questionnaire-d7os,,3829280,5df7d36bdc853556a6747900,1080726,,complete,,5e330f45e0abfd2df0152e72,computer,Desktop or Laptop,Mac OS 10.12.6,Safari 12.1.2,1280x800,1280x628,Pass,Demographics,1,Yes,Fail,Pass,Pass,,Mixed_AustinSet1_AustinS_JaneSH_JaneTest1,,,,,LeftFemale_LeftSign,,,,response-ethnicity-2,Not Hispanic or Latino
6,1580404834677,30/01/2020 17:20:34,1580404834275,-5,30/01/2020 12:20:34,12677,3,questionnaire-d7os,,3829280,5df7d36bdc853556a6747900,1080726,,complete,,5e330f45e0abfd2df0152e72,computer,Desktop or Laptop,Mac OS 10.12.6,Safari 12.1.2,1280x800,1280x628,Pass,Demographics,1,Yes,Fail,Pass,Pass,,Mixed_AustinSet1_AustinS_JaneSH_JaneTest1,,,,,LeftFemale_LeftSign,,,,response-race-5,White
7,1580404834677,30/01/2020 17:20:34,1580404834275,-5,30/01/2020 12:20:34,12677,3,questionnaire-d7os,,3829280,5df7d36bdc853556a6747900,1080726,,complete,,5e330f45e0abfd2df0152e72,computer,Desktop or Laptop,Mac OS 10.12.6,Safari 12.1.2,1280x800,1280x628,Pass,Demographics,1,Yes,Fail,Pass,Pass,,Mixed_AustinSet1_AustinS_JaneSH_JaneTest1,,,,,LeftFemale_LeftSign,,,,END QUESTIONNAIRE,38064
1,1580404836287,30/01/2020 17:20:36,1580404836086,-5,30/01/2020 12:20:36,12677,3,questionnaire-d7os,,3829294,5dcec20ed3ac2a000e43809a,1080740,,complete,,5e330ffb4e6604041ced4b0d,computer,Desktop or Laptop,Windows 10,Chrome 79.0.3945.130,1920x1080,942x927,Pass,Demographics,1,Yes,Pass,Pass,,,Mixed_AustinSet1_AustinSH_JaneS_JaneTest1,,,,,,,LeftMale_LeftSign,,BEGIN QUESTIONNAIRE,
2,1580404900072,30/01/2020 17:21:40,1580404899919,-5,30/01/2020 12:21:39,12677,3,questionnaire-d7os,,3829294,5dcec20ed3ac2a000e43809a,1080740,,complete,,5e330ffb4e6604041ced4b0d,computer,Desktop or Laptop,Windows 10,Chrome 79.0.3945.130,1920x1080,512x927,Pass,Demographics,1,Yes,Pass,Pass,,,Mixed_AustinSet1_AustinSH_JaneS_JaneTest1,,,,,,,LeftMale_LeftSign,,response-accent-1,New England
3,1580404900246,30/01/2020 17:21:40,1580404899921,-5,30/01/2020 12:21:39,12677,3,questionnaire-d7os,,3829294,5dcec20ed3ac2a000e43809a,1080740,,complete,,5e330ffb4e6604041ced4b0d,computer,Desktop or Laptop,Windows 10,Chrome 79.0.3945.130,1920x1080,512x927,Pass,Demographics,1,Yes,Pass,Pass,,,Mixed_AustinSet1_AustinSH_JaneS_JaneTest1,,,,,,,LeftMale_LeftSign,,response-accent-text,
4,1580404900246,30/01/2020 17:21:40,1580404899921,-5,30/01/2020 12:21:39,12677,3,questionnaire-d7os,,3829294,5dcec20ed3ac2a000e43809a,1080740,,complete,,5e330ffb4e6604041ced4b0d,computer,Desktop or Laptop,Windows 10,Chrome 79.0.3945.130,1920x1080,512x927,Pass,Demographics,1,Yes,Pass,Pass,,,Mixed_AustinSet1_AustinSH_JaneS_JaneTest1,,,,,,,LeftMale_LeftSign,,response-sex-1,Female
5,1580404900246,30/01/2020 17:21:40,1580404899921,-5,30/01/2020 12:21:39,12677,3,questionnaire-d7os,,3829294,5dcec20ed3ac2a000e43809a,1080740,,complete,,5e330ffb4e6604041ced4b0d,computer,Desktop or Laptop,Windows 10,Chrome 79.0.3945.130,1920x1080,512x927,Pass,Demographics,1,Yes,Pass,Pass,,,Mixed_AustinSet1_AustinSH_JaneS_JaneTest1,,,,,,,LeftMale_LeftSign,,response-ethnicity-2,Not Hispanic or Latino
6,1580404900246,30/01/2020 17:21:40,1580404899922,-5,30/01/2020 12:21:39,12677,3,questionnaire-d7os,,3829294,5dcec20ed3ac2a000e43809a,1080740,,complete,,5e330ffb4e6604041ced4b0d,computer,Desktop or Laptop,Windows 10,Chrome 79.0.3945.130,1920x1080,512x927,Pass,Demographics,1,Yes,Pass,Pass,,,Mixed_AustinSet1_AustinSH_JaneS_JaneTest1,,,,,,,LeftMale_LeftSign,,response-race-1,American Indian/Alaska Native
7,1580404900246,30/01/2020 17:21:40,1580404899922,-5,30/01/2020 12:21:39,12677,3,questionnaire-d7os,,3829294,5dcec20ed3ac2a000e43809a,1080740,,complete,,5e330ffb4e6604041ced4b0d,computer,Desktop or Laptop,Windows 10,Chrome 79.0.3945.130,1920x1080,512x927,Pass,Demographics,1,Yes,Pass,Pass,,,Mixed_AustinSet1_AustinSH_JaneS_JaneTest1,,,,,,,LeftMale_LeftSign,,response-race-5,White
8,1580404900246,30/01/2020 17:21:40,1580404899922,-5,30/01/2020 12:21:39,12677,3,questionnaire-d7os,,3829294,5dcec20ed3ac2a000e43809a,1080740,,complete,,5e330ffb4e6604041ced4b0d,computer,Desktop or Laptop,Windows 10,Chrome 79.0.3945.130,1920x1080,512x927,Pass,Demographics,1,Yes,Pass,Pass,,,Mixed_AustinSet1_AustinSH_JaneS_JaneTest1,,,,,,,LeftMale_LeftSign,,END QUESTIONNAIRE,63836
1,1580407053813,30/01/2020 17:57:33,1580407053754,-6,30/01/2020 11:57:33,12677,3,questionnaire-d7os,,3829683,5d1a7bb2339da6001a12b11a,1080871,,complete,,5e3316f69b1c9a2ea1c60951,computer,Desktop or Laptop,Ubuntu undefined,Chromium 65.0.3325.181,1280x1024,1348x1007,Pass,Demographics,1,Yes,Pass,Pass,,,Mixed_JaneSet1_AustinS_JaneSH_AustinTest1,,LeftFemale_LeftShine,,,,,,,BEGIN QUESTIONNAIRE,
2,1580407076815,30/01/2020 17:57:56,1580407076815,-6,30/01/2020 11:57:56,12677,3,questionnaire-d7os,,3829683,5d1a7bb2339da6001a12b11a,1080871,,complete,,5e3316f69b1c9a2ea1c60951,computer,Desktop or Laptop,Ubuntu undefined,Chromium 65.0.3325.181,1280x1024,1348x1007,Pass,Demographics,1,Yes,Pass,Pass,,,Mixed_JaneSet1_AustinS_JaneSH_AustinTest1,,LeftFemale_LeftShine,,,,,,,response-accent-3,Midwestern
3,1580407077002,30/01/2020 17:57:57,1580407076818,-6,30/01/2020 11:57:56,12677,3,questionnaire-d7os,,3829683,5d1a7bb2339da6001a12b11a,1080871,,complete,,5e3316f69b1c9a2ea1c60951,computer,Desktop or Laptop,Ubuntu undefined,Chromium 65.0.3325.181,1280x1024,1348x1007,Pass,Demographics,1,Yes,Pass,Pass,,,Mixed_JaneSet1_AustinS_JaneSH_AustinTest1,,LeftFemale_LeftShine,,,,,,,response-accent-text,
4,1580407077002,30/01/2020 17:57:57,1580407076818,-6,30/01/2020 11:57:56,12677,3,questionnaire-d7os,,3829683,5d1a7bb2339da6001a12b11a,1080871,,complete,,5e3316f69b1c9a2ea1c60951,computer,Desktop or Laptop,Ubuntu undefined,Chromium 65.0.3325.181,1280x1024,1348x1007,Pass,Demographics,1,Yes,Pass,Pass,,,Mixed_JaneSet1_AustinS_JaneSH_AustinTest1,,LeftFemale_LeftShine,,,,,,,response-sex-1,Female
5,1580407077002,30/01/2020 17:57:57,1580407076818,-6,30/01/2020 11:57:56,12677,3,questionnaire-d7os,,3829683,5d1a7bb2339da6001a12b11a,1080871,,complete,,5e3316f69b1c9a2ea1c60951,computer,Desktop or Laptop,Ubuntu undefined,Chromium 65.0.3325.181,1280x1024,1348x1007,Pass,Demographics,1,Yes,Pass,Pass,,,Mixed_JaneSet1_AustinS_JaneSH_AustinTest1,,LeftFemale_LeftShine,,,,,,,response-ethnicity-2,Not Hispanic or Latino
6,1580407077002,30/01/2020 17:57:57,1580407076818,-6,30/01/2020 11:57:56,12677,3,questionnaire-d7os,,3829683,5d1a7bb2339da6001a12b11a,1080871,,complete,,5e3316f69b1c9a2ea1c60951,computer,Desktop or Laptop,Ubuntu undefined,Chromium 65.0.3325.181,1280x1024,1348x1007,Pass,Demographics,1,Yes,Pass,Pass,,,Mixed_JaneSet1_AustinS_JaneSH_AustinTest1,,LeftFemale_LeftShine,,,,,,,response-race-5,White
7,1580407077002,30/01/2020 17:57:57,1580407076819,-6,30/01/2020 11:57:56,12677,3,questionnaire-d7os,,3829683,5d1a7bb2339da6001a12b11a,1080871,,complete,,5e3316f69b1c9a2ea1c60951,computer,Desktop or Laptop,Ubuntu undefined,Chromium 65.0.3325.181,1280x1024,1348x1007,Pass,Demographics,1,Yes,Pass,Pass,,,Mixed_JaneSet1_AustinS_JaneSH_AustinTest1,,LeftFemale_LeftShine,,,,,,,END QUESTIONNAIRE,23065
1,1580407531331,30/01/2020 18:05:31,1580407532183,-5,30/01/2020 13:05:32,12677,3,questionnaire-d7os,,3829743,5a04869ff2e3460001edad2e,1080882,,complete,,5e331490a011e62daee88db3,computer,Desktop or Laptop,Windows 10,Chrome 79.0.3945.130,1600x900,1600x767,Pass,Demographics,1,Yes,Pass,Pass,,,Mixed_JaneSet1_AustinSH_JaneS_AustinTest1,,,,LeftMale_LeftSign,,,,,BEGIN QUESTIONNAIRE,
2,1580407545118,30/01/2020 18:05:45,1580407546035,-5,30/01/2020 13:05:46,12677,3,questionnaire-d7os,,3829743,5a04869ff2e3460001edad2e,1080882,,complete,,5e331490a011e62daee88db3,computer,Desktop or Laptop,Windows 10,Chrome 79.0.3945.130,1600x900,1583x767,Pass,Demographics,1,Yes,Pass,Pass,,,Mixed_JaneSet1_AustinSH_JaneS_AustinTest1,,,,LeftMale_LeftSign,,,,,response-accent-2,Southern
3,1580407545290,30/01/2020 18:05:45,1580407546037,-5,30/01/2020 13:05:46,12677,3,questionnaire-d7os,,3829743,5a04869ff2e3460001edad2e,1080882,,complete,,5e331490a011e62daee88db3,computer,Desktop or Laptop,Windows 10,Chrome 79.0.3945.130,1600x900,1583x767,Pass,Demographics,1,Yes,Pass,Pass,,,Mixed_JaneSet1_AustinSH_JaneS_AustinTest1,,,,LeftMale_LeftSign,,,,,response-accent-text,
4,1580407545290,30/01/2020 18:05:45,1580407546037,-5,30/01/2020 13:05:46,12677,3,questionnaire-d7os,,3829743,5a04869ff2e3460001edad2e,1080882,,complete,,5e331490a011e62daee88db3,computer,Desktop or Laptop,Windows 10,Chrome 79.0.3945.130,1600x900,1583x767,Pass,Demographics,1,Yes,Pass,Pass,,,Mixed_JaneSet1_AustinSH_JaneS_AustinTest1,,,,LeftMale_LeftSign,,,,,response-sex-2,Male
5,1580407545290,30/01/2020 18:05:45,1580407546037,-5,30/01/2020 13:05:46,12677,3,questionnaire-d7os,,3829743,5a04869ff2e3460001edad2e,1080882,,complete,,5e331490a011e62daee88db3,computer,Desktop or Laptop,Windows 10,Chrome 79.0.3945.130,1600x900,1583x767,Pass,Demographics,1,Yes,Pass,Pass,,,Mixed_JaneSet1_AustinSH_JaneS_AustinTest1,,,,LeftMale_LeftSign,,,,,response-ethnicity-2,Not Hispanic or Latino
6,1580407545290,30/01/2020 18:05:45,1580407546038,-5,30/01/2020 13:05:46,12677,3,questionnaire-d7os,,3829743,5a04869ff2e3460001edad2e,1080882,,complete,,5e331490a011e62daee88db3,computer,Desktop or Laptop,Windows 10,Chrome 79.0.3945.130,1600x900,1583x767,Pass,Demographics,1,Yes,Pass,Pass,,,Mixed_JaneSet1_AustinSH_JaneS_AustinTest1,,,,LeftMale_LeftSign,,,,,response-race-5,White
7,1580407545290,30/01/2020 18:05:45,1580407546038,-5,30/01/2020 13:05:46,12677,3,questionnaire-d7os,,3829743,5a04869ff2e3460001edad2e,1080882,,complete,,5e331490a011e62daee88db3,computer,Desktop or Laptop,Windows 10,Chrome 79.0.3945.130,1600x900,1583x767,Pass,Demographics,1,Yes,Pass,Pass,,,Mixed_JaneSet1_AustinSH_JaneS_AustinTest1,,,,LeftMale_LeftSign,,,,,END QUESTIONNAIRE,13855
1,1580415421219,30/01/2020 20:17:01,1580415422752,-6,30/01/2020 14:17:02,12677,3,questionnaire-d7os,,3830585,5d5f31230fc94a001c632b69,1081111,,complete,,5e3337b4351881312f4c6fa0,computer,Desktop or Laptop,Windows 10,Chrome 79.0.3945.130,1920x1080,1920x937,Pass,Demographics,1,Yes,Fail,Pass,Pass,,Mixed_AustinSet1_AustinSH_JaneS_AustinTest1,,,LeftFemale_LeftSign,,,,,,BEGIN QUESTIONNAIRE,
2,1580415430381,30/01/2020 20:17:10,1580415431651,-6,30/01/2020 14:17:11,12677,3,questionnaire-d7os,,3830585,5d5f31230fc94a001c632b69,1081111,,complete,,5e3337b4351881312f4c6fa0,computer,Desktop or Laptop,Windows 10,Chrome 79.0.3945.130,1920x1080,1920x937,Pass,Demographics,1,Yes,Fail,Pass,Pass,,Mixed_AustinSet1_AustinSH_JaneS_AustinTest1,,,LeftFemale_LeftSign,,,,,,response-accent-3,Midwestern
3,1580415430865,30/01/2020 20:17:10,1580415431653,-6,30/01/2020 14:17:11,12677,3,questionnaire-d7os,,3830585,5d5f31230fc94a001c632b69,1081111,,complete,,5e3337b4351881312f4c6fa0,computer,Desktop or Laptop,Windows 10,Chrome 79.0.3945.130,1920x1080,1920x937,Pass,Demographics,1,Yes,Fail,Pass,Pass,,Mixed_AustinSet1_AustinSH_JaneS_AustinTest1,,,LeftFemale_LeftSign,,,,,,response-accent-text,
4,1580415430865,30/01/2020 20:17:10,1580415431653,-6,30/01/2020 14:17:11,12677,3,questionnaire-d7os,,3830585,5d5f31230fc94a001c632b69,1081111,,complete,,5e3337b4351881312f4c6fa0,computer,Desktop or Laptop,Windows 10,Chrome 79.0.3945.130,1920x1080,1920x937,Pass,Demographics,1,Yes,Fail,Pass,Pass,,Mixed_AustinSet1_AustinSH_JaneS_AustinTest1,,,LeftFemale_LeftSign,,,,,,response-sex-1,Female
5,1580415430865,30/01/2020 20:17:10,1580415431653,-6,30/01/2020 14:17:11,12677,3,questionnaire-d7os,,3830585,5d5f31230fc94a001c632b69,1081111,,complete,,5e3337b4351881312f4c6fa0,computer,Desktop or Laptop,Windows 10,Chrome 79.0.3945.130,1920x1080,1920x937,Pass,Demographics,1,Yes,Fail,Pass,Pass,,Mixed_AustinSet1_AustinSH_JaneS_AustinTest1,,,LeftFemale_LeftSign,,,,,,response-ethnicity-2,Not Hispanic or Latino
6,1580415430865,30/01/2020 20:17:10,1580415431653,-6,30/01/2020 14:17:11,12677,3,questionnaire-d7os,,3830585,5d5f31230fc94a001c632b69,1081111,,complete,,5e3337b4351881312f4c6fa0,computer,Desktop or Laptop,Windows 10,Chrome 79.0.3945.130,1920x1080,1920x937,Pass,Demographics,1,Yes,Fail,Pass,Pass,,Mixed_AustinSet1_AustinSH_JaneS_AustinTest1,,,LeftFemale_LeftSign,,,,,,response-race-1,American Indian/Alaska Native
7,1580415430865,30/01/2020 20:17:10,1580415431653,-6,30/01/2020 14:17:11,12677,3,questionnaire-d7os,,3830585,5d5f31230fc94a001c632b69,1081111,,complete,,5e3337b4351881312f4c6fa0,computer,Desktop or Laptop,Windows 10,Chrome 79.0.3945.130,1920x1080,1920x937,Pass,Demographics,1,Yes,Fail,Pass,Pass,,Mixed_AustinSet1_AustinSH_JaneS_AustinTest1,,,LeftFemale_LeftSign,,,,,,response-race-4,Black or African American
8,1580415430865,30/01/2020 20:17:10,1580415431653,-6,30/01/2020 14:17:11,12677,3,questionnaire-d7os,,3830585,5d5f31230fc94a001c632b69,1081111,,complete,,5e3337b4351881312f4c6fa0,computer,Desktop or Laptop,Windows 10,Chrome 79.0.3945.130,1920x1080,1920x937,Pass,Demographics,1,Yes,Fail,Pass,Pass,,Mixed_AustinSet1_AustinSH_JaneS_AustinTest1,,,LeftFemale_LeftSign,,,,,,END QUESTIONNAIRE,8902
END OF FILE
