﻿Event Index,UTC Timestamp,UTC Date,Local Timestamp,Local Timezone,Local Date,Experiment ID,Experiment Version,Tree Node Key,Repeat Key,Schedule ID,Participant Public ID,Participant Private ID,Participant Starting Group,Participant Status,Participant Completion Code,Participant External Session ID,Participant Device Type,Participant Device,Participant OS,Participant Browser,Participant Monitor Size,Participant Viewport Size,Checkpoint,Task Name,Task Version,branch-9edj,branch-ee59,checkpoint-7g4v,branch-52fz,checkpoint-irp3,randomiser-czzd,randomiser-hvq1,randomiser-7do6,randomiser-o6lu,randomiser-b834,randomiser-gfgd,randomiser-ml5o,randomiser-mulp,randomiser-didj,Question Key,Response
1,1581363077108,10/02/2020 19:31:17,1581363075783,-7,10/02/2020 12:31:15,12677,8,questionnaire-t1fh,,3908557,58570f831e70c2000128ebf6,1103998,,complete,,5e41af49f2f6bc04d61ebbf0,computer,Desktop or Laptop,Windows 10,Chrome 79.0.3945.117,1536x864,1536x731,Pass,Information-Sheet,2,Yes,Pass,Pass,,,Mixed_AustinSet1_AustinS_JaneSH_AustinTest1,LeftFemale_LeftSign,,,,,,,,BEGIN QUESTIONNAIRE,
2,1581363130606,10/02/2020 19:32:10,1581363129391,-7,10/02/2020 12:32:09,12677,8,questionnaire-t1fh,,3908557,58570f831e70c2000128ebf6,1103998,,complete,,5e41af49f2f6bc04d61ebbf0,computer,Desktop or Laptop,Windows 10,Chrome 79.0.3945.117,1536x864,1519x731,Pass,Information-Sheet,2,Yes,Pass,Pass,,,Mixed_AustinSet1_AustinS_JaneSH_AustinTest1,LeftFemale_LeftSign,,,,,,,,consent,Yes
3,1581363130823,10/02/2020 19:32:10,1581363129393,-7,10/02/2020 12:32:09,12677,8,questionnaire-t1fh,,3908557,58570f831e70c2000128ebf6,1103998,,complete,,5e41af49f2f6bc04d61ebbf0,computer,Desktop or Laptop,Windows 10,Chrome 79.0.3945.117,1536x864,1519x731,Pass,Information-Sheet,2,Yes,Pass,Pass,,,Mixed_AustinSet1_AustinS_JaneSH_AustinTest1,LeftFemale_LeftSign,,,,,,,,consent-quantised,1
4,1581363130823,10/02/2020 19:32:10,1581363129393,-7,10/02/2020 12:32:09,12677,8,questionnaire-t1fh,,3908557,58570f831e70c2000128ebf6,1103998,,complete,,5e41af49f2f6bc04d61ebbf0,computer,Desktop or Laptop,Windows 10,Chrome 79.0.3945.117,1536x864,1519x731,Pass,Information-Sheet,2,Yes,Pass,Pass,,,Mixed_AustinSet1_AustinS_JaneSH_AustinTest1,LeftFemale_LeftSign,,,,,,,,END QUESTIONNAIRE,53610
1,1581365624975,10/02/2020 20:13:44,1581365631522,-5,10/02/2020 15:13:51,12677,8,questionnaire-t1fh,,3908976,5d54b73f1c1de70015d50959,1104308,,complete,,5e41b8da4a5ec50541026987,computer,Desktop or Laptop,Windows 10,Chrome 79.0.3945.130,1366x768,1366x657,Pass,Information-Sheet,2,Yes,Pass,Pass,,,Mixed_AustinSet1_AustinS_JaneSH_AustinTest1,LeftFemale_LeftSign,,,,,,,,BEGIN QUESTIONNAIRE,
2,1581365864191,10/02/2020 20:17:44,1581365870401,-5,10/02/2020 15:17:50,12677,8,questionnaire-t1fh,,3908976,5d54b73f1c1de70015d50959,1104308,,complete,,5e41b8da4a5ec50541026987,computer,Desktop or Laptop,Windows 10,Chrome 79.0.3945.130,1366x768,1349x657,Pass,Information-Sheet,2,Yes,Pass,Pass,,,Mixed_AustinSet1_AustinS_JaneSH_AustinTest1,LeftFemale_LeftSign,,,,,,,,consent,Yes
3,1581365864454,10/02/2020 20:17:44,1581365870410,-5,10/02/2020 15:17:50,12677,8,questionnaire-t1fh,,3908976,5d54b73f1c1de70015d50959,1104308,,complete,,5e41b8da4a5ec50541026987,computer,Desktop or Laptop,Windows 10,Chrome 79.0.3945.130,1366x768,1349x657,Pass,Information-Sheet,2,Yes,Pass,Pass,,,Mixed_AustinSet1_AustinS_JaneSH_AustinTest1,LeftFemale_LeftSign,,,,,,,,consent-quantised,1
4,1581365864454,10/02/2020 20:17:44,1581365870411,-5,10/02/2020 15:17:50,12677,8,questionnaire-t1fh,,3908976,5d54b73f1c1de70015d50959,1104308,,complete,,5e41b8da4a5ec50541026987,computer,Desktop or Laptop,Windows 10,Chrome 79.0.3945.130,1366x768,1349x657,Pass,Information-Sheet,2,Yes,Pass,Pass,,,Mixed_AustinSet1_AustinS_JaneSH_AustinTest1,LeftFemale_LeftSign,,,,,,,,END QUESTIONNAIRE,238889
END OF FILE
