﻿Event Index,UTC Timestamp,UTC Date,Local Timestamp,Local Timezone,Local Date,Experiment ID,Experiment Version,Tree Node Key,Repeat Key,Schedule ID,Participant Public ID,Participant Private ID,Participant Starting Group,Participant Status,Participant Completion Code,Participant External Session ID,Participant Device Type,Participant Device,Participant OS,Participant Browser,Participant Monitor Size,Participant Viewport Size,Checkpoint,Task Name,Task Version,branch-9edj,branch-ee59,checkpoint-7g4v,branch-52fz,checkpoint-irp3,randomiser-czzd,randomiser-hvq1,randomiser-7do6,randomiser-o6lu,randomiser-b834,randomiser-gfgd,randomiser-ml5o,randomiser-mulp,randomiser-didj,Question Key,Response
1,1580936831794,05/02/2020 21:07:11,1580936829965,-5,05/02/2020 16:07:09,12769,5,questionnaire-t1fh,,3869075,5deedf943b1c9458a7effac5,1092248,,complete,,5e3b2e605da22c079f196ae3,computer,Desktop or Laptop,Mac OS 10.12,Firefox 72.0,1280x800,1280x699,Pass,Information-Sheet,2,Yes,Fail,Pass,Pass,,Mixed_JaneSet1_AustinS_JaneSH_AustinTest1,,LeftFemale_LeftSign,,,,,,,BEGIN QUESTIONNAIRE,
2,1580936877244,05/02/2020 21:07:57,1580936875437,-5,05/02/2020 16:07:55,12769,5,questionnaire-t1fh,,3869075,5deedf943b1c9458a7effac5,1092248,,complete,,5e3b2e605da22c079f196ae3,computer,Desktop or Laptop,Mac OS 10.12,Firefox 72.0,1280x800,1280x699,Pass,Information-Sheet,2,Yes,Fail,Pass,Pass,,Mixed_JaneSet1_AustinS_JaneSH_AustinTest1,,LeftFemale_LeftSign,,,,,,,consent,Yes
3,1580936877369,05/02/2020 21:07:57,1580936875441,-5,05/02/2020 16:07:55,12769,5,questionnaire-t1fh,,3869075,5deedf943b1c9458a7effac5,1092248,,complete,,5e3b2e605da22c079f196ae3,computer,Desktop or Laptop,Mac OS 10.12,Firefox 72.0,1280x800,1280x699,Pass,Information-Sheet,2,Yes,Fail,Pass,Pass,,Mixed_JaneSet1_AustinS_JaneSH_AustinTest1,,LeftFemale_LeftSign,,,,,,,consent-quantised,1
4,1580936877369,05/02/2020 21:07:57,1580936875441,-5,05/02/2020 16:07:55,12769,5,questionnaire-t1fh,,3869075,5deedf943b1c9458a7effac5,1092248,,complete,,5e3b2e605da22c079f196ae3,computer,Desktop or Laptop,Mac OS 10.12,Firefox 72.0,1280x800,1280x699,Pass,Information-Sheet,2,Yes,Fail,Pass,Pass,,Mixed_JaneSet1_AustinS_JaneSH_AustinTest1,,LeftFemale_LeftSign,,,,,,,END QUESTIONNAIRE,45476
1,1580937207702,05/02/2020 21:13:27,1580937207583,-8,05/02/2020 13:13:27,12769,5,questionnaire-t1fh,,3869237,5c89870b9cef4f0001a1a295,1092265,,complete,,5e3b2febf906aa351389b414,computer,Desktop or Laptop,Windows 10,Chrome 79.0.3945.130,1920x1080,1920x937,Pass,Information-Sheet,2,Yes,Fail,Pass,Pass,,Mixed_AustinSet1_AustinS_JaneSH_AustinTest1,LeftFemale_LeftShine,,,,,,,,BEGIN QUESTIONNAIRE,
2,1580937221597,05/02/2020 21:13:41,1580937221472,-8,05/02/2020 13:13:41,12769,5,questionnaire-t1fh,,3869237,5c89870b9cef4f0001a1a295,1092265,,complete,,5e3b2febf906aa351389b414,computer,Desktop or Laptop,Windows 10,Chrome 79.0.3945.130,1920x1080,1903x937,Pass,Information-Sheet,2,Yes,Fail,Pass,Pass,,Mixed_AustinSet1_AustinS_JaneSH_AustinTest1,LeftFemale_LeftShine,,,,,,,,consent,Yes
3,1580937221815,05/02/2020 21:13:41,1580937221475,-8,05/02/2020 13:13:41,12769,5,questionnaire-t1fh,,3869237,5c89870b9cef4f0001a1a295,1092265,,complete,,5e3b2febf906aa351389b414,computer,Desktop or Laptop,Windows 10,Chrome 79.0.3945.130,1920x1080,1903x937,Pass,Information-Sheet,2,Yes,Fail,Pass,Pass,,Mixed_AustinSet1_AustinS_JaneSH_AustinTest1,LeftFemale_LeftShine,,,,,,,,consent-quantised,1
4,1580937221815,05/02/2020 21:13:41,1580937221475,-8,05/02/2020 13:13:41,12769,5,questionnaire-t1fh,,3869237,5c89870b9cef4f0001a1a295,1092265,,complete,,5e3b2febf906aa351389b414,computer,Desktop or Laptop,Windows 10,Chrome 79.0.3945.130,1920x1080,1903x937,Pass,Information-Sheet,2,Yes,Fail,Pass,Pass,,Mixed_AustinSet1_AustinS_JaneSH_AustinTest1,LeftFemale_LeftShine,,,,,,,,END QUESTIONNAIRE,13893
1,1580937211051,05/02/2020 21:13:31,1580937211984,-6,05/02/2020 15:13:31,12769,5,questionnaire-t1fh,,3869238,5dbe5d44aab19f35c5459b57,1092267,,complete,,5e3b2f354a509a33f636134e,computer,Desktop or Laptop,Windows 10,Chrome 79.0.3945.130,1680x1050,1680x907,Pass,Information-Sheet,2,Yes,Pass,Pass,,,Mixed_JaneSet1_AustinSH_JaneS_JaneTest1,,,,,,,,LeftMale_LeftShine,BEGIN QUESTIONNAIRE,
2,1580937303652,05/02/2020 21:15:03,1580937304618,-6,05/02/2020 15:15:04,12769,5,questionnaire-t1fh,,3869238,5dbe5d44aab19f35c5459b57,1092267,,complete,,5e3b2f354a509a33f636134e,computer,Desktop or Laptop,Windows 10,Chrome 79.0.3945.130,1680x1050,1663x907,Pass,Information-Sheet,2,Yes,Pass,Pass,,,Mixed_JaneSet1_AustinSH_JaneS_JaneTest1,,,,,,,,LeftMale_LeftShine,consent,Yes
3,1580937303903,05/02/2020 21:15:03,1580937304620,-6,05/02/2020 15:15:04,12769,5,questionnaire-t1fh,,3869238,5dbe5d44aab19f35c5459b57,1092267,,complete,,5e3b2f354a509a33f636134e,computer,Desktop or Laptop,Windows 10,Chrome 79.0.3945.130,1680x1050,1663x907,Pass,Information-Sheet,2,Yes,Pass,Pass,,,Mixed_JaneSet1_AustinSH_JaneS_JaneTest1,,,,,,,,LeftMale_LeftShine,consent-quantised,1
4,1580937303903,05/02/2020 21:15:03,1580937304620,-6,05/02/2020 15:15:04,12769,5,questionnaire-t1fh,,3869238,5dbe5d44aab19f35c5459b57,1092267,,complete,,5e3b2f354a509a33f636134e,computer,Desktop or Laptop,Windows 10,Chrome 79.0.3945.130,1680x1050,1663x907,Pass,Information-Sheet,2,Yes,Pass,Pass,,,Mixed_JaneSet1_AustinSH_JaneS_JaneTest1,,,,,,,,LeftMale_LeftShine,END QUESTIONNAIRE,92636
1,1580937278899,05/02/2020 21:14:38,1580937278771,-6,05/02/2020 15:14:38,12769,5,questionnaire-t1fh,,3869249,5d975f06d0e628001793a276,1092271,,complete,,5e3b2ff7d38f33343085586c,computer,Desktop or Laptop,Mac OS 10.13.6,Chrome 79.0.3945.130,1440x900,1407x663,Pass,Information-Sheet,2,Yes,Pass,Pass,,,Mixed_JaneSet1_AustinSH_JaneS_AustinTest1,,,,LeftFemale_LeftShine,,,,,BEGIN QUESTIONNAIRE,
2,1580937292863,05/02/2020 21:14:52,1580937292780,-6,05/02/2020 15:14:52,12769,5,questionnaire-t1fh,,3869249,5d975f06d0e628001793a276,1092271,,complete,,5e3b2ff7d38f33343085586c,computer,Desktop or Laptop,Mac OS 10.13.6,Chrome 79.0.3945.130,1440x900,1407x663,Pass,Information-Sheet,2,Yes,Pass,Pass,,,Mixed_JaneSet1_AustinSH_JaneS_AustinTest1,,,,LeftFemale_LeftShine,,,,,consent,Yes
3,1580937293064,05/02/2020 21:14:53,1580937292781,-6,05/02/2020 15:14:52,12769,5,questionnaire-t1fh,,3869249,5d975f06d0e628001793a276,1092271,,complete,,5e3b2ff7d38f33343085586c,computer,Desktop or Laptop,Mac OS 10.13.6,Chrome 79.0.3945.130,1440x900,1407x663,Pass,Information-Sheet,2,Yes,Pass,Pass,,,Mixed_JaneSet1_AustinSH_JaneS_AustinTest1,,,,LeftFemale_LeftShine,,,,,consent-quantised,1
4,1580937293064,05/02/2020 21:14:53,1580937292782,-6,05/02/2020 15:14:52,12769,5,questionnaire-t1fh,,3869249,5d975f06d0e628001793a276,1092271,,complete,,5e3b2ff7d38f33343085586c,computer,Desktop or Laptop,Mac OS 10.13.6,Chrome 79.0.3945.130,1440x900,1407x663,Pass,Information-Sheet,2,Yes,Pass,Pass,,,Mixed_JaneSet1_AustinSH_JaneS_AustinTest1,,,,LeftFemale_LeftShine,,,,,END QUESTIONNAIRE,14011
1,1580937319358,05/02/2020 21:15:19,1580937325584,-5,05/02/2020 16:15:25,12769,5,questionnaire-t1fh,,3869255,5c928a3abf2af20001363f48,1092272,,complete,,5e3b304b1cf058000bb60c39,computer,Desktop or Laptop,Windows 10,Chrome 79.0.3945.130,1360x768,1360x695,Pass,Information-Sheet,2,Yes,Pass,Pass,,,Mixed_AustinSet1_AustinSH_JaneS_JaneTest1,,,,,,,LeftMale_LeftShine,,BEGIN QUESTIONNAIRE,
2,1580937336569,05/02/2020 21:15:36,1580937343163,-5,05/02/2020 16:15:43,12769,5,questionnaire-t1fh,,3869255,5c928a3abf2af20001363f48,1092272,,complete,,5e3b304b1cf058000bb60c39,computer,Desktop or Laptop,Windows 10,Chrome 79.0.3945.130,1360x768,1343x695,Pass,Information-Sheet,2,Yes,Pass,Pass,,,Mixed_AustinSet1_AustinSH_JaneS_JaneTest1,,,,,,,LeftMale_LeftShine,,consent,Yes
3,1580937336757,05/02/2020 21:15:36,1580937343170,-5,05/02/2020 16:15:43,12769,5,questionnaire-t1fh,,3869255,5c928a3abf2af20001363f48,1092272,,complete,,5e3b304b1cf058000bb60c39,computer,Desktop or Laptop,Windows 10,Chrome 79.0.3945.130,1360x768,1343x695,Pass,Information-Sheet,2,Yes,Pass,Pass,,,Mixed_AustinSet1_AustinSH_JaneS_JaneTest1,,,,,,,LeftMale_LeftShine,,consent-quantised,1
4,1580937336757,05/02/2020 21:15:36,1580937343173,-5,05/02/2020 16:15:43,12769,5,questionnaire-t1fh,,3869255,5c928a3abf2af20001363f48,1092272,,complete,,5e3b304b1cf058000bb60c39,computer,Desktop or Laptop,Windows 10,Chrome 79.0.3945.130,1360x768,1343x695,Pass,Information-Sheet,2,Yes,Pass,Pass,,,Mixed_AustinSet1_AustinSH_JaneS_JaneTest1,,,,,,,LeftMale_LeftShine,,END QUESTIONNAIRE,17590
1,1580937338444,05/02/2020 21:15:38,1580937338712,-6,05/02/2020 15:15:38,12769,5,questionnaire-t1fh,,3869263,58cbd0a55d42920001414dd3,1092274,,complete,,5e3b303ec2db4f0875371018,computer,Desktop or Laptop,Windows 10,Chrome 79.0.3945.130,1920x1080,1920x979,Pass,Information-Sheet,2,Yes,Pass,Pass,,,Mixed_JaneSet1_AustinS_JaneSH_JaneTest1,,,,,,LeftMale_LeftShine,,,BEGIN QUESTIONNAIRE,
2,1580937536398,05/02/2020 21:18:56,1580937536680,-6,05/02/2020 15:18:56,12769,5,questionnaire-t1fh,,3869263,58cbd0a55d42920001414dd3,1092274,,complete,,5e3b303ec2db4f0875371018,computer,Desktop or Laptop,Windows 10,Chrome 79.0.3945.130,1920x1080,1920x979,Pass,Information-Sheet,2,Yes,Pass,Pass,,,Mixed_JaneSet1_AustinS_JaneSH_JaneTest1,,,,,,LeftMale_LeftShine,,,consent,Yes
3,1580937536570,05/02/2020 21:18:56,1580937536681,-6,05/02/2020 15:18:56,12769,5,questionnaire-t1fh,,3869263,58cbd0a55d42920001414dd3,1092274,,complete,,5e3b303ec2db4f0875371018,computer,Desktop or Laptop,Windows 10,Chrome 79.0.3945.130,1920x1080,1920x979,Pass,Information-Sheet,2,Yes,Pass,Pass,,,Mixed_JaneSet1_AustinS_JaneSH_JaneTest1,,,,,,LeftMale_LeftShine,,,consent-quantised,1
4,1580937536570,05/02/2020 21:18:56,1580937536682,-6,05/02/2020 15:18:56,12769,5,questionnaire-t1fh,,3869263,58cbd0a55d42920001414dd3,1092274,,complete,,5e3b303ec2db4f0875371018,computer,Desktop or Laptop,Windows 10,Chrome 79.0.3945.130,1920x1080,1920x979,Pass,Information-Sheet,2,Yes,Pass,Pass,,,Mixed_JaneSet1_AustinS_JaneSH_JaneTest1,,,,,,LeftMale_LeftShine,,,END QUESTIONNAIRE,197970
1,1580937461219,05/02/2020 21:17:41,1580937454993,-6,05/02/2020 15:17:34,12769,5,questionnaire-t1fh,,3869306,59a4b7e0c9281e0001c1bc8f,1092283,,complete,,5e3b30ccc8aeb034415def12,computer,Desktop or Laptop,Windows 10,Chrome 77.0.3835.0,1440x900,1440x751,Pass,Information-Sheet,2,Yes,Pass,Pass,,,Mixed_JaneSet1_AustinSH_JaneS_AustinTest1,,,,LeftMale_LeftShine,,,,,BEGIN QUESTIONNAIRE,
2,1580937583158,05/02/2020 21:19:43,1580937577440,-6,05/02/2020 15:19:37,12769,5,questionnaire-t1fh,,3869306,59a4b7e0c9281e0001c1bc8f,1092283,,complete,,5e3b30ccc8aeb034415def12,computer,Desktop or Laptop,Windows 10,Chrome 77.0.3835.0,1440x900,1423x751,Pass,Information-Sheet,2,Yes,Pass,Pass,,,Mixed_JaneSet1_AustinSH_JaneS_AustinTest1,,,,LeftMale_LeftShine,,,,,consent,Yes
3,1580937583393,05/02/2020 21:19:43,1580937577444,-6,05/02/2020 15:19:37,12769,5,questionnaire-t1fh,,3869306,59a4b7e0c9281e0001c1bc8f,1092283,,complete,,5e3b30ccc8aeb034415def12,computer,Desktop or Laptop,Windows 10,Chrome 77.0.3835.0,1440x900,1423x751,Pass,Information-Sheet,2,Yes,Pass,Pass,,,Mixed_JaneSet1_AustinSH_JaneS_AustinTest1,,,,LeftMale_LeftShine,,,,,consent-quantised,1
4,1580937583393,05/02/2020 21:19:43,1580937577445,-6,05/02/2020 15:19:37,12769,5,questionnaire-t1fh,,3869306,59a4b7e0c9281e0001c1bc8f,1092283,,complete,,5e3b30ccc8aeb034415def12,computer,Desktop or Laptop,Windows 10,Chrome 77.0.3835.0,1440x900,1423x751,Pass,Information-Sheet,2,Yes,Pass,Pass,,,Mixed_JaneSet1_AustinSH_JaneS_AustinTest1,,,,LeftMale_LeftShine,,,,,END QUESTIONNAIRE,122452
1,1580937490444,05/02/2020 21:18:10,1580937490699,-5,05/02/2020 16:18:10,12769,5,questionnaire-t1fh,,3869315,5dcc537e81677d8deb58a0f6,1092285,,complete,,5e3b30fbe3c76434fe107ccf,computer,Desktop or Laptop,Windows 10,Firefox 72.0,1680x1050,1339x658,Pass,Information-Sheet,2,Yes,Pass,Pass,,,Mixed_AustinSet1_AustinSH_JaneS_AustinTest1,,,LeftMale_LeftShine,,,,,,BEGIN QUESTIONNAIRE,
2,1580937501610,05/02/2020 21:18:21,1580937501946,-5,05/02/2020 16:18:21,12769,5,questionnaire-t1fh,,3869315,5dcc537e81677d8deb58a0f6,1092285,,complete,,5e3b30fbe3c76434fe107ccf,computer,Desktop or Laptop,Windows 10,Firefox 72.0,1680x1050,1322x658,Pass,Information-Sheet,2,Yes,Pass,Pass,,,Mixed_AustinSet1_AustinSH_JaneS_AustinTest1,,,LeftMale_LeftShine,,,,,,consent,Yes
3,1580937501735,05/02/2020 21:18:21,1580937501948,-5,05/02/2020 16:18:21,12769,5,questionnaire-t1fh,,3869315,5dcc537e81677d8deb58a0f6,1092285,,complete,,5e3b30fbe3c76434fe107ccf,computer,Desktop or Laptop,Windows 10,Firefox 72.0,1680x1050,1322x658,Pass,Information-Sheet,2,Yes,Pass,Pass,,,Mixed_AustinSet1_AustinSH_JaneS_AustinTest1,,,LeftMale_LeftShine,,,,,,consent-quantised,1
4,1580937501735,05/02/2020 21:18:21,1580937501948,-5,05/02/2020 16:18:21,12769,5,questionnaire-t1fh,,3869315,5dcc537e81677d8deb58a0f6,1092285,,complete,,5e3b30fbe3c76434fe107ccf,computer,Desktop or Laptop,Windows 10,Firefox 72.0,1680x1050,1322x658,Pass,Information-Sheet,2,Yes,Pass,Pass,,,Mixed_AustinSet1_AustinSH_JaneS_AustinTest1,,,LeftMale_LeftShine,,,,,,END QUESTIONNAIRE,11250
1,1580937499350,05/02/2020 21:18:19,1580937500605,-6,05/02/2020 15:18:20,12769,5,questionnaire-t1fh,,3869318,595d8b55fe4a4700017a07e6,1092287,,complete,,5e3b3079d492f13493b124f5,computer,Desktop or Laptop,Windows 10,Chrome 79.0.3945.130,1536x864,1536x722,Pass,Information-Sheet,2,Yes,Pass,Pass,,,Mixed_AustinSet1_AustinS_JaneSH_JaneTest1,,,,,LeftFemale_LeftShine,,,,BEGIN QUESTIONNAIRE,
2,1580937518012,05/02/2020 21:18:38,1580937519355,-6,05/02/2020 15:18:39,12769,5,questionnaire-t1fh,,3869318,595d8b55fe4a4700017a07e6,1092287,,complete,,5e3b3079d492f13493b124f5,computer,Desktop or Laptop,Windows 10,Chrome 79.0.3945.130,1536x864,1519x722,Pass,Information-Sheet,2,Yes,Pass,Pass,,,Mixed_AustinSet1_AustinS_JaneSH_JaneTest1,,,,,LeftFemale_LeftShine,,,,consent,Yes
3,1580937518263,05/02/2020 21:18:38,1580937519358,-6,05/02/2020 15:18:39,12769,5,questionnaire-t1fh,,3869318,595d8b55fe4a4700017a07e6,1092287,,complete,,5e3b3079d492f13493b124f5,computer,Desktop or Laptop,Windows 10,Chrome 79.0.3945.130,1536x864,1519x722,Pass,Information-Sheet,2,Yes,Pass,Pass,,,Mixed_AustinSet1_AustinS_JaneSH_JaneTest1,,,,,LeftFemale_LeftShine,,,,consent-quantised,1
4,1580937518263,05/02/2020 21:18:38,1580937519358,-6,05/02/2020 15:18:39,12769,5,questionnaire-t1fh,,3869318,595d8b55fe4a4700017a07e6,1092287,,complete,,5e3b3079d492f13493b124f5,computer,Desktop or Laptop,Windows 10,Chrome 79.0.3945.130,1536x864,1519x722,Pass,Information-Sheet,2,Yes,Pass,Pass,,,Mixed_AustinSet1_AustinS_JaneSH_JaneTest1,,,,,LeftFemale_LeftShine,,,,END QUESTIONNAIRE,18753
1,1580937580842,05/02/2020 21:19:40,1580937590300,-5,05/02/2020 16:19:50,12769,5,questionnaire-t1fh,,3869340,5b6515aff7798c00018291b8,1092291,,complete,,5e3b313446d3c134df814600,computer,Desktop or Laptop,Windows 10,Chrome 78.0.3904.97,1366x768,1366x625,Pass,Information-Sheet,2,Yes,Pass,Pass,,,Mixed_AustinSet1_AustinS_JaneSH_JaneTest1,,,,,LeftFemale_LeftSign,,,,BEGIN QUESTIONNAIRE,
2,1580937610537,05/02/2020 21:20:10,1580937620057,-5,05/02/2020 16:20:20,12769,5,questionnaire-t1fh,,3869340,5b6515aff7798c00018291b8,1092291,,complete,,5e3b313446d3c134df814600,computer,Desktop or Laptop,Windows 10,Chrome 78.0.3904.97,1366x768,1349x625,Pass,Information-Sheet,2,Yes,Pass,Pass,,,Mixed_AustinSet1_AustinS_JaneSH_JaneTest1,,,,,LeftFemale_LeftSign,,,,consent,Yes
3,1580937610788,05/02/2020 21:20:10,1580937620059,-5,05/02/2020 16:20:20,12769,5,questionnaire-t1fh,,3869340,5b6515aff7798c00018291b8,1092291,,complete,,5e3b313446d3c134df814600,computer,Desktop or Laptop,Windows 10,Chrome 78.0.3904.97,1366x768,1349x625,Pass,Information-Sheet,2,Yes,Pass,Pass,,,Mixed_AustinSet1_AustinS_JaneSH_JaneTest1,,,,,LeftFemale_LeftSign,,,,consent-quantised,1
4,1580937610788,05/02/2020 21:20:10,1580937620059,-5,05/02/2020 16:20:20,12769,5,questionnaire-t1fh,,3869340,5b6515aff7798c00018291b8,1092291,,complete,,5e3b313446d3c134df814600,computer,Desktop or Laptop,Windows 10,Chrome 78.0.3904.97,1366x768,1349x625,Pass,Information-Sheet,2,Yes,Pass,Pass,,,Mixed_AustinSet1_AustinS_JaneSH_JaneTest1,,,,,LeftFemale_LeftSign,,,,END QUESTIONNAIRE,29759
1,1580937631321,05/02/2020 21:20:31,1580937629883,-8,05/02/2020 13:20:29,12769,5,questionnaire-t1fh,,3869354,56e0a6c9907c12000ae4882c,1092293,,complete,,5e3b318a2d2961347b3bfa2d,computer,Desktop or Laptop,Windows 10,Chrome 79.0.3945.130,1280x720,1280x616,Pass,Information-Sheet,2,Yes,Pass,Pass,,,Mixed_JaneSet1_AustinSH_JaneS_JaneTest1,,,,,,,,LeftFemale_LeftSign,BEGIN QUESTIONNAIRE,
2,1580937673109,05/02/2020 21:21:13,1580937671715,-8,05/02/2020 13:21:11,12769,5,questionnaire-t1fh,,3869354,56e0a6c9907c12000ae4882c,1092293,,complete,,5e3b318a2d2961347b3bfa2d,computer,Desktop or Laptop,Windows 10,Chrome 79.0.3945.130,1280x720,1263x616,Pass,Information-Sheet,2,Yes,Pass,Pass,,,Mixed_JaneSet1_AustinSH_JaneS_JaneTest1,,,,,,,,LeftFemale_LeftSign,consent,Yes
3,1580937673358,05/02/2020 21:21:13,1580937671717,-8,05/02/2020 13:21:11,12769,5,questionnaire-t1fh,,3869354,56e0a6c9907c12000ae4882c,1092293,,complete,,5e3b318a2d2961347b3bfa2d,computer,Desktop or Laptop,Windows 10,Chrome 79.0.3945.130,1280x720,1263x616,Pass,Information-Sheet,2,Yes,Pass,Pass,,,Mixed_JaneSet1_AustinSH_JaneS_JaneTest1,,,,,,,,LeftFemale_LeftSign,consent-quantised,1
4,1580937673358,05/02/2020 21:21:13,1580937671717,-8,05/02/2020 13:21:11,12769,5,questionnaire-t1fh,,3869354,56e0a6c9907c12000ae4882c,1092293,,complete,,5e3b318a2d2961347b3bfa2d,computer,Desktop or Laptop,Windows 10,Chrome 79.0.3945.130,1280x720,1263x616,Pass,Information-Sheet,2,Yes,Pass,Pass,,,Mixed_JaneSet1_AustinSH_JaneS_JaneTest1,,,,,,,,LeftFemale_LeftSign,END QUESTIONNAIRE,41834
1,1580937662683,05/02/2020 21:21:02,1580937660845,-6,05/02/2020 15:21:00,12769,5,questionnaire-t1fh,,3869361,5e116834acd5ce815cc69fc6,1092294,,complete,,5e3b31410d41ad345b2eda3f,computer,Desktop or Laptop,Windows 10,Chrome 79.0.3945.130,1920x1080,1920x937,Pass,Information-Sheet,2,Yes,Pass,Pass,,,Mixed_JaneSet1_AustinS_JaneSH_JaneTest1,,,,,,LeftFemale_LeftSign,,,BEGIN QUESTIONNAIRE,
2,1580937725554,05/02/2020 21:22:05,1580937723790,-6,05/02/2020 15:22:03,12769,5,questionnaire-t1fh,,3869361,5e116834acd5ce815cc69fc6,1092294,,complete,,5e3b31410d41ad345b2eda3f,computer,Desktop or Laptop,Windows 10,Chrome 79.0.3945.130,1920x1080,1903x937,Pass,Information-Sheet,2,Yes,Pass,Pass,,,Mixed_JaneSet1_AustinS_JaneSH_JaneTest1,,,,,,LeftFemale_LeftSign,,,consent,Yes
3,1580937725726,05/02/2020 21:22:05,1580937723791,-6,05/02/2020 15:22:03,12769,5,questionnaire-t1fh,,3869361,5e116834acd5ce815cc69fc6,1092294,,complete,,5e3b31410d41ad345b2eda3f,computer,Desktop or Laptop,Windows 10,Chrome 79.0.3945.130,1920x1080,1903x937,Pass,Information-Sheet,2,Yes,Pass,Pass,,,Mixed_JaneSet1_AustinS_JaneSH_JaneTest1,,,,,,LeftFemale_LeftSign,,,consent-quantised,1
4,1580937725726,05/02/2020 21:22:05,1580937723791,-6,05/02/2020 15:22:03,12769,5,questionnaire-t1fh,,3869361,5e116834acd5ce815cc69fc6,1092294,,complete,,5e3b31410d41ad345b2eda3f,computer,Desktop or Laptop,Windows 10,Chrome 79.0.3945.130,1920x1080,1903x937,Pass,Information-Sheet,2,Yes,Pass,Pass,,,Mixed_JaneSet1_AustinS_JaneSH_JaneTest1,,,,,,LeftFemale_LeftSign,,,END QUESTIONNAIRE,62946
1,1580937701575,05/02/2020 21:21:41,1580937701424,-6,05/02/2020 15:21:41,12769,5,questionnaire-t1fh,,3869371,5d7945fd5240da0019878dff,1092296,,complete,,5e3b31d8d8a9273478e6bac8,computer,Desktop or Laptop,Mac OS 10.14.6,Safari 13.0.4,1440x900,1385x789,Pass,Information-Sheet,2,Yes,Pass,Pass,,,Mixed_AustinSet1_AustinSH_JaneS_JaneTest1,,,,,,,LeftFemale_LeftShine,,BEGIN QUESTIONNAIRE,
2,1580937719192,05/02/2020 21:21:59,1580937719074,-6,05/02/2020 15:21:59,12769,5,questionnaire-t1fh,,3869371,5d7945fd5240da0019878dff,1092296,,complete,,5e3b31d8d8a9273478e6bac8,computer,Desktop or Laptop,Mac OS 10.14.6,Safari 13.0.4,1440x900,1370x789,Pass,Information-Sheet,2,Yes,Pass,Pass,,,Mixed_AustinSet1_AustinSH_JaneS_JaneTest1,,,,,,,LeftFemale_LeftShine,,consent,Yes
3,1580937719348,05/02/2020 21:21:59,1580937719075,-6,05/02/2020 15:21:59,12769,5,questionnaire-t1fh,,3869371,5d7945fd5240da0019878dff,1092296,,complete,,5e3b31d8d8a9273478e6bac8,computer,Desktop or Laptop,Mac OS 10.14.6,Safari 13.0.4,1440x900,1370x789,Pass,Information-Sheet,2,Yes,Pass,Pass,,,Mixed_AustinSet1_AustinSH_JaneS_JaneTest1,,,,,,,LeftFemale_LeftShine,,consent-quantised,1
4,1580937719348,05/02/2020 21:21:59,1580937719075,-6,05/02/2020 15:21:59,12769,5,questionnaire-t1fh,,3869371,5d7945fd5240da0019878dff,1092296,,complete,,5e3b31d8d8a9273478e6bac8,computer,Desktop or Laptop,Mac OS 10.14.6,Safari 13.0.4,1440x900,1370x789,Pass,Information-Sheet,2,Yes,Pass,Pass,,,Mixed_AustinSet1_AustinSH_JaneS_JaneTest1,,,,,,,LeftFemale_LeftShine,,END QUESTIONNAIRE,17651
1,1580937726586,05/02/2020 21:22:06,1580937724575,-8,05/02/2020 13:22:04,12769,5,questionnaire-t1fh,,3869375,5c5c65f82b9837000195da29,1092298,,complete,,5e3b31ae5b90d207e4ec89b0,computer,Desktop or Laptop,Windows 10,Chrome 79.0.3945.130,1920x1080,1536x750,Pass,Information-Sheet,2,Yes,Pass,Pass,,,Mixed_JaneSet1_AustinS_JaneSH_AustinTest1,,LeftMale_LeftShine,,,,,,,BEGIN QUESTIONNAIRE,
2,1580937809807,05/02/2020 21:23:29,1580937807828,-8,05/02/2020 13:23:27,12769,5,questionnaire-t1fh,,3869375,5c5c65f82b9837000195da29,1092298,,complete,,5e3b31ae5b90d207e4ec89b0,computer,Desktop or Laptop,Windows 10,Chrome 79.0.3945.130,1920x1080,1522x750,Pass,Information-Sheet,2,Yes,Pass,Pass,,,Mixed_JaneSet1_AustinS_JaneSH_AustinTest1,,LeftMale_LeftShine,,,,,,,consent,Yes
3,1580937810011,05/02/2020 21:23:30,1580937807829,-8,05/02/2020 13:23:27,12769,5,questionnaire-t1fh,,3869375,5c5c65f82b9837000195da29,1092298,,complete,,5e3b31ae5b90d207e4ec89b0,computer,Desktop or Laptop,Windows 10,Chrome 79.0.3945.130,1920x1080,1522x750,Pass,Information-Sheet,2,Yes,Pass,Pass,,,Mixed_JaneSet1_AustinS_JaneSH_AustinTest1,,LeftMale_LeftShine,,,,,,,consent-quantised,1
4,1580937810011,05/02/2020 21:23:30,1580937807829,-8,05/02/2020 13:23:27,12769,5,questionnaire-t1fh,,3869375,5c5c65f82b9837000195da29,1092298,,complete,,5e3b31ae5b90d207e4ec89b0,computer,Desktop or Laptop,Windows 10,Chrome 79.0.3945.130,1920x1080,1522x750,Pass,Information-Sheet,2,Yes,Pass,Pass,,,Mixed_JaneSet1_AustinS_JaneSH_AustinTest1,,LeftMale_LeftShine,,,,,,,END QUESTIONNAIRE,83254
1,1580937810183,05/02/2020 21:23:30,1580937812392,-6,05/02/2020 15:23:32,12769,5,questionnaire-t1fh,,3869399,5d62239454f7a50001c70f03,1092301,,complete,,5e3b323d983be7346c1ab8eb,computer,Desktop or Laptop,Windows 10,Chrome 79.0.3945.130,1366x768,1366x663,Pass,Information-Sheet,2,Yes,Fail,Pass,Pass,,Mixed_JaneSet1_AustinS_JaneSH_AustinTest1,,LeftMale_LeftSign,,,,,,,BEGIN QUESTIONNAIRE,
2,1580937844343,05/02/2020 21:24:04,1580937846225,-6,05/02/2020 15:24:06,12769,5,questionnaire-t1fh,,3869399,5d62239454f7a50001c70f03,1092301,,complete,,5e3b323d983be7346c1ab8eb,computer,Desktop or Laptop,Windows 10,Chrome 79.0.3945.130,1366x768,1349x663,Pass,Information-Sheet,2,Yes,Fail,Pass,Pass,,Mixed_JaneSet1_AustinS_JaneSH_AustinTest1,,LeftMale_LeftSign,,,,,,,consent,Yes
3,1580937844530,05/02/2020 21:24:04,1580937846229,-6,05/02/2020 15:24:06,12769,5,questionnaire-t1fh,,3869399,5d62239454f7a50001c70f03,1092301,,complete,,5e3b323d983be7346c1ab8eb,computer,Desktop or Laptop,Windows 10,Chrome 79.0.3945.130,1366x768,1349x663,Pass,Information-Sheet,2,Yes,Fail,Pass,Pass,,Mixed_JaneSet1_AustinS_JaneSH_AustinTest1,,LeftMale_LeftSign,,,,,,,consent-quantised,1
4,1580937844530,05/02/2020 21:24:04,1580937846229,-6,05/02/2020 15:24:06,12769,5,questionnaire-t1fh,,3869399,5d62239454f7a50001c70f03,1092301,,complete,,5e3b323d983be7346c1ab8eb,computer,Desktop or Laptop,Windows 10,Chrome 79.0.3945.130,1366x768,1349x663,Pass,Information-Sheet,2,Yes,Fail,Pass,Pass,,Mixed_JaneSet1_AustinS_JaneSH_AustinTest1,,LeftMale_LeftSign,,,,,,,END QUESTIONNAIRE,33837
1,1580937812441,05/02/2020 21:23:32,1580937811448,-7,05/02/2020 14:23:31,12769,5,questionnaire-t1fh,,3869401,5d92c8b53e7e420017b597cc,1092302,,complete,,5e3b3243c0ac4c000c016c92,computer,Desktop or Laptop,Windows 10,Chrome 79.0.3945.130,2048x1152,2048x1048,Pass,Information-Sheet,2,Yes,Pass,Pass,,,Mixed_AustinSet1_AustinS_JaneSH_AustinTest1,LeftMale_LeftSign,,,,,,,,BEGIN QUESTIONNAIRE,
2,1580937825287,05/02/2020 21:23:45,1580937824324,-7,05/02/2020 14:23:44,12769,5,questionnaire-t1fh,,3869401,5d92c8b53e7e420017b597cc,1092302,,complete,,5e3b3243c0ac4c000c016c92,computer,Desktop or Laptop,Windows 10,Chrome 79.0.3945.130,2048x1152,2048x1048,Pass,Information-Sheet,2,Yes,Pass,Pass,,,Mixed_AustinSet1_AustinS_JaneSH_AustinTest1,LeftMale_LeftSign,,,,,,,,consent,Yes
3,1580937825506,05/02/2020 21:23:45,1580937824325,-7,05/02/2020 14:23:44,12769,5,questionnaire-t1fh,,3869401,5d92c8b53e7e420017b597cc,1092302,,complete,,5e3b3243c0ac4c000c016c92,computer,Desktop or Laptop,Windows 10,Chrome 79.0.3945.130,2048x1152,2048x1048,Pass,Information-Sheet,2,Yes,Pass,Pass,,,Mixed_AustinSet1_AustinS_JaneSH_AustinTest1,LeftMale_LeftSign,,,,,,,,consent-quantised,1
4,1580937825506,05/02/2020 21:23:45,1580937824325,-7,05/02/2020 14:23:44,12769,5,questionnaire-t1fh,,3869401,5d92c8b53e7e420017b597cc,1092302,,complete,,5e3b3243c0ac4c000c016c92,computer,Desktop or Laptop,Windows 10,Chrome 79.0.3945.130,2048x1152,2048x1048,Pass,Information-Sheet,2,Yes,Pass,Pass,,,Mixed_AustinSet1_AustinS_JaneSH_AustinTest1,LeftMale_LeftSign,,,,,,,,END QUESTIONNAIRE,12877
1,1580937834483,05/02/2020 21:23:54,1580937834753,-8,05/02/2020 13:23:54,12769,5,questionnaire-t1fh,,3869406,5d7df1d0cb35810017c8cf8c,1092303,,complete,,5e3b323112cf4f07ed856d4a,computer,Desktop or Laptop,Windows 10,Chrome 79.0.3945.130,1920x1080,1920x975,Pass,Information-Sheet,2,Yes,Pass,Pass,,,Mixed_AustinSet1_AustinSH_JaneS_AustinTest1,,,LeftMale_LeftSign,,,,,,BEGIN QUESTIONNAIRE,
2,1580937854657,05/02/2020 21:24:14,1580937854985,-8,05/02/2020 13:24:14,12769,5,questionnaire-t1fh,,3869406,5d7df1d0cb35810017c8cf8c,1092303,,complete,,5e3b323112cf4f07ed856d4a,computer,Desktop or Laptop,Windows 10,Chrome 79.0.3945.130,1920x1080,1903x975,Pass,Information-Sheet,2,Yes,Pass,Pass,,,Mixed_AustinSet1_AustinSH_JaneS_AustinTest1,,,LeftMale_LeftSign,,,,,,consent,Yes
3,1580937854860,05/02/2020 21:24:14,1580937854986,-8,05/02/2020 13:24:14,12769,5,questionnaire-t1fh,,3869406,5d7df1d0cb35810017c8cf8c,1092303,,complete,,5e3b323112cf4f07ed856d4a,computer,Desktop or Laptop,Windows 10,Chrome 79.0.3945.130,1920x1080,1903x975,Pass,Information-Sheet,2,Yes,Pass,Pass,,,Mixed_AustinSet1_AustinSH_JaneS_AustinTest1,,,LeftMale_LeftSign,,,,,,consent-quantised,1
4,1580937854860,05/02/2020 21:24:14,1580937854986,-8,05/02/2020 13:24:14,12769,5,questionnaire-t1fh,,3869406,5d7df1d0cb35810017c8cf8c,1092303,,complete,,5e3b323112cf4f07ed856d4a,computer,Desktop or Laptop,Windows 10,Chrome 79.0.3945.130,1920x1080,1903x975,Pass,Information-Sheet,2,Yes,Pass,Pass,,,Mixed_AustinSet1_AustinSH_JaneS_AustinTest1,,,LeftMale_LeftSign,,,,,,END QUESTIONNAIRE,20233
1,1580937839093,05/02/2020 21:23:59,1580937838898,-5,05/02/2020 16:23:58,12769,5,questionnaire-t1fh,,3869407,596c36966956b40001c59d4e,1092304,,complete,,5e3b315b8a444d353d0a5934,computer,Desktop or Laptop,Mac OS 10.15.0,Chrome 79.0.3945.88,1440x900,1440x686,Pass,Information-Sheet,2,Yes,Pass,Pass,,,Mixed_JaneSet1_AustinSH_JaneS_JaneTest1,,,,,,,,LeftFemale_LeftShine,BEGIN QUESTIONNAIRE,
2,1580937850408,05/02/2020 21:24:10,1580937850224,-5,05/02/2020 16:24:10,12769,5,questionnaire-t1fh,,3869407,596c36966956b40001c59d4e,1092304,,complete,,5e3b315b8a444d353d0a5934,computer,Desktop or Laptop,Mac OS 10.15.0,Chrome 79.0.3945.88,1440x900,1440x686,Pass,Information-Sheet,2,Yes,Pass,Pass,,,Mixed_JaneSet1_AustinSH_JaneS_JaneTest1,,,,,,,,LeftFemale_LeftShine,consent,Yes
3,1580937850657,05/02/2020 21:24:10,1580937850227,-5,05/02/2020 16:24:10,12769,5,questionnaire-t1fh,,3869407,596c36966956b40001c59d4e,1092304,,complete,,5e3b315b8a444d353d0a5934,computer,Desktop or Laptop,Mac OS 10.15.0,Chrome 79.0.3945.88,1440x900,1440x686,Pass,Information-Sheet,2,Yes,Pass,Pass,,,Mixed_JaneSet1_AustinSH_JaneS_JaneTest1,,,,,,,,LeftFemale_LeftShine,consent-quantised,1
4,1580937850657,05/02/2020 21:24:10,1580937850228,-5,05/02/2020 16:24:10,12769,5,questionnaire-t1fh,,3869407,596c36966956b40001c59d4e,1092304,,complete,,5e3b315b8a444d353d0a5934,computer,Desktop or Laptop,Mac OS 10.15.0,Chrome 79.0.3945.88,1440x900,1440x686,Pass,Information-Sheet,2,Yes,Pass,Pass,,,Mixed_JaneSet1_AustinSH_JaneS_JaneTest1,,,,,,,,LeftFemale_LeftShine,END QUESTIONNAIRE,11330
1,1580937931333,05/02/2020 21:25:31,1580937934010,-5,05/02/2020 16:25:34,12769,5,questionnaire-t1fh,,3869437,5dfc48e70108e5952da3cc11,1092309,,complete,,5e3b324f5da22c0850a6befc,computer,Desktop or Laptop,Windows 10,Chrome 79.0.3945.130,1920x1080,1920x937,Pass,Information-Sheet,2,Yes,Pass,Pass,,,Mixed_AustinSet1_AustinS_JaneSH_JaneTest1,,,,,LeftMale_LeftSign,,,,BEGIN QUESTIONNAIRE,
2,1580937973635,05/02/2020 21:26:13,1580937976378,-5,05/02/2020 16:26:16,12769,5,questionnaire-t1fh,,3869437,5dfc48e70108e5952da3cc11,1092309,,complete,,5e3b324f5da22c0850a6befc,computer,Desktop or Laptop,Windows 10,Chrome 79.0.3945.130,1920x1080,1903x937,Pass,Information-Sheet,2,Yes,Pass,Pass,,,Mixed_AustinSet1_AustinS_JaneSH_JaneTest1,,,,,LeftMale_LeftSign,,,,consent,Yes
3,1580937973760,05/02/2020 21:26:13,1580937976380,-5,05/02/2020 16:26:16,12769,5,questionnaire-t1fh,,3869437,5dfc48e70108e5952da3cc11,1092309,,complete,,5e3b324f5da22c0850a6befc,computer,Desktop or Laptop,Windows 10,Chrome 79.0.3945.130,1920x1080,1903x937,Pass,Information-Sheet,2,Yes,Pass,Pass,,,Mixed_AustinSet1_AustinS_JaneSH_JaneTest1,,,,,LeftMale_LeftSign,,,,consent-quantised,1
4,1580937973760,05/02/2020 21:26:13,1580937976380,-5,05/02/2020 16:26:16,12769,5,questionnaire-t1fh,,3869437,5dfc48e70108e5952da3cc11,1092309,,complete,,5e3b324f5da22c0850a6befc,computer,Desktop or Laptop,Windows 10,Chrome 79.0.3945.130,1920x1080,1903x937,Pass,Information-Sheet,2,Yes,Pass,Pass,,,Mixed_AustinSet1_AustinS_JaneSH_JaneTest1,,,,,LeftMale_LeftSign,,,,END QUESTIONNAIRE,42370
1,1580938046149,05/02/2020 21:27:26,1580938046027,-8,05/02/2020 13:27:26,12769,5,questionnaire-t1fh,,3869470,5dadfba804a8070016d5dc68,1092316,,complete,,5e3b332d55be5b34e0e39352,computer,Desktop or Laptop,Mac OS 10.13.6,Chrome 73.0.3683.103,1440x900,1439x685,Pass,Information-Sheet,2,Yes,Pass,Pass,,,Mixed_JaneSet1_AustinSH_JaneS_AustinTest1,,,,LeftFemale_LeftSign,,,,,BEGIN QUESTIONNAIRE,
2,1580938075446,05/02/2020 21:27:55,1580938075380,-8,05/02/2020 13:27:55,12769,5,questionnaire-t1fh,,3869470,5dadfba804a8070016d5dc68,1092316,,complete,,5e3b332d55be5b34e0e39352,computer,Desktop or Laptop,Mac OS 10.13.6,Chrome 73.0.3683.103,1440x900,1439x685,Pass,Information-Sheet,2,Yes,Pass,Pass,,,Mixed_JaneSet1_AustinSH_JaneS_AustinTest1,,,,LeftFemale_LeftSign,,,,,consent,Yes
3,1580938075602,05/02/2020 21:27:55,1580938075382,-8,05/02/2020 13:27:55,12769,5,questionnaire-t1fh,,3869470,5dadfba804a8070016d5dc68,1092316,,complete,,5e3b332d55be5b34e0e39352,computer,Desktop or Laptop,Mac OS 10.13.6,Chrome 73.0.3683.103,1440x900,1439x685,Pass,Information-Sheet,2,Yes,Pass,Pass,,,Mixed_JaneSet1_AustinSH_JaneS_AustinTest1,,,,LeftFemale_LeftSign,,,,,consent-quantised,1
4,1580938075602,05/02/2020 21:27:55,1580938075383,-8,05/02/2020 13:27:55,12769,5,questionnaire-t1fh,,3869470,5dadfba804a8070016d5dc68,1092316,,complete,,5e3b332d55be5b34e0e39352,computer,Desktop or Laptop,Mac OS 10.13.6,Chrome 73.0.3683.103,1440x900,1439x685,Pass,Information-Sheet,2,Yes,Pass,Pass,,,Mixed_JaneSet1_AustinSH_JaneS_AustinTest1,,,,LeftFemale_LeftSign,,,,,END QUESTIONNAIRE,29356
1,1580938096997,05/02/2020 21:28:16,1580938096052,-6,05/02/2020 15:28:16,12769,5,questionnaire-t1fh,,3869482,5e178a7e8600ac000c3fe84e,1092317,,complete,,5e3b3364e4a925350fff500d,computer,Desktop or Laptop,Windows 10,Chrome 79.0.3945.130,1920x1080,1920x937,Pass,Information-Sheet,2,Yes,Pass,Pass,,,Mixed_JaneSet1_AustinS_JaneSH_JaneTest1,,,,,,LeftMale_LeftSign,,,BEGIN QUESTIONNAIRE,
2,1580938180606,05/02/2020 21:29:40,1580938179674,-6,05/02/2020 15:29:39,12769,5,questionnaire-t1fh,,3869482,5e178a7e8600ac000c3fe84e,1092317,,complete,,5e3b3364e4a925350fff500d,computer,Desktop or Laptop,Windows 10,Chrome 79.0.3945.130,1920x1080,1903x937,Pass,Information-Sheet,2,Yes,Pass,Pass,,,Mixed_JaneSet1_AustinS_JaneSH_JaneTest1,,,,,,LeftMale_LeftSign,,,consent,Yes
3,1580938180762,05/02/2020 21:29:40,1580938179675,-6,05/02/2020 15:29:39,12769,5,questionnaire-t1fh,,3869482,5e178a7e8600ac000c3fe84e,1092317,,complete,,5e3b3364e4a925350fff500d,computer,Desktop or Laptop,Windows 10,Chrome 79.0.3945.130,1920x1080,1903x937,Pass,Information-Sheet,2,Yes,Pass,Pass,,,Mixed_JaneSet1_AustinS_JaneSH_JaneTest1,,,,,,LeftMale_LeftSign,,,consent-quantised,1
4,1580938180762,05/02/2020 21:29:40,1580938179676,-6,05/02/2020 15:29:39,12769,5,questionnaire-t1fh,,3869482,5e178a7e8600ac000c3fe84e,1092317,,complete,,5e3b3364e4a925350fff500d,computer,Desktop or Laptop,Windows 10,Chrome 79.0.3945.130,1920x1080,1903x937,Pass,Information-Sheet,2,Yes,Pass,Pass,,,Mixed_JaneSet1_AustinS_JaneSH_JaneTest1,,,,,,LeftMale_LeftSign,,,END QUESTIONNAIRE,83624
1,1580938113220,05/02/2020 21:28:33,1580938114454,-5,05/02/2020 16:28:34,12769,5,questionnaire-t1fh,,3869485,5db71aa75d4951000fbb2328,1092318,,complete,,5e3b329f3aba99347e9266b4,computer,Desktop or Laptop,Windows 10,Chrome 79.0.3945.130,1536x864,1536x722,Pass,Information-Sheet,2,Yes,Fail,Pass,Pass,,Mixed_JaneSet1_AustinSH_JaneS_JaneTest1,,,,,,,,LeftMale_LeftSign,BEGIN QUESTIONNAIRE,
2,1580938132253,05/02/2020 21:28:52,1580938133507,-5,05/02/2020 16:28:53,12769,5,questionnaire-t1fh,,3869485,5db71aa75d4951000fbb2328,1092318,,complete,,5e3b329f3aba99347e9266b4,computer,Desktop or Laptop,Windows 10,Chrome 79.0.3945.130,1536x864,1519x722,Pass,Information-Sheet,2,Yes,Fail,Pass,Pass,,Mixed_JaneSet1_AustinSH_JaneS_JaneTest1,,,,,,,,LeftMale_LeftSign,consent,Yes
3,1580938132410,05/02/2020 21:28:52,1580938133509,-5,05/02/2020 16:28:53,12769,5,questionnaire-t1fh,,3869485,5db71aa75d4951000fbb2328,1092318,,complete,,5e3b329f3aba99347e9266b4,computer,Desktop or Laptop,Windows 10,Chrome 79.0.3945.130,1536x864,1519x722,Pass,Information-Sheet,2,Yes,Fail,Pass,Pass,,Mixed_JaneSet1_AustinSH_JaneS_JaneTest1,,,,,,,,LeftMale_LeftSign,consent-quantised,1
4,1580938132410,05/02/2020 21:28:52,1580938133509,-5,05/02/2020 16:28:53,12769,5,questionnaire-t1fh,,3869485,5db71aa75d4951000fbb2328,1092318,,complete,,5e3b329f3aba99347e9266b4,computer,Desktop or Laptop,Windows 10,Chrome 79.0.3945.130,1536x864,1519x722,Pass,Information-Sheet,2,Yes,Fail,Pass,Pass,,Mixed_JaneSet1_AustinSH_JaneS_JaneTest1,,,,,,,,LeftMale_LeftSign,END QUESTIONNAIRE,19055
1,1580938175969,05/02/2020 21:29:35,1580938179207,-6,05/02/2020 15:29:39,12769,5,questionnaire-t1fh,,3869505,59ace492321f870001d16fcb,1092328,,complete,,5e3b33b30014e2353380caaf,computer,Desktop or Laptop,Windows 7,Chrome 79.0.3945.130,1920x1080,1271x848,Pass,Information-Sheet,2,Yes,Pass,Pass,,,Mixed_AustinSet1_AustinSH_JaneS_JaneTest1,,,,,,,LeftMale_LeftSign,,BEGIN QUESTIONNAIRE,
2,1580938195129,05/02/2020 21:29:55,1580938198340,-6,05/02/2020 15:29:58,12769,5,questionnaire-t1fh,,3869505,59ace492321f870001d16fcb,1092328,,complete,,5e3b33b30014e2353380caaf,computer,Desktop or Laptop,Windows 7,Chrome 79.0.3945.130,1920x1080,1254x848,Pass,Information-Sheet,2,Yes,Pass,Pass,,,Mixed_AustinSet1_AustinSH_JaneS_JaneTest1,,,,,,,LeftMale_LeftSign,,consent,Yes
3,1580938195254,05/02/2020 21:29:55,1580938198341,-6,05/02/2020 15:29:58,12769,5,questionnaire-t1fh,,3869505,59ace492321f870001d16fcb,1092328,,complete,,5e3b33b30014e2353380caaf,computer,Desktop or Laptop,Windows 7,Chrome 79.0.3945.130,1920x1080,1254x848,Pass,Information-Sheet,2,Yes,Pass,Pass,,,Mixed_AustinSet1_AustinSH_JaneS_JaneTest1,,,,,,,LeftMale_LeftSign,,consent-quantised,1
4,1580938195254,05/02/2020 21:29:55,1580938198341,-6,05/02/2020 15:29:58,12769,5,questionnaire-t1fh,,3869505,59ace492321f870001d16fcb,1092328,,complete,,5e3b33b30014e2353380caaf,computer,Desktop or Laptop,Windows 7,Chrome 79.0.3945.130,1920x1080,1254x848,Pass,Information-Sheet,2,Yes,Pass,Pass,,,Mixed_AustinSet1_AustinSH_JaneS_JaneTest1,,,,,,,LeftMale_LeftSign,,END QUESTIONNAIRE,19134
1,1580938233729,05/02/2020 21:30:33,1580938239798,-8,05/02/2020 13:30:39,12769,5,questionnaire-t1fh,,3869519,5e0583957dd477fb29fae7dd,1092331,,complete,,5e3b33d2bf69e134a1af8ac8,computer,Desktop or Laptop,Windows 10,Chrome 79.0.3945.130,1280x720,1280x578,Pass,Information-Sheet,2,Yes,Pass,Pass,,,Mixed_AustinSet1_AustinSH_JaneS_AustinTest1,,,LeftFemale_LeftShine,,,,,,BEGIN QUESTIONNAIRE,
2,1580938241093,05/02/2020 21:30:41,1580938247224,-8,05/02/2020 13:30:47,12769,5,questionnaire-t1fh,,3869519,5e0583957dd477fb29fae7dd,1092331,,complete,,5e3b33d2bf69e134a1af8ac8,computer,Desktop or Laptop,Windows 10,Chrome 79.0.3945.130,1280x720,1263x578,Pass,Information-Sheet,2,Yes,Pass,Pass,,,Mixed_AustinSet1_AustinSH_JaneS_AustinTest1,,,LeftFemale_LeftShine,,,,,,consent,Yes
3,1580938241314,05/02/2020 21:30:41,1580938247230,-8,05/02/2020 13:30:47,12769,5,questionnaire-t1fh,,3869519,5e0583957dd477fb29fae7dd,1092331,,complete,,5e3b33d2bf69e134a1af8ac8,computer,Desktop or Laptop,Windows 10,Chrome 79.0.3945.130,1280x720,1263x578,Pass,Information-Sheet,2,Yes,Pass,Pass,,,Mixed_AustinSet1_AustinSH_JaneS_AustinTest1,,,LeftFemale_LeftShine,,,,,,consent-quantised,1
4,1580938241314,05/02/2020 21:30:41,1580938247231,-8,05/02/2020 13:30:47,12769,5,questionnaire-t1fh,,3869519,5e0583957dd477fb29fae7dd,1092331,,complete,,5e3b33d2bf69e134a1af8ac8,computer,Desktop or Laptop,Windows 10,Chrome 79.0.3945.130,1280x720,1263x578,Pass,Information-Sheet,2,Yes,Pass,Pass,,,Mixed_AustinSet1_AustinSH_JaneS_AustinTest1,,,LeftFemale_LeftShine,,,,,,END QUESTIONNAIRE,7433
1,1580938539614,05/02/2020 21:35:39,1580938562955,-6,05/02/2020 15:36:02,12769,5,questionnaire-t1fh,,3869563,5dcb527b4fbc3e83034f3606,1092342,,complete,,5e3b351f9d5f1e34cb2f0907,computer,Desktop or Laptop,Windows 10,Chrome 79.0.3945.130,1366x768,1366x625,Pass,Information-Sheet,2,Yes,Fail,Pass,Pass,,Mixed_JaneSet1_AustinS_JaneSH_AustinTest1,,LeftFemale_LeftShine,,,,,,,BEGIN QUESTIONNAIRE,
2,1580938549536,05/02/2020 21:35:49,1580938572459,-6,05/02/2020 15:36:12,12769,5,questionnaire-t1fh,,3869563,5dcb527b4fbc3e83034f3606,1092342,,complete,,5e3b351f9d5f1e34cb2f0907,computer,Desktop or Laptop,Windows 10,Chrome 79.0.3945.130,1366x768,1349x625,Pass,Information-Sheet,2,Yes,Fail,Pass,Pass,,Mixed_JaneSet1_AustinS_JaneSH_AustinTest1,,LeftFemale_LeftShine,,,,,,,consent,Yes
3,1580938549708,05/02/2020 21:35:49,1580938572462,-6,05/02/2020 15:36:12,12769,5,questionnaire-t1fh,,3869563,5dcb527b4fbc3e83034f3606,1092342,,complete,,5e3b351f9d5f1e34cb2f0907,computer,Desktop or Laptop,Windows 10,Chrome 79.0.3945.130,1366x768,1349x625,Pass,Information-Sheet,2,Yes,Fail,Pass,Pass,,Mixed_JaneSet1_AustinS_JaneSH_AustinTest1,,LeftFemale_LeftShine,,,,,,,consent-quantised,1
4,1580938549708,05/02/2020 21:35:49,1580938572463,-6,05/02/2020 15:36:12,12769,5,questionnaire-t1fh,,3869563,5dcb527b4fbc3e83034f3606,1092342,,complete,,5e3b351f9d5f1e34cb2f0907,computer,Desktop or Laptop,Windows 10,Chrome 79.0.3945.130,1366x768,1349x625,Pass,Information-Sheet,2,Yes,Fail,Pass,Pass,,Mixed_JaneSet1_AustinS_JaneSH_AustinTest1,,LeftFemale_LeftShine,,,,,,,END QUESTIONNAIRE,9508
1,1580943660562,05/02/2020 23:01:00,1580943660114,-5,05/02/2020 18:01:00,12769,5,questionnaire-t1fh,,3870706,5e0840192b12bd16b02895cd,1092574,,complete,,5e3b4916bf69e13619bc0ffa,computer,Desktop or Laptop,Windows 10,Firefox 72.0,1536x864,1536x750,Pass,Information-Sheet,2,Yes,Pass,Pass,,,Mixed_JaneSet1_AustinS_JaneSH_AustinTest1,,LeftFemale_LeftShine,,,,,,,BEGIN QUESTIONNAIRE,
2,1580943674610,05/02/2020 23:01:14,1580943674200,-5,05/02/2020 18:01:14,12769,5,questionnaire-t1fh,,3870706,5e0840192b12bd16b02895cd,1092574,,complete,,5e3b4916bf69e13619bc0ffa,computer,Desktop or Laptop,Windows 10,Firefox 72.0,1536x864,1519x750,Pass,Information-Sheet,2,Yes,Pass,Pass,,,Mixed_JaneSet1_AustinS_JaneSH_AustinTest1,,LeftFemale_LeftShine,,,,,,,consent,Yes
3,1580943674736,05/02/2020 23:01:14,1580943674203,-5,05/02/2020 18:01:14,12769,5,questionnaire-t1fh,,3870706,5e0840192b12bd16b02895cd,1092574,,complete,,5e3b4916bf69e13619bc0ffa,computer,Desktop or Laptop,Windows 10,Firefox 72.0,1536x864,1519x750,Pass,Information-Sheet,2,Yes,Pass,Pass,,,Mixed_JaneSet1_AustinS_JaneSH_AustinTest1,,LeftFemale_LeftShine,,,,,,,consent-quantised,1
4,1580943674736,05/02/2020 23:01:14,1580943674203,-5,05/02/2020 18:01:14,12769,5,questionnaire-t1fh,,3870706,5e0840192b12bd16b02895cd,1092574,,complete,,5e3b4916bf69e13619bc0ffa,computer,Desktop or Laptop,Windows 10,Firefox 72.0,1536x864,1519x750,Pass,Information-Sheet,2,Yes,Pass,Pass,,,Mixed_JaneSet1_AustinS_JaneSH_AustinTest1,,LeftFemale_LeftShine,,,,,,,END QUESTIONNAIRE,14090
END OF FILE
