﻿Event Index,UTC Timestamp,UTC Date,Local Timestamp,Local Timezone,Local Date,Experiment ID,Experiment Version,Tree Node Key,Repeat Key,Schedule ID,Participant Public ID,Participant Private ID,Participant Starting Group,Participant Status,Participant Completion Code,Participant External Session ID,Participant Device Type,Participant Device,Participant OS,Participant Browser,Participant Monitor Size,Participant Viewport Size,Checkpoint,Task Name,Task Version,branch-9edj,branch-ee59,checkpoint-7g4v,branch-52fz,checkpoint-irp3,randomiser-czzd,randomiser-hvq1,randomiser-7do6,randomiser-o6lu,randomiser-b834,randomiser-gfgd,randomiser-ml5o,randomiser-mulp,randomiser-didj,Question Key,Response
1,1581092380898,07/02/2020 16:19:40,1581092380667,-6,07/02/2020 10:19:40,12769,6,questionnaire-d7os,,3889642,5dd6eec3dcec8768a0c1f881,1098170,,complete,,5e3d8db55d101e0265878486,computer,Desktop or Laptop,Mac OS 10.15.3,Chrome 79.0.3945.130,1440x900,1440x713,Pass,Demographics,1,Yes,Pass,Pass,,,Mixed_JaneSet1_AustinS_JaneSH_JaneTest1,,,,,,LeftFemale_LeftShine,,,BEGIN QUESTIONNAIRE,
2,1581092399181,07/02/2020 16:19:59,1581092398605,-6,07/02/2020 10:19:58,12769,6,questionnaire-d7os,,3889642,5dd6eec3dcec8768a0c1f881,1098170,,complete,,5e3d8db55d101e0265878486,computer,Desktop or Laptop,Mac OS 10.15.3,Chrome 79.0.3945.130,1440x900,1440x713,Pass,Demographics,1,Yes,Pass,Pass,,,Mixed_JaneSet1_AustinS_JaneSH_JaneTest1,,,,,,LeftFemale_LeftShine,,,response-accent-4,Pacific northwest
3,1581092399430,07/02/2020 16:19:59,1581092398607,-6,07/02/2020 10:19:58,12769,6,questionnaire-d7os,,3889642,5dd6eec3dcec8768a0c1f881,1098170,,complete,,5e3d8db55d101e0265878486,computer,Desktop or Laptop,Mac OS 10.15.3,Chrome 79.0.3945.130,1440x900,1440x713,Pass,Demographics,1,Yes,Pass,Pass,,,Mixed_JaneSet1_AustinS_JaneSH_JaneTest1,,,,,,LeftFemale_LeftShine,,,response-accent-text,
4,1581092399430,07/02/2020 16:19:59,1581092398607,-6,07/02/2020 10:19:58,12769,6,questionnaire-d7os,,3889642,5dd6eec3dcec8768a0c1f881,1098170,,complete,,5e3d8db55d101e0265878486,computer,Desktop or Laptop,Mac OS 10.15.3,Chrome 79.0.3945.130,1440x900,1440x713,Pass,Demographics,1,Yes,Pass,Pass,,,Mixed_JaneSet1_AustinS_JaneSH_JaneTest1,,,,,,LeftFemale_LeftShine,,,response-sex-1,Female
5,1581092399430,07/02/2020 16:19:59,1581092398607,-6,07/02/2020 10:19:58,12769,6,questionnaire-d7os,,3889642,5dd6eec3dcec8768a0c1f881,1098170,,complete,,5e3d8db55d101e0265878486,computer,Desktop or Laptop,Mac OS 10.15.3,Chrome 79.0.3945.130,1440x900,1440x713,Pass,Demographics,1,Yes,Pass,Pass,,,Mixed_JaneSet1_AustinS_JaneSH_JaneTest1,,,,,,LeftFemale_LeftShine,,,response-ethnicity-2,Not Hispanic or Latino
6,1581092399430,07/02/2020 16:19:59,1581092398607,-6,07/02/2020 10:19:58,12769,6,questionnaire-d7os,,3889642,5dd6eec3dcec8768a0c1f881,1098170,,complete,,5e3d8db55d101e0265878486,computer,Desktop or Laptop,Mac OS 10.15.3,Chrome 79.0.3945.130,1440x900,1440x713,Pass,Demographics,1,Yes,Pass,Pass,,,Mixed_JaneSet1_AustinS_JaneSH_JaneTest1,,,,,,LeftFemale_LeftShine,,,response-race-5,White
7,1581092399430,07/02/2020 16:19:59,1581092398607,-6,07/02/2020 10:19:58,12769,6,questionnaire-d7os,,3889642,5dd6eec3dcec8768a0c1f881,1098170,,complete,,5e3d8db55d101e0265878486,computer,Desktop or Laptop,Mac OS 10.15.3,Chrome 79.0.3945.130,1440x900,1440x713,Pass,Demographics,1,Yes,Pass,Pass,,,Mixed_JaneSet1_AustinS_JaneSH_JaneTest1,,,,,,LeftFemale_LeftShine,,,END QUESTIONNAIRE,17940
1,1581092416024,07/02/2020 16:20:16,1581092415325,-5,07/02/2020 11:20:15,12769,6,questionnaire-d7os,,3889661,5d88dcb723dfcc00151fd043,1098189,,complete,,5e3d8dd9d3b5a20442445ecc,computer,Desktop or Laptop,Mac OS 10.11.6,Chrome 79.0.3945.130,1920x1200,1846x1012,Pass,Demographics,1,Yes,Pass,Pass,,,Mixed_AustinSet1_AustinS_JaneSH_AustinTest1,LeftFemale_LeftSign,,,,,,,,BEGIN QUESTIONNAIRE,
2,1581092436820,07/02/2020 16:20:36,1581092436078,-5,07/02/2020 11:20:36,12769,6,questionnaire-d7os,,3889661,5d88dcb723dfcc00151fd043,1098189,,complete,,5e3d8dd9d3b5a20442445ecc,computer,Desktop or Laptop,Mac OS 10.11.6,Chrome 79.0.3945.130,1920x1200,1846x1012,Pass,Demographics,1,Yes,Pass,Pass,,,Mixed_AustinSet1_AustinS_JaneSH_AustinTest1,LeftFemale_LeftSign,,,,,,,,response-accent-2,Southern
3,1581092436992,07/02/2020 16:20:36,1581092436084,-5,07/02/2020 11:20:36,12769,6,questionnaire-d7os,,3889661,5d88dcb723dfcc00151fd043,1098189,,complete,,5e3d8dd9d3b5a20442445ecc,computer,Desktop or Laptop,Mac OS 10.11.6,Chrome 79.0.3945.130,1920x1200,1846x1012,Pass,Demographics,1,Yes,Pass,Pass,,,Mixed_AustinSet1_AustinS_JaneSH_AustinTest1,LeftFemale_LeftSign,,,,,,,,response-accent-text,
4,1581092436992,07/02/2020 16:20:36,1581092436084,-5,07/02/2020 11:20:36,12769,6,questionnaire-d7os,,3889661,5d88dcb723dfcc00151fd043,1098189,,complete,,5e3d8dd9d3b5a20442445ecc,computer,Desktop or Laptop,Mac OS 10.11.6,Chrome 79.0.3945.130,1920x1200,1846x1012,Pass,Demographics,1,Yes,Pass,Pass,,,Mixed_AustinSet1_AustinS_JaneSH_AustinTest1,LeftFemale_LeftSign,,,,,,,,response-sex-1,Female
5,1581092436992,07/02/2020 16:20:36,1581092436087,-5,07/02/2020 11:20:36,12769,6,questionnaire-d7os,,3889661,5d88dcb723dfcc00151fd043,1098189,,complete,,5e3d8dd9d3b5a20442445ecc,computer,Desktop or Laptop,Mac OS 10.11.6,Chrome 79.0.3945.130,1920x1200,1846x1012,Pass,Demographics,1,Yes,Pass,Pass,,,Mixed_AustinSet1_AustinS_JaneSH_AustinTest1,LeftFemale_LeftSign,,,,,,,,response-ethnicity-2,Not Hispanic or Latino
6,1581092436992,07/02/2020 16:20:36,1581092436088,-5,07/02/2020 11:20:36,12769,6,questionnaire-d7os,,3889661,5d88dcb723dfcc00151fd043,1098189,,complete,,5e3d8dd9d3b5a20442445ecc,computer,Desktop or Laptop,Mac OS 10.11.6,Chrome 79.0.3945.130,1920x1200,1846x1012,Pass,Demographics,1,Yes,Pass,Pass,,,Mixed_AustinSet1_AustinS_JaneSH_AustinTest1,LeftFemale_LeftSign,,,,,,,,response-race-5,White
7,1581092436992,07/02/2020 16:20:36,1581092436088,-5,07/02/2020 11:20:36,12769,6,questionnaire-d7os,,3889661,5d88dcb723dfcc00151fd043,1098189,,complete,,5e3d8dd9d3b5a20442445ecc,computer,Desktop or Laptop,Mac OS 10.11.6,Chrome 79.0.3945.130,1920x1200,1846x1012,Pass,Demographics,1,Yes,Pass,Pass,,,Mixed_AustinSet1_AustinS_JaneSH_AustinTest1,LeftFemale_LeftSign,,,,,,,,END QUESTIONNAIRE,20764
1,1581092441367,07/02/2020 16:20:41,1581092434244,-5,07/02/2020 11:20:34,12769,6,questionnaire-d7os,,3889676,55bfa394fdf99b38606a5176,1098190,,complete,,5e3d8ddba70238049c11d463,computer,Desktop or Laptop,Windows 7,Chrome 80.0.3987.87,1366x768,1366x657,Pass,Demographics,1,Yes,Pass,Pass,,,Mixed_AustinSet1_AustinS_JaneSH_AustinTest1,LeftMale_LeftShine,,,,,,,,BEGIN QUESTIONNAIRE,
2,1581092466043,07/02/2020 16:21:06,1581092458904,-5,07/02/2020 11:20:58,12769,6,questionnaire-d7os,,3889676,55bfa394fdf99b38606a5176,1098190,,complete,,5e3d8ddba70238049c11d463,computer,Desktop or Laptop,Windows 7,Chrome 80.0.3987.87,1366x768,1349x657,Pass,Demographics,1,Yes,Pass,Pass,,,Mixed_AustinSet1_AustinS_JaneSH_AustinTest1,LeftMale_LeftShine,,,,,,,,response-accent-1,New England
3,1581092466731,07/02/2020 16:21:06,1581092458910,-5,07/02/2020 11:20:58,12769,6,questionnaire-d7os,,3889676,55bfa394fdf99b38606a5176,1098190,,complete,,5e3d8ddba70238049c11d463,computer,Desktop or Laptop,Windows 7,Chrome 80.0.3987.87,1366x768,1349x657,Pass,Demographics,1,Yes,Pass,Pass,,,Mixed_AustinSet1_AustinS_JaneSH_AustinTest1,LeftMale_LeftShine,,,,,,,,response-accent-text,
4,1581092466731,07/02/2020 16:21:06,1581092458911,-5,07/02/2020 11:20:58,12769,6,questionnaire-d7os,,3889676,55bfa394fdf99b38606a5176,1098190,,complete,,5e3d8ddba70238049c11d463,computer,Desktop or Laptop,Windows 7,Chrome 80.0.3987.87,1366x768,1349x657,Pass,Demographics,1,Yes,Pass,Pass,,,Mixed_AustinSet1_AustinS_JaneSH_AustinTest1,LeftMale_LeftShine,,,,,,,,response-sex-1,Female
5,1581092466731,07/02/2020 16:21:06,1581092458912,-5,07/02/2020 11:20:58,12769,6,questionnaire-d7os,,3889676,55bfa394fdf99b38606a5176,1098190,,complete,,5e3d8ddba70238049c11d463,computer,Desktop or Laptop,Windows 7,Chrome 80.0.3987.87,1366x768,1349x657,Pass,Demographics,1,Yes,Pass,Pass,,,Mixed_AustinSet1_AustinS_JaneSH_AustinTest1,LeftMale_LeftShine,,,,,,,,response-ethnicity-2,Not Hispanic or Latino
6,1581092466731,07/02/2020 16:21:06,1581092458913,-5,07/02/2020 11:20:58,12769,6,questionnaire-d7os,,3889676,55bfa394fdf99b38606a5176,1098190,,complete,,5e3d8ddba70238049c11d463,computer,Desktop or Laptop,Windows 7,Chrome 80.0.3987.87,1366x768,1349x657,Pass,Demographics,1,Yes,Pass,Pass,,,Mixed_AustinSet1_AustinS_JaneSH_AustinTest1,LeftMale_LeftShine,,,,,,,,response-race-5,White
7,1581092466731,07/02/2020 16:21:06,1581092458915,-5,07/02/2020 11:20:58,12769,6,questionnaire-d7os,,3889676,55bfa394fdf99b38606a5176,1098190,,complete,,5e3d8ddba70238049c11d463,computer,Desktop or Laptop,Windows 7,Chrome 80.0.3987.87,1366x768,1349x657,Pass,Demographics,1,Yes,Pass,Pass,,,Mixed_AustinSet1_AustinS_JaneSH_AustinTest1,LeftMale_LeftShine,,,,,,,,END QUESTIONNAIRE,24672
1,1581092513339,07/02/2020 16:21:53,1581092513001,-5,07/02/2020 11:21:53,12769,6,questionnaire-d7os,,3889697,5e0d6dee4f40fb4f60fc0494,1098195,,complete,,5e3d8dcd3586aa03db48a3ff,computer,Desktop or Laptop,Windows 10,Chrome 79.0.3945.130,1600x900,1600x789,Pass,Demographics,1,Yes,Pass,Pass,,,Mixed_JaneSet1_AustinSH_JaneS_AustinTest1,,,,LeftMale_LeftSign,,,,,BEGIN QUESTIONNAIRE,
2,1581092528433,07/02/2020 16:22:08,1581092528260,-5,07/02/2020 11:22:08,12769,6,questionnaire-d7os,,3889697,5e0d6dee4f40fb4f60fc0494,1098195,,complete,,5e3d8dcd3586aa03db48a3ff,computer,Desktop or Laptop,Windows 10,Chrome 79.0.3945.130,1600x900,1583x789,Pass,Demographics,1,Yes,Pass,Pass,,,Mixed_JaneSet1_AustinSH_JaneS_AustinTest1,,,,LeftMale_LeftSign,,,,,response-accent-7,Do not know
3,1581092529481,07/02/2020 16:22:09,1581092528263,-5,07/02/2020 11:22:08,12769,6,questionnaire-d7os,,3889697,5e0d6dee4f40fb4f60fc0494,1098195,,complete,,5e3d8dcd3586aa03db48a3ff,computer,Desktop or Laptop,Windows 10,Chrome 79.0.3945.130,1600x900,1583x789,Pass,Demographics,1,Yes,Pass,Pass,,,Mixed_JaneSet1_AustinSH_JaneS_AustinTest1,,,,LeftMale_LeftSign,,,,,response-accent-text,
4,1581092529481,07/02/2020 16:22:09,1581092528263,-5,07/02/2020 11:22:08,12769,6,questionnaire-d7os,,3889697,5e0d6dee4f40fb4f60fc0494,1098195,,complete,,5e3d8dcd3586aa03db48a3ff,computer,Desktop or Laptop,Windows 10,Chrome 79.0.3945.130,1600x900,1583x789,Pass,Demographics,1,Yes,Pass,Pass,,,Mixed_JaneSet1_AustinSH_JaneS_AustinTest1,,,,LeftMale_LeftSign,,,,,response-sex-1,Female
5,1581092529481,07/02/2020 16:22:09,1581092528263,-5,07/02/2020 11:22:08,12769,6,questionnaire-d7os,,3889697,5e0d6dee4f40fb4f60fc0494,1098195,,complete,,5e3d8dcd3586aa03db48a3ff,computer,Desktop or Laptop,Windows 10,Chrome 79.0.3945.130,1600x900,1583x789,Pass,Demographics,1,Yes,Pass,Pass,,,Mixed_JaneSet1_AustinSH_JaneS_AustinTest1,,,,LeftMale_LeftSign,,,,,response-ethnicity-2,Not Hispanic or Latino
6,1581092529481,07/02/2020 16:22:09,1581092528264,-5,07/02/2020 11:22:08,12769,6,questionnaire-d7os,,3889697,5e0d6dee4f40fb4f60fc0494,1098195,,complete,,5e3d8dcd3586aa03db48a3ff,computer,Desktop or Laptop,Windows 10,Chrome 79.0.3945.130,1600x900,1583x789,Pass,Demographics,1,Yes,Pass,Pass,,,Mixed_JaneSet1_AustinSH_JaneS_AustinTest1,,,,LeftMale_LeftSign,,,,,response-race-4,Black or African American
7,1581092529481,07/02/2020 16:22:09,1581092528264,-5,07/02/2020 11:22:08,12769,6,questionnaire-d7os,,3889697,5e0d6dee4f40fb4f60fc0494,1098195,,complete,,5e3d8dcd3586aa03db48a3ff,computer,Desktop or Laptop,Windows 10,Chrome 79.0.3945.130,1600x900,1583x789,Pass,Demographics,1,Yes,Pass,Pass,,,Mixed_JaneSet1_AustinSH_JaneS_AustinTest1,,,,LeftMale_LeftSign,,,,,END QUESTIONNAIRE,15263
1,1581092544371,07/02/2020 16:22:24,1581092544243,-5,07/02/2020 11:22:24,12769,6,questionnaire-d7os,,3889707,5e2534721c55ad7943337a48,1098206,,complete,,5e3d8e88cf4345044a24e438,computer,Desktop or Laptop,Mac OS 10.15,Firefox 72.0,1440x900,1163x698,Pass,Demographics,1,Yes,Pass,Pass,,,Mixed_AustinSet1_AustinS_JaneSH_JaneTest1,,,,,LeftMale_LeftShine,,,,BEGIN QUESTIONNAIRE,
2,1581092551449,07/02/2020 16:22:31,1581092551280,-5,07/02/2020 11:22:31,12769,6,questionnaire-d7os,,3889707,5e2534721c55ad7943337a48,1098206,,complete,,5e3d8e88cf4345044a24e438,computer,Desktop or Laptop,Mac OS 10.15,Firefox 72.0,1440x900,1148x698,Pass,Demographics,1,Yes,Pass,Pass,,,Mixed_AustinSet1_AustinS_JaneSH_JaneTest1,,,,,LeftMale_LeftShine,,,,response-accent-1,New England
3,1581092551638,07/02/2020 16:22:31,1581092551282,-5,07/02/2020 11:22:31,12769,6,questionnaire-d7os,,3889707,5e2534721c55ad7943337a48,1098206,,complete,,5e3d8e88cf4345044a24e438,computer,Desktop or Laptop,Mac OS 10.15,Firefox 72.0,1440x900,1148x698,Pass,Demographics,1,Yes,Pass,Pass,,,Mixed_AustinSet1_AustinS_JaneSH_JaneTest1,,,,,LeftMale_LeftShine,,,,response-accent-text,
4,1581092551638,07/02/2020 16:22:31,1581092551282,-5,07/02/2020 11:22:31,12769,6,questionnaire-d7os,,3889707,5e2534721c55ad7943337a48,1098206,,complete,,5e3d8e88cf4345044a24e438,computer,Desktop or Laptop,Mac OS 10.15,Firefox 72.0,1440x900,1148x698,Pass,Demographics,1,Yes,Pass,Pass,,,Mixed_AustinSet1_AustinS_JaneSH_JaneTest1,,,,,LeftMale_LeftShine,,,,response-sex-1,Female
5,1581092551638,07/02/2020 16:22:31,1581092551283,-5,07/02/2020 11:22:31,12769,6,questionnaire-d7os,,3889707,5e2534721c55ad7943337a48,1098206,,complete,,5e3d8e88cf4345044a24e438,computer,Desktop or Laptop,Mac OS 10.15,Firefox 72.0,1440x900,1148x698,Pass,Demographics,1,Yes,Pass,Pass,,,Mixed_AustinSet1_AustinS_JaneSH_JaneTest1,,,,,LeftMale_LeftShine,,,,response-ethnicity-2,Not Hispanic or Latino
6,1581092551638,07/02/2020 16:22:31,1581092551283,-5,07/02/2020 11:22:31,12769,6,questionnaire-d7os,,3889707,5e2534721c55ad7943337a48,1098206,,complete,,5e3d8e88cf4345044a24e438,computer,Desktop or Laptop,Mac OS 10.15,Firefox 72.0,1440x900,1148x698,Pass,Demographics,1,Yes,Pass,Pass,,,Mixed_AustinSet1_AustinS_JaneSH_JaneTest1,,,,,LeftMale_LeftShine,,,,response-race-5,White
7,1581092551638,07/02/2020 16:22:31,1581092551283,-5,07/02/2020 11:22:31,12769,6,questionnaire-d7os,,3889707,5e2534721c55ad7943337a48,1098206,,complete,,5e3d8e88cf4345044a24e438,computer,Desktop or Laptop,Mac OS 10.15,Firefox 72.0,1440x900,1148x698,Pass,Demographics,1,Yes,Pass,Pass,,,Mixed_AustinSet1_AustinS_JaneSH_JaneTest1,,,,,LeftMale_LeftShine,,,,END QUESTIONNAIRE,7040
1,1581094795732,07/02/2020 16:59:55,1581094795563,-6,07/02/2020 10:59:55,12769,6,questionnaire-d7os,,3890015,5c0023fb2213be0001c2cdde,1098397,,complete,,5e3d924d7433ab000b532754,computer,Desktop or Laptop,Mac OS 10.15.3,Chrome 79.0.3945.130,2560x1440,1774x1039,Pass,Demographics,1,Yes,Pass,Pass,,,Mixed_AustinSet1_AustinSH_JaneS_JaneTest1,,,,,,,LeftFemale_LeftSign,,BEGIN QUESTIONNAIRE,
2,1581094821181,07/02/2020 17:00:21,1581094821077,-6,07/02/2020 11:00:21,12769,6,questionnaire-d7os,,3890015,5c0023fb2213be0001c2cdde,1098397,,complete,,5e3d924d7433ab000b532754,computer,Desktop or Laptop,Mac OS 10.15.3,Chrome 79.0.3945.130,2560x1440,1774x1039,Pass,Demographics,1,Yes,Pass,Pass,,,Mixed_AustinSet1_AustinSH_JaneS_JaneTest1,,,,,,,LeftFemale_LeftSign,,response-accent-3,Midwestern
3,1581094821353,07/02/2020 17:00:21,1581094821079,-6,07/02/2020 11:00:21,12769,6,questionnaire-d7os,,3890015,5c0023fb2213be0001c2cdde,1098397,,complete,,5e3d924d7433ab000b532754,computer,Desktop or Laptop,Mac OS 10.15.3,Chrome 79.0.3945.130,2560x1440,1774x1039,Pass,Demographics,1,Yes,Pass,Pass,,,Mixed_AustinSet1_AustinSH_JaneS_JaneTest1,,,,,,,LeftFemale_LeftSign,,response-accent-text,
4,1581094821353,07/02/2020 17:00:21,1581094821079,-6,07/02/2020 11:00:21,12769,6,questionnaire-d7os,,3890015,5c0023fb2213be0001c2cdde,1098397,,complete,,5e3d924d7433ab000b532754,computer,Desktop or Laptop,Mac OS 10.15.3,Chrome 79.0.3945.130,2560x1440,1774x1039,Pass,Demographics,1,Yes,Pass,Pass,,,Mixed_AustinSet1_AustinSH_JaneS_JaneTest1,,,,,,,LeftFemale_LeftSign,,response-sex-1,Female
5,1581094821353,07/02/2020 17:00:21,1581094821079,-6,07/02/2020 11:00:21,12769,6,questionnaire-d7os,,3890015,5c0023fb2213be0001c2cdde,1098397,,complete,,5e3d924d7433ab000b532754,computer,Desktop or Laptop,Mac OS 10.15.3,Chrome 79.0.3945.130,2560x1440,1774x1039,Pass,Demographics,1,Yes,Pass,Pass,,,Mixed_AustinSet1_AustinSH_JaneS_JaneTest1,,,,,,,LeftFemale_LeftSign,,response-ethnicity-2,Not Hispanic or Latino
6,1581094821353,07/02/2020 17:00:21,1581094821079,-6,07/02/2020 11:00:21,12769,6,questionnaire-d7os,,3890015,5c0023fb2213be0001c2cdde,1098397,,complete,,5e3d924d7433ab000b532754,computer,Desktop or Laptop,Mac OS 10.15.3,Chrome 79.0.3945.130,2560x1440,1774x1039,Pass,Demographics,1,Yes,Pass,Pass,,,Mixed_AustinSet1_AustinSH_JaneS_JaneTest1,,,,,,,LeftFemale_LeftSign,,response-race-5,White
7,1581094821353,07/02/2020 17:00:21,1581094821079,-6,07/02/2020 11:00:21,12769,6,questionnaire-d7os,,3890015,5c0023fb2213be0001c2cdde,1098397,,complete,,5e3d924d7433ab000b532754,computer,Desktop or Laptop,Mac OS 10.15.3,Chrome 79.0.3945.130,2560x1440,1774x1039,Pass,Demographics,1,Yes,Pass,Pass,,,Mixed_AustinSet1_AustinSH_JaneS_JaneTest1,,,,,,,LeftFemale_LeftSign,,END QUESTIONNAIRE,25516
1,1581095334423,07/02/2020 17:08:54,1581095340540,6,07/02/2020 23:09:00,12769,6,questionnaire-d7os,,3890091,5dc7248de4f0ff518d0cfe90,1098418,,complete,,5e3d8f68cae2ad03f5562a83,computer,Desktop or Laptop,Windows 7,Firefox 72.0,1366x768,1366x632,Pass,Demographics,1,Yes,Pass,Pass,,,Mixed_JaneSet1_AustinS_JaneSH_JaneTest1,,,,,,LeftFemale_LeftShine,,,BEGIN QUESTIONNAIRE,
2,1581096022310,07/02/2020 17:20:22,1581096026529,6,07/02/2020 23:20:26,12769,6,questionnaire-d7os,,3890091,5dc7248de4f0ff518d0cfe90,1098418,,complete,,5e3d8f68cae2ad03f5562a83,computer,Desktop or Laptop,Windows 7,Firefox 72.0,1366x768,1349x632,Pass,Demographics,1,Yes,Pass,Pass,,,Mixed_JaneSet1_AustinS_JaneSH_JaneTest1,,,,,,LeftFemale_LeftShine,,,response-accent-5,Pacific southwest
3,1581096036682,07/02/2020 17:20:36,1581096026537,6,07/02/2020 23:20:26,12769,6,questionnaire-d7os,,3890091,5dc7248de4f0ff518d0cfe90,1098418,,complete,,5e3d8f68cae2ad03f5562a83,computer,Desktop or Laptop,Windows 7,Firefox 72.0,1366x768,1349x632,Pass,Demographics,1,Yes,Pass,Pass,,,Mixed_JaneSet1_AustinS_JaneSH_JaneTest1,,,,,,LeftFemale_LeftShine,,,response-accent-text,
4,1581096036682,07/02/2020 17:20:36,1581096026538,6,07/02/2020 23:20:26,12769,6,questionnaire-d7os,,3890091,5dc7248de4f0ff518d0cfe90,1098418,,complete,,5e3d8f68cae2ad03f5562a83,computer,Desktop or Laptop,Windows 7,Firefox 72.0,1366x768,1349x632,Pass,Demographics,1,Yes,Pass,Pass,,,Mixed_JaneSet1_AustinS_JaneSH_JaneTest1,,,,,,LeftFemale_LeftShine,,,response-sex-2,Male
5,1581096036682,07/02/2020 17:20:36,1581096026539,6,07/02/2020 23:20:26,12769,6,questionnaire-d7os,,3890091,5dc7248de4f0ff518d0cfe90,1098418,,complete,,5e3d8f68cae2ad03f5562a83,computer,Desktop or Laptop,Windows 7,Firefox 72.0,1366x768,1349x632,Pass,Demographics,1,Yes,Pass,Pass,,,Mixed_JaneSet1_AustinS_JaneSH_JaneTest1,,,,,,LeftFemale_LeftShine,,,response-ethnicity-2,Not Hispanic or Latino
6,1581096036682,07/02/2020 17:20:36,1581096026539,6,07/02/2020 23:20:26,12769,6,questionnaire-d7os,,3890091,5dc7248de4f0ff518d0cfe90,1098418,,complete,,5e3d8f68cae2ad03f5562a83,computer,Desktop or Laptop,Windows 7,Firefox 72.0,1366x768,1349x632,Pass,Demographics,1,Yes,Pass,Pass,,,Mixed_JaneSet1_AustinS_JaneSH_JaneTest1,,,,,,LeftFemale_LeftShine,,,response-race-5,White
7,1581096037041,07/02/2020 17:20:37,1581096026540,6,07/02/2020 23:20:26,12769,6,questionnaire-d7os,,3890091,5dc7248de4f0ff518d0cfe90,1098418,,complete,,5e3d8f68cae2ad03f5562a83,computer,Desktop or Laptop,Windows 7,Firefox 72.0,1366x768,1349x632,Pass,Demographics,1,Yes,Pass,Pass,,,Mixed_JaneSet1_AustinS_JaneSH_JaneTest1,,,,,,LeftFemale_LeftShine,,,END QUESTIONNAIRE,686000
END OF FILE
