﻿Event Index,UTC Timestamp,UTC Date,Local Timestamp,Local Timezone,Local Date,Experiment ID,Experiment Version,Tree Node Key,Repeat Key,Schedule ID,Participant Public ID,Participant Private ID,Participant Starting Group,Participant Status,Participant Completion Code,Participant External Session ID,Participant Device Type,Participant Device,Participant OS,Participant Browser,Participant Monitor Size,Participant Viewport Size,Checkpoint,Task Name,Task Version,branch-9edj,branch-ee59,checkpoint-7g4v,branch-52fz,checkpoint-irp3,randomiser-czzd,randomiser-hvq1,randomiser-7do6,randomiser-o6lu,randomiser-b834,randomiser-gfgd,randomiser-ml5o,randomiser-mulp,randomiser-didj,Question Key,Response
1,1581104027998,07/02/2020 19:33:47,1581104029784,-7,07/02/2020 12:33:49,12769,7,questionnaire-d7os,,3890615,5d4a36e8a61675000169036f,1098667,,complete,,5e3dbb208a44a303227b6d64,computer,Desktop or Laptop,Chromium OS 12607.81.0,Chrome 79.0.3945.119,1366x768,1366x609,Pass,Demographics,1,Yes,Pass,Pass,,,Mixed_AustinSet1_AustinSH_JaneS_AustinTest1,,,LeftFemale_LeftSign,,,,,,BEGIN QUESTIONNAIRE,
2,1581104039846,07/02/2020 19:33:59,1581104041699,-7,07/02/2020 12:34:01,12769,7,questionnaire-d7os,,3890615,5d4a36e8a61675000169036f,1098667,,complete,,5e3dbb208a44a303227b6d64,computer,Desktop or Laptop,Chromium OS 12607.81.0,Chrome 79.0.3945.119,1366x768,1366x609,Pass,Demographics,1,Yes,Pass,Pass,,,Mixed_AustinSet1_AustinSH_JaneS_AustinTest1,,,LeftFemale_LeftSign,,,,,,response-accent-4,Pacific northwest
3,1581104040048,07/02/2020 19:34:00,1581104041703,-7,07/02/2020 12:34:01,12769,7,questionnaire-d7os,,3890615,5d4a36e8a61675000169036f,1098667,,complete,,5e3dbb208a44a303227b6d64,computer,Desktop or Laptop,Chromium OS 12607.81.0,Chrome 79.0.3945.119,1366x768,1366x609,Pass,Demographics,1,Yes,Pass,Pass,,,Mixed_AustinSet1_AustinSH_JaneS_AustinTest1,,,LeftFemale_LeftSign,,,,,,response-accent-text,
4,1581104040048,07/02/2020 19:34:00,1581104041704,-7,07/02/2020 12:34:01,12769,7,questionnaire-d7os,,3890615,5d4a36e8a61675000169036f,1098667,,complete,,5e3dbb208a44a303227b6d64,computer,Desktop or Laptop,Chromium OS 12607.81.0,Chrome 79.0.3945.119,1366x768,1366x609,Pass,Demographics,1,Yes,Pass,Pass,,,Mixed_AustinSet1_AustinSH_JaneS_AustinTest1,,,LeftFemale_LeftSign,,,,,,response-sex-1,Female
5,1581104040048,07/02/2020 19:34:00,1581104041704,-7,07/02/2020 12:34:01,12769,7,questionnaire-d7os,,3890615,5d4a36e8a61675000169036f,1098667,,complete,,5e3dbb208a44a303227b6d64,computer,Desktop or Laptop,Chromium OS 12607.81.0,Chrome 79.0.3945.119,1366x768,1366x609,Pass,Demographics,1,Yes,Pass,Pass,,,Mixed_AustinSet1_AustinSH_JaneS_AustinTest1,,,LeftFemale_LeftSign,,,,,,response-ethnicity-2,Not Hispanic or Latino
6,1581104040048,07/02/2020 19:34:00,1581104041705,-7,07/02/2020 12:34:01,12769,7,questionnaire-d7os,,3890615,5d4a36e8a61675000169036f,1098667,,complete,,5e3dbb208a44a303227b6d64,computer,Desktop or Laptop,Chromium OS 12607.81.0,Chrome 79.0.3945.119,1366x768,1366x609,Pass,Demographics,1,Yes,Pass,Pass,,,Mixed_AustinSet1_AustinSH_JaneS_AustinTest1,,,LeftFemale_LeftSign,,,,,,response-race-5,White
7,1581104040048,07/02/2020 19:34:00,1581104041705,-7,07/02/2020 12:34:01,12769,7,questionnaire-d7os,,3890615,5d4a36e8a61675000169036f,1098667,,complete,,5e3dbb208a44a303227b6d64,computer,Desktop or Laptop,Chromium OS 12607.81.0,Chrome 79.0.3945.119,1366x768,1366x609,Pass,Demographics,1,Yes,Pass,Pass,,,Mixed_AustinSet1_AustinSH_JaneS_AustinTest1,,,LeftFemale_LeftSign,,,,,,END QUESTIONNAIRE,11921
END OF FILE
