﻿Event Index,UTC Timestamp,UTC Date,Local Timestamp,Local Timezone,Local Date,Experiment ID,Experiment Version,Tree Node Key,Repeat Key,Schedule ID,Participant Public ID,Participant Private ID,Participant Starting Group,Participant Status,Participant Completion Code,Participant External Session ID,Participant Device Type,Participant Device,Participant OS,Participant Browser,Participant Monitor Size,Participant Viewport Size,Checkpoint,Task Name,Task Version,branch-9edj,branch-ee59,checkpoint-7g4v,branch-52fz,checkpoint-irp3,randomiser-czzd,randomiser-hvq1,randomiser-7do6,randomiser-o6lu,randomiser-b834,randomiser-gfgd,randomiser-ml5o,randomiser-mulp,randomiser-didj,Question Key,Response
1,1580936992359,05/02/2020 21:09:52,1580936990504,-5,05/02/2020 16:09:50,12769,5,questionnaire-d7os,,3869146,5deedf943b1c9458a7effac5,1092248,,complete,,5e3b2e605da22c079f196ae3,computer,Desktop or Laptop,Mac OS 10.12,Firefox 72.0,1280x800,1280x699,Pass,Demographics,1,Yes,Fail,Pass,Pass,,Mixed_JaneSet1_AustinS_JaneSH_AustinTest1,,LeftFemale_LeftSign,,,,,,,BEGIN QUESTIONNAIRE,
2,1580937003441,05/02/2020 21:10:03,1580937001601,-5,05/02/2020 16:10:01,12769,5,questionnaire-d7os,,3869146,5deedf943b1c9458a7effac5,1092248,,complete,,5e3b2e605da22c079f196ae3,computer,Desktop or Laptop,Mac OS 10.12,Firefox 72.0,1280x800,1280x699,Pass,Demographics,1,Yes,Fail,Pass,Pass,,Mixed_JaneSet1_AustinS_JaneSH_AustinTest1,,LeftFemale_LeftSign,,,,,,,response-accent-1,New England
3,1580937003597,05/02/2020 21:10:03,1580937001603,-5,05/02/2020 16:10:01,12769,5,questionnaire-d7os,,3869146,5deedf943b1c9458a7effac5,1092248,,complete,,5e3b2e605da22c079f196ae3,computer,Desktop or Laptop,Mac OS 10.12,Firefox 72.0,1280x800,1280x699,Pass,Demographics,1,Yes,Fail,Pass,Pass,,Mixed_JaneSet1_AustinS_JaneSH_AustinTest1,,LeftFemale_LeftSign,,,,,,,response-accent-text,
4,1580937003597,05/02/2020 21:10:03,1580937001603,-5,05/02/2020 16:10:01,12769,5,questionnaire-d7os,,3869146,5deedf943b1c9458a7effac5,1092248,,complete,,5e3b2e605da22c079f196ae3,computer,Desktop or Laptop,Mac OS 10.12,Firefox 72.0,1280x800,1280x699,Pass,Demographics,1,Yes,Fail,Pass,Pass,,Mixed_JaneSet1_AustinS_JaneSH_AustinTest1,,LeftFemale_LeftSign,,,,,,,response-sex-1,Female
5,1580937003597,05/02/2020 21:10:03,1580937001604,-5,05/02/2020 16:10:01,12769,5,questionnaire-d7os,,3869146,5deedf943b1c9458a7effac5,1092248,,complete,,5e3b2e605da22c079f196ae3,computer,Desktop or Laptop,Mac OS 10.12,Firefox 72.0,1280x800,1280x699,Pass,Demographics,1,Yes,Fail,Pass,Pass,,Mixed_JaneSet1_AustinS_JaneSH_AustinTest1,,LeftFemale_LeftSign,,,,,,,response-ethnicity-2,Not Hispanic or Latino
6,1580937003597,05/02/2020 21:10:03,1580937001604,-5,05/02/2020 16:10:01,12769,5,questionnaire-d7os,,3869146,5deedf943b1c9458a7effac5,1092248,,complete,,5e3b2e605da22c079f196ae3,computer,Desktop or Laptop,Mac OS 10.12,Firefox 72.0,1280x800,1280x699,Pass,Demographics,1,Yes,Fail,Pass,Pass,,Mixed_JaneSet1_AustinS_JaneSH_AustinTest1,,LeftFemale_LeftSign,,,,,,,response-race-5,White
7,1580937003597,05/02/2020 21:10:03,1580937001604,-5,05/02/2020 16:10:01,12769,5,questionnaire-d7os,,3869146,5deedf943b1c9458a7effac5,1092248,,complete,,5e3b2e605da22c079f196ae3,computer,Desktop or Laptop,Mac OS 10.12,Firefox 72.0,1280x800,1280x699,Pass,Demographics,1,Yes,Fail,Pass,Pass,,Mixed_JaneSet1_AustinS_JaneSH_AustinTest1,,LeftFemale_LeftSign,,,,,,,END QUESTIONNAIRE,11100
1,1580937308138,05/02/2020 21:15:08,1580937307991,-8,05/02/2020 13:15:07,12769,5,questionnaire-d7os,,3869253,5c89870b9cef4f0001a1a295,1092265,,complete,,5e3b2febf906aa351389b414,computer,Desktop or Laptop,Windows 10,Chrome 79.0.3945.130,1920x1080,1920x937,Pass,Demographics,1,Yes,Fail,Pass,Pass,,Mixed_AustinSet1_AustinS_JaneSH_AustinTest1,LeftFemale_LeftShine,,,,,,,,BEGIN QUESTIONNAIRE,
2,1580937324519,05/02/2020 21:15:24,1580937324413,-8,05/02/2020 13:15:24,12769,5,questionnaire-d7os,,3869253,5c89870b9cef4f0001a1a295,1092265,,complete,,5e3b2febf906aa351389b414,computer,Desktop or Laptop,Windows 10,Chrome 79.0.3945.130,1920x1080,1920x937,Pass,Demographics,1,Yes,Fail,Pass,Pass,,Mixed_AustinSet1_AustinS_JaneSH_AustinTest1,LeftFemale_LeftShine,,,,,,,,response-accent-7,Do not know
3,1580937324706,05/02/2020 21:15:24,1580937324415,-8,05/02/2020 13:15:24,12769,5,questionnaire-d7os,,3869253,5c89870b9cef4f0001a1a295,1092265,,complete,,5e3b2febf906aa351389b414,computer,Desktop or Laptop,Windows 10,Chrome 79.0.3945.130,1920x1080,1920x937,Pass,Demographics,1,Yes,Fail,Pass,Pass,,Mixed_AustinSet1_AustinS_JaneSH_AustinTest1,LeftFemale_LeftShine,,,,,,,,response-accent-text,
4,1580937324706,05/02/2020 21:15:24,1580937324415,-8,05/02/2020 13:15:24,12769,5,questionnaire-d7os,,3869253,5c89870b9cef4f0001a1a295,1092265,,complete,,5e3b2febf906aa351389b414,computer,Desktop or Laptop,Windows 10,Chrome 79.0.3945.130,1920x1080,1920x937,Pass,Demographics,1,Yes,Fail,Pass,Pass,,Mixed_AustinSet1_AustinS_JaneSH_AustinTest1,LeftFemale_LeftShine,,,,,,,,response-sex-2,Male
5,1580937324706,05/02/2020 21:15:24,1580937324415,-8,05/02/2020 13:15:24,12769,5,questionnaire-d7os,,3869253,5c89870b9cef4f0001a1a295,1092265,,complete,,5e3b2febf906aa351389b414,computer,Desktop or Laptop,Windows 10,Chrome 79.0.3945.130,1920x1080,1920x937,Pass,Demographics,1,Yes,Fail,Pass,Pass,,Mixed_AustinSet1_AustinS_JaneSH_AustinTest1,LeftFemale_LeftShine,,,,,,,,response-ethnicity-2,Not Hispanic or Latino
6,1580937324706,05/02/2020 21:15:24,1580937324416,-8,05/02/2020 13:15:24,12769,5,questionnaire-d7os,,3869253,5c89870b9cef4f0001a1a295,1092265,,complete,,5e3b2febf906aa351389b414,computer,Desktop or Laptop,Windows 10,Chrome 79.0.3945.130,1920x1080,1920x937,Pass,Demographics,1,Yes,Fail,Pass,Pass,,Mixed_AustinSet1_AustinS_JaneSH_AustinTest1,LeftFemale_LeftShine,,,,,,,,response-race-4,Black or African American
7,1580937324706,05/02/2020 21:15:24,1580937324416,-8,05/02/2020 13:15:24,12769,5,questionnaire-d7os,,3869253,5c89870b9cef4f0001a1a295,1092265,,complete,,5e3b2febf906aa351389b414,computer,Desktop or Laptop,Windows 10,Chrome 79.0.3945.130,1920x1080,1920x937,Pass,Demographics,1,Yes,Fail,Pass,Pass,,Mixed_AustinSet1_AustinS_JaneSH_AustinTest1,LeftFemale_LeftShine,,,,,,,,END QUESTIONNAIRE,16425
1,1580937346403,05/02/2020 21:15:46,1580937346252,-6,05/02/2020 15:15:46,12769,5,questionnaire-d7os,,3869267,5d975f06d0e628001793a276,1092271,,complete,,5e3b2ff7d38f33343085586c,computer,Desktop or Laptop,Mac OS 10.13.6,Chrome 79.0.3945.130,1440x900,1407x663,Pass,Demographics,1,Yes,Pass,Pass,,,Mixed_JaneSet1_AustinSH_JaneS_AustinTest1,,,,LeftFemale_LeftShine,,,,,BEGIN QUESTIONNAIRE,
2,1580937366327,05/02/2020 21:16:06,1580937366217,-6,05/02/2020 15:16:06,12769,5,questionnaire-d7os,,3869267,5d975f06d0e628001793a276,1092271,,complete,,5e3b2ff7d38f33343085586c,computer,Desktop or Laptop,Mac OS 10.13.6,Chrome 79.0.3945.130,1440x900,1407x663,Pass,Demographics,1,Yes,Pass,Pass,,,Mixed_JaneSet1_AustinSH_JaneS_AustinTest1,,,,LeftFemale_LeftShine,,,,,response-accent-2,Southern
3,1580937366499,05/02/2020 21:16:06,1580937366219,-6,05/02/2020 15:16:06,12769,5,questionnaire-d7os,,3869267,5d975f06d0e628001793a276,1092271,,complete,,5e3b2ff7d38f33343085586c,computer,Desktop or Laptop,Mac OS 10.13.6,Chrome 79.0.3945.130,1440x900,1407x663,Pass,Demographics,1,Yes,Pass,Pass,,,Mixed_JaneSet1_AustinSH_JaneS_AustinTest1,,,,LeftFemale_LeftShine,,,,,response-accent-text,
4,1580937366499,05/02/2020 21:16:06,1580937366219,-6,05/02/2020 15:16:06,12769,5,questionnaire-d7os,,3869267,5d975f06d0e628001793a276,1092271,,complete,,5e3b2ff7d38f33343085586c,computer,Desktop or Laptop,Mac OS 10.13.6,Chrome 79.0.3945.130,1440x900,1407x663,Pass,Demographics,1,Yes,Pass,Pass,,,Mixed_JaneSet1_AustinSH_JaneS_AustinTest1,,,,LeftFemale_LeftShine,,,,,response-sex-1,Female
5,1580937366499,05/02/2020 21:16:06,1580937366219,-6,05/02/2020 15:16:06,12769,5,questionnaire-d7os,,3869267,5d975f06d0e628001793a276,1092271,,complete,,5e3b2ff7d38f33343085586c,computer,Desktop or Laptop,Mac OS 10.13.6,Chrome 79.0.3945.130,1440x900,1407x663,Pass,Demographics,1,Yes,Pass,Pass,,,Mixed_JaneSet1_AustinSH_JaneS_AustinTest1,,,,LeftFemale_LeftShine,,,,,response-ethnicity-2,Not Hispanic or Latino
6,1580937366499,05/02/2020 21:16:06,1580937366219,-6,05/02/2020 15:16:06,12769,5,questionnaire-d7os,,3869267,5d975f06d0e628001793a276,1092271,,complete,,5e3b2ff7d38f33343085586c,computer,Desktop or Laptop,Mac OS 10.13.6,Chrome 79.0.3945.130,1440x900,1407x663,Pass,Demographics,1,Yes,Pass,Pass,,,Mixed_JaneSet1_AustinSH_JaneS_AustinTest1,,,,LeftFemale_LeftShine,,,,,response-race-5,White
7,1580937366499,05/02/2020 21:16:06,1580937366220,-6,05/02/2020 15:16:06,12769,5,questionnaire-d7os,,3869267,5d975f06d0e628001793a276,1092271,,complete,,5e3b2ff7d38f33343085586c,computer,Desktop or Laptop,Mac OS 10.13.6,Chrome 79.0.3945.130,1440x900,1407x663,Pass,Demographics,1,Yes,Pass,Pass,,,Mixed_JaneSet1_AustinSH_JaneS_AustinTest1,,,,LeftFemale_LeftShine,,,,,END QUESTIONNAIRE,19968
1,1580937380217,05/02/2020 21:16:20,1580937381087,-6,05/02/2020 15:16:21,12769,5,questionnaire-d7os,,3869277,5dbe5d44aab19f35c5459b57,1092267,,complete,,5e3b2f354a509a33f636134e,computer,Desktop or Laptop,Windows 10,Chrome 79.0.3945.130,1680x1050,1680x907,Pass,Demographics,1,Yes,Pass,Pass,,,Mixed_JaneSet1_AustinSH_JaneS_JaneTest1,,,,,,,,LeftMale_LeftShine,BEGIN QUESTIONNAIRE,
2,1580937393923,05/02/2020 21:16:33,1580937394937,-6,05/02/2020 15:16:34,12769,5,questionnaire-d7os,,3869277,5dbe5d44aab19f35c5459b57,1092267,,complete,,5e3b2f354a509a33f636134e,computer,Desktop or Laptop,Windows 10,Chrome 79.0.3945.130,1680x1050,1663x907,Pass,Demographics,1,Yes,Pass,Pass,,,Mixed_JaneSet1_AustinSH_JaneS_JaneTest1,,,,,,,,LeftMale_LeftShine,response-accent-3,Midwestern
3,1580937394204,05/02/2020 21:16:34,1580937394938,-6,05/02/2020 15:16:34,12769,5,questionnaire-d7os,,3869277,5dbe5d44aab19f35c5459b57,1092267,,complete,,5e3b2f354a509a33f636134e,computer,Desktop or Laptop,Windows 10,Chrome 79.0.3945.130,1680x1050,1663x907,Pass,Demographics,1,Yes,Pass,Pass,,,Mixed_JaneSet1_AustinSH_JaneS_JaneTest1,,,,,,,,LeftMale_LeftShine,response-accent-text,
4,1580937394204,05/02/2020 21:16:34,1580937394939,-6,05/02/2020 15:16:34,12769,5,questionnaire-d7os,,3869277,5dbe5d44aab19f35c5459b57,1092267,,complete,,5e3b2f354a509a33f636134e,computer,Desktop or Laptop,Windows 10,Chrome 79.0.3945.130,1680x1050,1663x907,Pass,Demographics,1,Yes,Pass,Pass,,,Mixed_JaneSet1_AustinSH_JaneS_JaneTest1,,,,,,,,LeftMale_LeftShine,response-sex-1,Female
5,1580937394204,05/02/2020 21:16:34,1580937394939,-6,05/02/2020 15:16:34,12769,5,questionnaire-d7os,,3869277,5dbe5d44aab19f35c5459b57,1092267,,complete,,5e3b2f354a509a33f636134e,computer,Desktop or Laptop,Windows 10,Chrome 79.0.3945.130,1680x1050,1663x907,Pass,Demographics,1,Yes,Pass,Pass,,,Mixed_JaneSet1_AustinSH_JaneS_JaneTest1,,,,,,,,LeftMale_LeftShine,response-ethnicity-2,Not Hispanic or Latino
6,1580937394204,05/02/2020 21:16:34,1580937394939,-6,05/02/2020 15:16:34,12769,5,questionnaire-d7os,,3869277,5dbe5d44aab19f35c5459b57,1092267,,complete,,5e3b2f354a509a33f636134e,computer,Desktop or Laptop,Windows 10,Chrome 79.0.3945.130,1680x1050,1663x907,Pass,Demographics,1,Yes,Pass,Pass,,,Mixed_JaneSet1_AustinSH_JaneS_JaneTest1,,,,,,,,LeftMale_LeftShine,response-race-5,White
7,1580937394204,05/02/2020 21:16:34,1580937394939,-6,05/02/2020 15:16:34,12769,5,questionnaire-d7os,,3869277,5dbe5d44aab19f35c5459b57,1092267,,complete,,5e3b2f354a509a33f636134e,computer,Desktop or Laptop,Windows 10,Chrome 79.0.3945.130,1680x1050,1663x907,Pass,Demographics,1,Yes,Pass,Pass,,,Mixed_JaneSet1_AustinSH_JaneS_JaneTest1,,,,,,,,LeftMale_LeftShine,END QUESTIONNAIRE,13852
1,1580937399562,05/02/2020 21:16:39,1580937405939,-5,05/02/2020 16:16:45,12769,5,questionnaire-d7os,,3869284,5c928a3abf2af20001363f48,1092272,,complete,,5e3b304b1cf058000bb60c39,computer,Desktop or Laptop,Windows 10,Chrome 79.0.3945.130,1360x768,1360x695,Pass,Demographics,1,Yes,Pass,Pass,,,Mixed_AustinSet1_AustinSH_JaneS_JaneTest1,,,,,,,LeftMale_LeftShine,,BEGIN QUESTIONNAIRE,
2,1580937429162,05/02/2020 21:17:09,1580937435754,-5,05/02/2020 16:17:15,12769,5,questionnaire-d7os,,3869284,5c928a3abf2af20001363f48,1092272,,complete,,5e3b304b1cf058000bb60c39,computer,Desktop or Laptop,Windows 10,Chrome 79.0.3945.130,1360x768,1343x695,Pass,Demographics,1,Yes,Pass,Pass,,,Mixed_AustinSet1_AustinSH_JaneS_JaneTest1,,,,,,,LeftMale_LeftShine,,response-accent-3,Midwestern
3,1580937429349,05/02/2020 21:17:09,1580937435791,-5,05/02/2020 16:17:15,12769,5,questionnaire-d7os,,3869284,5c928a3abf2af20001363f48,1092272,,complete,,5e3b304b1cf058000bb60c39,computer,Desktop or Laptop,Windows 10,Chrome 79.0.3945.130,1360x768,1343x695,Pass,Demographics,1,Yes,Pass,Pass,,,Mixed_AustinSet1_AustinSH_JaneS_JaneTest1,,,,,,,LeftMale_LeftShine,,response-accent-text,
4,1580937429349,05/02/2020 21:17:09,1580937435792,-5,05/02/2020 16:17:15,12769,5,questionnaire-d7os,,3869284,5c928a3abf2af20001363f48,1092272,,complete,,5e3b304b1cf058000bb60c39,computer,Desktop or Laptop,Windows 10,Chrome 79.0.3945.130,1360x768,1343x695,Pass,Demographics,1,Yes,Pass,Pass,,,Mixed_AustinSet1_AustinSH_JaneS_JaneTest1,,,,,,,LeftMale_LeftShine,,response-sex-1,Female
5,1580937429349,05/02/2020 21:17:09,1580937435793,-5,05/02/2020 16:17:15,12769,5,questionnaire-d7os,,3869284,5c928a3abf2af20001363f48,1092272,,complete,,5e3b304b1cf058000bb60c39,computer,Desktop or Laptop,Windows 10,Chrome 79.0.3945.130,1360x768,1343x695,Pass,Demographics,1,Yes,Pass,Pass,,,Mixed_AustinSet1_AustinSH_JaneS_JaneTest1,,,,,,,LeftMale_LeftShine,,response-ethnicity-2,Not Hispanic or Latino
6,1580937429349,05/02/2020 21:17:09,1580937435799,-5,05/02/2020 16:17:15,12769,5,questionnaire-d7os,,3869284,5c928a3abf2af20001363f48,1092272,,complete,,5e3b304b1cf058000bb60c39,computer,Desktop or Laptop,Windows 10,Chrome 79.0.3945.130,1360x768,1343x695,Pass,Demographics,1,Yes,Pass,Pass,,,Mixed_AustinSet1_AustinSH_JaneS_JaneTest1,,,,,,,LeftMale_LeftShine,,response-race-5,White
7,1580937429349,05/02/2020 21:17:09,1580937435800,-5,05/02/2020 16:17:15,12769,5,questionnaire-d7os,,3869284,5c928a3abf2af20001363f48,1092272,,complete,,5e3b304b1cf058000bb60c39,computer,Desktop or Laptop,Windows 10,Chrome 79.0.3945.130,1360x768,1343x695,Pass,Demographics,1,Yes,Pass,Pass,,,Mixed_AustinSet1_AustinSH_JaneS_JaneTest1,,,,,,,LeftMale_LeftShine,,END QUESTIONNAIRE,29864
1,1580937560664,05/02/2020 21:19:20,1580937560934,-5,05/02/2020 16:19:20,12769,5,questionnaire-d7os,,3869334,5dcc537e81677d8deb58a0f6,1092285,,complete,,5e3b30fbe3c76434fe107ccf,computer,Desktop or Laptop,Windows 10,Firefox 72.0,1680x1050,1339x658,Pass,Demographics,1,Yes,Pass,Pass,,,Mixed_AustinSet1_AustinSH_JaneS_AustinTest1,,,LeftMale_LeftShine,,,,,,BEGIN QUESTIONNAIRE,
2,1580937587863,05/02/2020 21:19:47,1580937588151,-5,05/02/2020 16:19:48,12769,5,questionnaire-d7os,,3869334,5dcc537e81677d8deb58a0f6,1092285,,complete,,5e3b30fbe3c76434fe107ccf,computer,Desktop or Laptop,Windows 10,Firefox 72.0,1680x1050,1322x658,Pass,Demographics,1,Yes,Pass,Pass,,,Mixed_AustinSet1_AustinSH_JaneS_AustinTest1,,,LeftMale_LeftShine,,,,,,response-accent-3,Midwestern
3,1580937588004,05/02/2020 21:19:48,1580937588164,-5,05/02/2020 16:19:48,12769,5,questionnaire-d7os,,3869334,5dcc537e81677d8deb58a0f6,1092285,,complete,,5e3b30fbe3c76434fe107ccf,computer,Desktop or Laptop,Windows 10,Firefox 72.0,1680x1050,1322x658,Pass,Demographics,1,Yes,Pass,Pass,,,Mixed_AustinSet1_AustinSH_JaneS_AustinTest1,,,LeftMale_LeftShine,,,,,,response-accent-text,
4,1580937588004,05/02/2020 21:19:48,1580937588164,-5,05/02/2020 16:19:48,12769,5,questionnaire-d7os,,3869334,5dcc537e81677d8deb58a0f6,1092285,,complete,,5e3b30fbe3c76434fe107ccf,computer,Desktop or Laptop,Windows 10,Firefox 72.0,1680x1050,1322x658,Pass,Demographics,1,Yes,Pass,Pass,,,Mixed_AustinSet1_AustinSH_JaneS_AustinTest1,,,LeftMale_LeftShine,,,,,,response-sex-2,Male
5,1580937588004,05/02/2020 21:19:48,1580937588165,-5,05/02/2020 16:19:48,12769,5,questionnaire-d7os,,3869334,5dcc537e81677d8deb58a0f6,1092285,,complete,,5e3b30fbe3c76434fe107ccf,computer,Desktop or Laptop,Windows 10,Firefox 72.0,1680x1050,1322x658,Pass,Demographics,1,Yes,Pass,Pass,,,Mixed_AustinSet1_AustinSH_JaneS_AustinTest1,,,LeftMale_LeftShine,,,,,,response-ethnicity-2,Not Hispanic or Latino
6,1580937588004,05/02/2020 21:19:48,1580937588165,-5,05/02/2020 16:19:48,12769,5,questionnaire-d7os,,3869334,5dcc537e81677d8deb58a0f6,1092285,,complete,,5e3b30fbe3c76434fe107ccf,computer,Desktop or Laptop,Windows 10,Firefox 72.0,1680x1050,1322x658,Pass,Demographics,1,Yes,Pass,Pass,,,Mixed_AustinSet1_AustinSH_JaneS_AustinTest1,,,LeftMale_LeftShine,,,,,,response-race-5,White
7,1580937588004,05/02/2020 21:19:48,1580937588165,-5,05/02/2020 16:19:48,12769,5,questionnaire-d7os,,3869334,5dcc537e81677d8deb58a0f6,1092285,,complete,,5e3b30fbe3c76434fe107ccf,computer,Desktop or Laptop,Windows 10,Firefox 72.0,1680x1050,1322x658,Pass,Demographics,1,Yes,Pass,Pass,,,Mixed_AustinSet1_AustinSH_JaneS_AustinTest1,,,LeftMale_LeftShine,,,,,,END QUESTIONNAIRE,27231
1,1580937628153,05/02/2020 21:20:28,1580937628435,-6,05/02/2020 15:20:28,12769,5,questionnaire-d7os,,3869353,58cbd0a55d42920001414dd3,1092274,,complete,,5e3b303ec2db4f0875371018,computer,Desktop or Laptop,Windows 10,Chrome 79.0.3945.130,1920x1080,1920x979,Pass,Demographics,1,Yes,Pass,Pass,,,Mixed_JaneSet1_AustinS_JaneSH_JaneTest1,,,,,,LeftMale_LeftShine,,,BEGIN QUESTIONNAIRE,
2,1580937688225,05/02/2020 21:21:28,1580937688532,-6,05/02/2020 15:21:28,12769,5,questionnaire-d7os,,3869353,58cbd0a55d42920001414dd3,1092274,,complete,,5e3b303ec2db4f0875371018,computer,Desktop or Laptop,Windows 10,Chrome 79.0.3945.130,1920x1080,1920x979,Pass,Demographics,1,Yes,Pass,Pass,,,Mixed_JaneSet1_AustinS_JaneSH_JaneTest1,,,,,,LeftMale_LeftShine,,,response-accent-6,Southwestern
3,1580937688428,05/02/2020 21:21:28,1580937688534,-6,05/02/2020 15:21:28,12769,5,questionnaire-d7os,,3869353,58cbd0a55d42920001414dd3,1092274,,complete,,5e3b303ec2db4f0875371018,computer,Desktop or Laptop,Windows 10,Chrome 79.0.3945.130,1920x1080,1920x979,Pass,Demographics,1,Yes,Pass,Pass,,,Mixed_JaneSet1_AustinS_JaneSH_JaneTest1,,,,,,LeftMale_LeftShine,,,response-accent-text,
4,1580937688428,05/02/2020 21:21:28,1580937688534,-6,05/02/2020 15:21:28,12769,5,questionnaire-d7os,,3869353,58cbd0a55d42920001414dd3,1092274,,complete,,5e3b303ec2db4f0875371018,computer,Desktop or Laptop,Windows 10,Chrome 79.0.3945.130,1920x1080,1920x979,Pass,Demographics,1,Yes,Pass,Pass,,,Mixed_JaneSet1_AustinS_JaneSH_JaneTest1,,,,,,LeftMale_LeftShine,,,response-sex-2,Male
5,1580937688428,05/02/2020 21:21:28,1580937688535,-6,05/02/2020 15:21:28,12769,5,questionnaire-d7os,,3869353,58cbd0a55d42920001414dd3,1092274,,complete,,5e3b303ec2db4f0875371018,computer,Desktop or Laptop,Windows 10,Chrome 79.0.3945.130,1920x1080,1920x979,Pass,Demographics,1,Yes,Pass,Pass,,,Mixed_JaneSet1_AustinS_JaneSH_JaneTest1,,,,,,LeftMale_LeftShine,,,response-ethnicity-2,Not Hispanic or Latino
6,1580937688428,05/02/2020 21:21:28,1580937688535,-6,05/02/2020 15:21:28,12769,5,questionnaire-d7os,,3869353,58cbd0a55d42920001414dd3,1092274,,complete,,5e3b303ec2db4f0875371018,computer,Desktop or Laptop,Windows 10,Chrome 79.0.3945.130,1920x1080,1920x979,Pass,Demographics,1,Yes,Pass,Pass,,,Mixed_JaneSet1_AustinS_JaneSH_JaneTest1,,,,,,LeftMale_LeftShine,,,response-race-5,White
7,1580937688428,05/02/2020 21:21:28,1580937688535,-6,05/02/2020 15:21:28,12769,5,questionnaire-d7os,,3869353,58cbd0a55d42920001414dd3,1092274,,complete,,5e3b303ec2db4f0875371018,computer,Desktop or Laptop,Windows 10,Chrome 79.0.3945.130,1920x1080,1920x979,Pass,Demographics,1,Yes,Pass,Pass,,,Mixed_JaneSet1_AustinS_JaneSH_JaneTest1,,,,,,LeftMale_LeftShine,,,END QUESTIONNAIRE,60100
1,1580937637567,05/02/2020 21:20:37,1580937638848,-6,05/02/2020 15:20:38,12769,5,questionnaire-d7os,,3869356,595d8b55fe4a4700017a07e6,1092287,,complete,,5e3b3079d492f13493b124f5,computer,Desktop or Laptop,Windows 10,Chrome 79.0.3945.130,1536x864,1536x722,Pass,Demographics,1,Yes,Pass,Pass,,,Mixed_AustinSet1_AustinS_JaneSH_JaneTest1,,,,,LeftFemale_LeftShine,,,,BEGIN QUESTIONNAIRE,
2,1580937649257,05/02/2020 21:20:49,1580937650624,-6,05/02/2020 15:20:50,12769,5,questionnaire-d7os,,3869356,595d8b55fe4a4700017a07e6,1092287,,complete,,5e3b3079d492f13493b124f5,computer,Desktop or Laptop,Windows 10,Chrome 79.0.3945.130,1536x864,1519x722,Pass,Demographics,1,Yes,Pass,Pass,,,Mixed_AustinSet1_AustinS_JaneSH_JaneTest1,,,,,LeftFemale_LeftShine,,,,response-accent-2,Southern
3,1580937649491,05/02/2020 21:20:49,1580937650626,-6,05/02/2020 15:20:50,12769,5,questionnaire-d7os,,3869356,595d8b55fe4a4700017a07e6,1092287,,complete,,5e3b3079d492f13493b124f5,computer,Desktop or Laptop,Windows 10,Chrome 79.0.3945.130,1536x864,1519x722,Pass,Demographics,1,Yes,Pass,Pass,,,Mixed_AustinSet1_AustinS_JaneSH_JaneTest1,,,,,LeftFemale_LeftShine,,,,response-accent-text,
4,1580937649491,05/02/2020 21:20:49,1580937650626,-6,05/02/2020 15:20:50,12769,5,questionnaire-d7os,,3869356,595d8b55fe4a4700017a07e6,1092287,,complete,,5e3b3079d492f13493b124f5,computer,Desktop or Laptop,Windows 10,Chrome 79.0.3945.130,1536x864,1519x722,Pass,Demographics,1,Yes,Pass,Pass,,,Mixed_AustinSet1_AustinS_JaneSH_JaneTest1,,,,,LeftFemale_LeftShine,,,,response-sex-1,Female
5,1580937649491,05/02/2020 21:20:49,1580937650626,-6,05/02/2020 15:20:50,12769,5,questionnaire-d7os,,3869356,595d8b55fe4a4700017a07e6,1092287,,complete,,5e3b3079d492f13493b124f5,computer,Desktop or Laptop,Windows 10,Chrome 79.0.3945.130,1536x864,1519x722,Pass,Demographics,1,Yes,Pass,Pass,,,Mixed_AustinSet1_AustinS_JaneSH_JaneTest1,,,,,LeftFemale_LeftShine,,,,response-ethnicity-2,Not Hispanic or Latino
6,1580937649491,05/02/2020 21:20:49,1580937650627,-6,05/02/2020 15:20:50,12769,5,questionnaire-d7os,,3869356,595d8b55fe4a4700017a07e6,1092287,,complete,,5e3b3079d492f13493b124f5,computer,Desktop or Laptop,Windows 10,Chrome 79.0.3945.130,1536x864,1519x722,Pass,Demographics,1,Yes,Pass,Pass,,,Mixed_AustinSet1_AustinS_JaneSH_JaneTest1,,,,,LeftFemale_LeftShine,,,,response-race-4,Black or African American
7,1580937649491,05/02/2020 21:20:49,1580937650627,-6,05/02/2020 15:20:50,12769,5,questionnaire-d7os,,3869356,595d8b55fe4a4700017a07e6,1092287,,complete,,5e3b3079d492f13493b124f5,computer,Desktop or Laptop,Windows 10,Chrome 79.0.3945.130,1536x864,1519x722,Pass,Demographics,1,Yes,Pass,Pass,,,Mixed_AustinSet1_AustinS_JaneSH_JaneTest1,,,,,LeftFemale_LeftShine,,,,END QUESTIONNAIRE,11779
1,1580937672984,05/02/2020 21:21:12,1580937682437,-5,05/02/2020 16:21:22,12769,5,questionnaire-d7os,,3869362,5b6515aff7798c00018291b8,1092291,,complete,,5e3b313446d3c134df814600,computer,Desktop or Laptop,Windows 10,Chrome 78.0.3904.97,1366x768,1366x625,Pass,Demographics,1,Yes,Pass,Pass,,,Mixed_AustinSet1_AustinS_JaneSH_JaneTest1,,,,,LeftFemale_LeftSign,,,,BEGIN QUESTIONNAIRE,
2,1580937697904,05/02/2020 21:21:37,1580937707433,-5,05/02/2020 16:21:47,12769,5,questionnaire-d7os,,3869362,5b6515aff7798c00018291b8,1092291,,complete,,5e3b313446d3c134df814600,computer,Desktop or Laptop,Windows 10,Chrome 78.0.3904.97,1366x768,1349x625,Pass,Demographics,1,Yes,Pass,Pass,,,Mixed_AustinSet1_AustinS_JaneSH_JaneTest1,,,,,LeftFemale_LeftSign,,,,response-accent-2,Southern
3,1580937698075,05/02/2020 21:21:38,1580937707436,-5,05/02/2020 16:21:47,12769,5,questionnaire-d7os,,3869362,5b6515aff7798c00018291b8,1092291,,complete,,5e3b313446d3c134df814600,computer,Desktop or Laptop,Windows 10,Chrome 78.0.3904.97,1366x768,1349x625,Pass,Demographics,1,Yes,Pass,Pass,,,Mixed_AustinSet1_AustinS_JaneSH_JaneTest1,,,,,LeftFemale_LeftSign,,,,response-accent-text,
4,1580937698075,05/02/2020 21:21:38,1580937707436,-5,05/02/2020 16:21:47,12769,5,questionnaire-d7os,,3869362,5b6515aff7798c00018291b8,1092291,,complete,,5e3b313446d3c134df814600,computer,Desktop or Laptop,Windows 10,Chrome 78.0.3904.97,1366x768,1349x625,Pass,Demographics,1,Yes,Pass,Pass,,,Mixed_AustinSet1_AustinS_JaneSH_JaneTest1,,,,,LeftFemale_LeftSign,,,,response-sex-1,Female
5,1580937698075,05/02/2020 21:21:38,1580937707437,-5,05/02/2020 16:21:47,12769,5,questionnaire-d7os,,3869362,5b6515aff7798c00018291b8,1092291,,complete,,5e3b313446d3c134df814600,computer,Desktop or Laptop,Windows 10,Chrome 78.0.3904.97,1366x768,1349x625,Pass,Demographics,1,Yes,Pass,Pass,,,Mixed_AustinSet1_AustinS_JaneSH_JaneTest1,,,,,LeftFemale_LeftSign,,,,response-ethnicity-2,Not Hispanic or Latino
6,1580937698075,05/02/2020 21:21:38,1580937707437,-5,05/02/2020 16:21:47,12769,5,questionnaire-d7os,,3869362,5b6515aff7798c00018291b8,1092291,,complete,,5e3b313446d3c134df814600,computer,Desktop or Laptop,Windows 10,Chrome 78.0.3904.97,1366x768,1349x625,Pass,Demographics,1,Yes,Pass,Pass,,,Mixed_AustinSet1_AustinS_JaneSH_JaneTest1,,,,,LeftFemale_LeftSign,,,,response-race-5,White
7,1580937698075,05/02/2020 21:21:38,1580937707438,-5,05/02/2020 16:21:47,12769,5,questionnaire-d7os,,3869362,5b6515aff7798c00018291b8,1092291,,complete,,5e3b313446d3c134df814600,computer,Desktop or Laptop,Windows 10,Chrome 78.0.3904.97,1366x768,1349x625,Pass,Demographics,1,Yes,Pass,Pass,,,Mixed_AustinSet1_AustinS_JaneSH_JaneTest1,,,,,LeftFemale_LeftSign,,,,END QUESTIONNAIRE,25002
1,1580937729914,05/02/2020 21:22:09,1580937723945,-6,05/02/2020 15:22:03,12769,5,questionnaire-d7os,,3869374,59a4b7e0c9281e0001c1bc8f,1092283,,complete,,5e3b30ccc8aeb034415def12,computer,Desktop or Laptop,Windows 10,Chrome 77.0.3835.0,1440x900,1440x751,Pass,Demographics,1,Yes,Pass,Pass,,,Mixed_JaneSet1_AustinSH_JaneS_AustinTest1,,,,LeftMale_LeftShine,,,,,BEGIN QUESTIONNAIRE,
2,1580937739882,05/02/2020 21:22:19,1580937734218,-6,05/02/2020 15:22:14,12769,5,questionnaire-d7os,,3869374,59a4b7e0c9281e0001c1bc8f,1092283,,complete,,5e3b30ccc8aeb034415def12,computer,Desktop or Laptop,Windows 10,Chrome 77.0.3835.0,1440x900,1423x751,Pass,Demographics,1,Yes,Pass,Pass,,,Mixed_JaneSet1_AustinSH_JaneS_AustinTest1,,,,LeftMale_LeftShine,,,,,response-accent-2,Southern
3,1580937740148,05/02/2020 21:22:20,1580937734224,-6,05/02/2020 15:22:14,12769,5,questionnaire-d7os,,3869374,59a4b7e0c9281e0001c1bc8f,1092283,,complete,,5e3b30ccc8aeb034415def12,computer,Desktop or Laptop,Windows 10,Chrome 77.0.3835.0,1440x900,1423x751,Pass,Demographics,1,Yes,Pass,Pass,,,Mixed_JaneSet1_AustinSH_JaneS_AustinTest1,,,,LeftMale_LeftShine,,,,,response-accent-text,
4,1580937740148,05/02/2020 21:22:20,1580937734225,-6,05/02/2020 15:22:14,12769,5,questionnaire-d7os,,3869374,59a4b7e0c9281e0001c1bc8f,1092283,,complete,,5e3b30ccc8aeb034415def12,computer,Desktop or Laptop,Windows 10,Chrome 77.0.3835.0,1440x900,1423x751,Pass,Demographics,1,Yes,Pass,Pass,,,Mixed_JaneSet1_AustinSH_JaneS_AustinTest1,,,,LeftMale_LeftShine,,,,,response-sex-2,Male
5,1580937740148,05/02/2020 21:22:20,1580937734226,-6,05/02/2020 15:22:14,12769,5,questionnaire-d7os,,3869374,59a4b7e0c9281e0001c1bc8f,1092283,,complete,,5e3b30ccc8aeb034415def12,computer,Desktop or Laptop,Windows 10,Chrome 77.0.3835.0,1440x900,1423x751,Pass,Demographics,1,Yes,Pass,Pass,,,Mixed_JaneSet1_AustinSH_JaneS_AustinTest1,,,,LeftMale_LeftShine,,,,,response-ethnicity-2,Not Hispanic or Latino
6,1580937740148,05/02/2020 21:22:20,1580937734226,-6,05/02/2020 15:22:14,12769,5,questionnaire-d7os,,3869374,59a4b7e0c9281e0001c1bc8f,1092283,,complete,,5e3b30ccc8aeb034415def12,computer,Desktop or Laptop,Windows 10,Chrome 77.0.3835.0,1440x900,1423x751,Pass,Demographics,1,Yes,Pass,Pass,,,Mixed_JaneSet1_AustinSH_JaneS_AustinTest1,,,,LeftMale_LeftShine,,,,,response-race-5,White
7,1580937740148,05/02/2020 21:22:20,1580937734227,-6,05/02/2020 15:22:14,12769,5,questionnaire-d7os,,3869374,59a4b7e0c9281e0001c1bc8f,1092283,,complete,,5e3b30ccc8aeb034415def12,computer,Desktop or Laptop,Windows 10,Chrome 77.0.3835.0,1440x900,1423x751,Pass,Demographics,1,Yes,Pass,Pass,,,Mixed_JaneSet1_AustinSH_JaneS_AustinTest1,,,,LeftMale_LeftShine,,,,,END QUESTIONNAIRE,10282
1,1580937738358,05/02/2020 21:22:18,1580937736920,-8,05/02/2020 13:22:16,12769,5,questionnaire-d7os,,3869381,56e0a6c9907c12000ae4882c,1092293,,complete,,5e3b318a2d2961347b3bfa2d,computer,Desktop or Laptop,Windows 10,Chrome 79.0.3945.130,1280x720,1280x616,Pass,Demographics,1,Yes,Pass,Pass,,,Mixed_JaneSet1_AustinSH_JaneS_JaneTest1,,,,,,,,LeftFemale_LeftSign,BEGIN QUESTIONNAIRE,
2,1580937758675,05/02/2020 21:22:38,1580937757304,-8,05/02/2020 13:22:37,12769,5,questionnaire-d7os,,3869381,56e0a6c9907c12000ae4882c,1092293,,complete,,5e3b318a2d2961347b3bfa2d,computer,Desktop or Laptop,Windows 10,Chrome 79.0.3945.130,1280x720,1263x616,Pass,Demographics,1,Yes,Pass,Pass,,,Mixed_JaneSet1_AustinSH_JaneS_JaneTest1,,,,,,,,LeftFemale_LeftSign,response-accent-7,Do not know
3,1580937758877,05/02/2020 21:22:38,1580937757306,-8,05/02/2020 13:22:37,12769,5,questionnaire-d7os,,3869381,56e0a6c9907c12000ae4882c,1092293,,complete,,5e3b318a2d2961347b3bfa2d,computer,Desktop or Laptop,Windows 10,Chrome 79.0.3945.130,1280x720,1263x616,Pass,Demographics,1,Yes,Pass,Pass,,,Mixed_JaneSet1_AustinSH_JaneS_JaneTest1,,,,,,,,LeftFemale_LeftSign,response-accent-text,
4,1580937758877,05/02/2020 21:22:38,1580937757306,-8,05/02/2020 13:22:37,12769,5,questionnaire-d7os,,3869381,56e0a6c9907c12000ae4882c,1092293,,complete,,5e3b318a2d2961347b3bfa2d,computer,Desktop or Laptop,Windows 10,Chrome 79.0.3945.130,1280x720,1263x616,Pass,Demographics,1,Yes,Pass,Pass,,,Mixed_JaneSet1_AustinSH_JaneS_JaneTest1,,,,,,,,LeftFemale_LeftSign,response-sex-2,Male
5,1580937758877,05/02/2020 21:22:38,1580937757306,-8,05/02/2020 13:22:37,12769,5,questionnaire-d7os,,3869381,56e0a6c9907c12000ae4882c,1092293,,complete,,5e3b318a2d2961347b3bfa2d,computer,Desktop or Laptop,Windows 10,Chrome 79.0.3945.130,1280x720,1263x616,Pass,Demographics,1,Yes,Pass,Pass,,,Mixed_JaneSet1_AustinSH_JaneS_JaneTest1,,,,,,,,LeftFemale_LeftSign,response-ethnicity-2,Not Hispanic or Latino
6,1580937758877,05/02/2020 21:22:38,1580937757306,-8,05/02/2020 13:22:37,12769,5,questionnaire-d7os,,3869381,56e0a6c9907c12000ae4882c,1092293,,complete,,5e3b318a2d2961347b3bfa2d,computer,Desktop or Laptop,Windows 10,Chrome 79.0.3945.130,1280x720,1263x616,Pass,Demographics,1,Yes,Pass,Pass,,,Mixed_JaneSet1_AustinSH_JaneS_JaneTest1,,,,,,,,LeftFemale_LeftSign,response-race-2,Asian
7,1580937758877,05/02/2020 21:22:38,1580937757306,-8,05/02/2020 13:22:37,12769,5,questionnaire-d7os,,3869381,56e0a6c9907c12000ae4882c,1092293,,complete,,5e3b318a2d2961347b3bfa2d,computer,Desktop or Laptop,Windows 10,Chrome 79.0.3945.130,1280x720,1263x616,Pass,Demographics,1,Yes,Pass,Pass,,,Mixed_JaneSet1_AustinSH_JaneS_JaneTest1,,,,,,,,LeftFemale_LeftSign,END QUESTIONNAIRE,20386
1,1580937783275,05/02/2020 21:23:03,1580937781432,-6,05/02/2020 15:23:01,12769,5,questionnaire-d7os,,3869392,5e116834acd5ce815cc69fc6,1092294,,complete,,5e3b31410d41ad345b2eda3f,computer,Desktop or Laptop,Windows 10,Chrome 79.0.3945.130,1920x1080,1920x937,Pass,Demographics,1,Yes,Pass,Pass,,,Mixed_JaneSet1_AustinS_JaneSH_JaneTest1,,,,,,LeftFemale_LeftSign,,,BEGIN QUESTIONNAIRE,
2,1580937805527,05/02/2020 21:23:25,1580937803734,-6,05/02/2020 15:23:23,12769,5,questionnaire-d7os,,3869392,5e116834acd5ce815cc69fc6,1092294,,complete,,5e3b31410d41ad345b2eda3f,computer,Desktop or Laptop,Windows 10,Chrome 79.0.3945.130,1920x1080,1920x937,Pass,Demographics,1,Yes,Pass,Pass,,,Mixed_JaneSet1_AustinS_JaneSH_JaneTest1,,,,,,LeftFemale_LeftSign,,,response-accent-2,Southern
3,1580937805683,05/02/2020 21:23:25,1580937803735,-6,05/02/2020 15:23:23,12769,5,questionnaire-d7os,,3869392,5e116834acd5ce815cc69fc6,1092294,,complete,,5e3b31410d41ad345b2eda3f,computer,Desktop or Laptop,Windows 10,Chrome 79.0.3945.130,1920x1080,1920x937,Pass,Demographics,1,Yes,Pass,Pass,,,Mixed_JaneSet1_AustinS_JaneSH_JaneTest1,,,,,,LeftFemale_LeftSign,,,response-accent-text,
4,1580937805683,05/02/2020 21:23:25,1580937803735,-6,05/02/2020 15:23:23,12769,5,questionnaire-d7os,,3869392,5e116834acd5ce815cc69fc6,1092294,,complete,,5e3b31410d41ad345b2eda3f,computer,Desktop or Laptop,Windows 10,Chrome 79.0.3945.130,1920x1080,1920x937,Pass,Demographics,1,Yes,Pass,Pass,,,Mixed_JaneSet1_AustinS_JaneSH_JaneTest1,,,,,,LeftFemale_LeftSign,,,response-sex-2,Male
5,1580937805683,05/02/2020 21:23:25,1580937803735,-6,05/02/2020 15:23:23,12769,5,questionnaire-d7os,,3869392,5e116834acd5ce815cc69fc6,1092294,,complete,,5e3b31410d41ad345b2eda3f,computer,Desktop or Laptop,Windows 10,Chrome 79.0.3945.130,1920x1080,1920x937,Pass,Demographics,1,Yes,Pass,Pass,,,Mixed_JaneSet1_AustinS_JaneSH_JaneTest1,,,,,,LeftFemale_LeftSign,,,response-ethnicity-2,Not Hispanic or Latino
6,1580937805683,05/02/2020 21:23:25,1580937803735,-6,05/02/2020 15:23:23,12769,5,questionnaire-d7os,,3869392,5e116834acd5ce815cc69fc6,1092294,,complete,,5e3b31410d41ad345b2eda3f,computer,Desktop or Laptop,Windows 10,Chrome 79.0.3945.130,1920x1080,1920x937,Pass,Demographics,1,Yes,Pass,Pass,,,Mixed_JaneSet1_AustinS_JaneSH_JaneTest1,,,,,,LeftFemale_LeftSign,,,response-race-5,White
7,1580937805683,05/02/2020 21:23:25,1580937803735,-6,05/02/2020 15:23:23,12769,5,questionnaire-d7os,,3869392,5e116834acd5ce815cc69fc6,1092294,,complete,,5e3b31410d41ad345b2eda3f,computer,Desktop or Laptop,Windows 10,Chrome 79.0.3945.130,1920x1080,1920x937,Pass,Demographics,1,Yes,Pass,Pass,,,Mixed_JaneSet1_AustinS_JaneSH_JaneTest1,,,,,,LeftFemale_LeftSign,,,END QUESTIONNAIRE,22303
1,1580937789679,05/02/2020 21:23:09,1580937789552,-6,05/02/2020 15:23:09,12769,5,questionnaire-d7os,,3869394,5d7945fd5240da0019878dff,1092296,,complete,,5e3b31d8d8a9273478e6bac8,computer,Desktop or Laptop,Mac OS 10.14.6,Safari 13.0.4,1440x900,1385x789,Pass,Demographics,1,Yes,Pass,Pass,,,Mixed_AustinSet1_AustinSH_JaneS_JaneTest1,,,,,,,LeftFemale_LeftShine,,BEGIN QUESTIONNAIRE,
2,1580937815983,05/02/2020 21:23:35,1580937815884,-6,05/02/2020 15:23:35,12769,5,questionnaire-d7os,,3869394,5d7945fd5240da0019878dff,1092296,,complete,,5e3b31d8d8a9273478e6bac8,computer,Desktop or Laptop,Mac OS 10.14.6,Safari 13.0.4,1440x900,1370x789,Pass,Demographics,1,Yes,Pass,Pass,,,Mixed_AustinSet1_AustinSH_JaneS_JaneTest1,,,,,,,LeftFemale_LeftShine,,response-accent-7,Do not know
3,1580937816155,05/02/2020 21:23:36,1580937815886,-6,05/02/2020 15:23:35,12769,5,questionnaire-d7os,,3869394,5d7945fd5240da0019878dff,1092296,,complete,,5e3b31d8d8a9273478e6bac8,computer,Desktop or Laptop,Mac OS 10.14.6,Safari 13.0.4,1440x900,1370x789,Pass,Demographics,1,Yes,Pass,Pass,,,Mixed_AustinSet1_AustinSH_JaneS_JaneTest1,,,,,,,LeftFemale_LeftShine,,response-accent-text,
4,1580937816155,05/02/2020 21:23:36,1580937815886,-6,05/02/2020 15:23:35,12769,5,questionnaire-d7os,,3869394,5d7945fd5240da0019878dff,1092296,,complete,,5e3b31d8d8a9273478e6bac8,computer,Desktop or Laptop,Mac OS 10.14.6,Safari 13.0.4,1440x900,1370x789,Pass,Demographics,1,Yes,Pass,Pass,,,Mixed_AustinSet1_AustinSH_JaneS_JaneTest1,,,,,,,LeftFemale_LeftShine,,response-sex-1,Female
5,1580937816155,05/02/2020 21:23:36,1580937815886,-6,05/02/2020 15:23:35,12769,5,questionnaire-d7os,,3869394,5d7945fd5240da0019878dff,1092296,,complete,,5e3b31d8d8a9273478e6bac8,computer,Desktop or Laptop,Mac OS 10.14.6,Safari 13.0.4,1440x900,1370x789,Pass,Demographics,1,Yes,Pass,Pass,,,Mixed_AustinSet1_AustinSH_JaneS_JaneTest1,,,,,,,LeftFemale_LeftShine,,response-ethnicity-2,Not Hispanic or Latino
6,1580937816155,05/02/2020 21:23:36,1580937815887,-6,05/02/2020 15:23:35,12769,5,questionnaire-d7os,,3869394,5d7945fd5240da0019878dff,1092296,,complete,,5e3b31d8d8a9273478e6bac8,computer,Desktop or Laptop,Mac OS 10.14.6,Safari 13.0.4,1440x900,1370x789,Pass,Demographics,1,Yes,Pass,Pass,,,Mixed_AustinSet1_AustinSH_JaneS_JaneTest1,,,,,,,LeftFemale_LeftShine,,response-race-1,American Indian/Alaska Native
7,1580937816155,05/02/2020 21:23:36,1580937815887,-6,05/02/2020 15:23:35,12769,5,questionnaire-d7os,,3869394,5d7945fd5240da0019878dff,1092296,,complete,,5e3b31d8d8a9273478e6bac8,computer,Desktop or Laptop,Mac OS 10.14.6,Safari 13.0.4,1440x900,1370x789,Pass,Demographics,1,Yes,Pass,Pass,,,Mixed_AustinSet1_AustinSH_JaneS_JaneTest1,,,,,,,LeftFemale_LeftShine,,response-race-2,Asian
8,1580937816155,05/02/2020 21:23:36,1580937815887,-6,05/02/2020 15:23:35,12769,5,questionnaire-d7os,,3869394,5d7945fd5240da0019878dff,1092296,,complete,,5e3b31d8d8a9273478e6bac8,computer,Desktop or Laptop,Mac OS 10.14.6,Safari 13.0.4,1440x900,1370x789,Pass,Demographics,1,Yes,Pass,Pass,,,Mixed_AustinSet1_AustinSH_JaneS_JaneTest1,,,,,,,LeftFemale_LeftShine,,response-race-5,White
9,1580937816155,05/02/2020 21:23:36,1580937815887,-6,05/02/2020 15:23:35,12769,5,questionnaire-d7os,,3869394,5d7945fd5240da0019878dff,1092296,,complete,,5e3b31d8d8a9273478e6bac8,computer,Desktop or Laptop,Mac OS 10.14.6,Safari 13.0.4,1440x900,1370x789,Pass,Demographics,1,Yes,Pass,Pass,,,Mixed_AustinSet1_AustinSH_JaneS_JaneTest1,,,,,,,LeftFemale_LeftShine,,END QUESTIONNAIRE,26335
1,1580937870968,05/02/2020 21:24:30,1580937868947,-8,05/02/2020 13:24:28,12769,5,questionnaire-d7os,,3869419,5c5c65f82b9837000195da29,1092298,,complete,,5e3b31ae5b90d207e4ec89b0,computer,Desktop or Laptop,Windows 10,Chrome 79.0.3945.130,1920x1080,1536x750,Pass,Demographics,1,Yes,Pass,Pass,,,Mixed_JaneSet1_AustinS_JaneSH_AustinTest1,,LeftMale_LeftShine,,,,,,,BEGIN QUESTIONNAIRE,
2,1580937896764,05/02/2020 21:24:56,1580937894776,-8,05/02/2020 13:24:54,12769,5,questionnaire-d7os,,3869419,5c5c65f82b9837000195da29,1092298,,complete,,5e3b31ae5b90d207e4ec89b0,computer,Desktop or Laptop,Windows 10,Chrome 79.0.3945.130,1920x1080,1522x750,Pass,Demographics,1,Yes,Pass,Pass,,,Mixed_JaneSet1_AustinS_JaneSH_AustinTest1,,LeftMale_LeftShine,,,,,,,response-accent-3,Midwestern
3,1580937897014,05/02/2020 21:24:57,1580937894778,-8,05/02/2020 13:24:54,12769,5,questionnaire-d7os,,3869419,5c5c65f82b9837000195da29,1092298,,complete,,5e3b31ae5b90d207e4ec89b0,computer,Desktop or Laptop,Windows 10,Chrome 79.0.3945.130,1920x1080,1522x750,Pass,Demographics,1,Yes,Pass,Pass,,,Mixed_JaneSet1_AustinS_JaneSH_AustinTest1,,LeftMale_LeftShine,,,,,,,response-accent-text,
4,1580937897014,05/02/2020 21:24:57,1580937894778,-8,05/02/2020 13:24:54,12769,5,questionnaire-d7os,,3869419,5c5c65f82b9837000195da29,1092298,,complete,,5e3b31ae5b90d207e4ec89b0,computer,Desktop or Laptop,Windows 10,Chrome 79.0.3945.130,1920x1080,1522x750,Pass,Demographics,1,Yes,Pass,Pass,,,Mixed_JaneSet1_AustinS_JaneSH_AustinTest1,,LeftMale_LeftShine,,,,,,,response-sex-2,Male
5,1580937897014,05/02/2020 21:24:57,1580937894778,-8,05/02/2020 13:24:54,12769,5,questionnaire-d7os,,3869419,5c5c65f82b9837000195da29,1092298,,complete,,5e3b31ae5b90d207e4ec89b0,computer,Desktop or Laptop,Windows 10,Chrome 79.0.3945.130,1920x1080,1522x750,Pass,Demographics,1,Yes,Pass,Pass,,,Mixed_JaneSet1_AustinS_JaneSH_AustinTest1,,LeftMale_LeftShine,,,,,,,response-ethnicity-2,Not Hispanic or Latino
6,1580937897014,05/02/2020 21:24:57,1580937894778,-8,05/02/2020 13:24:54,12769,5,questionnaire-d7os,,3869419,5c5c65f82b9837000195da29,1092298,,complete,,5e3b31ae5b90d207e4ec89b0,computer,Desktop or Laptop,Windows 10,Chrome 79.0.3945.130,1920x1080,1522x750,Pass,Demographics,1,Yes,Pass,Pass,,,Mixed_JaneSet1_AustinS_JaneSH_AustinTest1,,LeftMale_LeftShine,,,,,,,response-race-5,White
7,1580937897014,05/02/2020 21:24:57,1580937894779,-8,05/02/2020 13:24:54,12769,5,questionnaire-d7os,,3869419,5c5c65f82b9837000195da29,1092298,,complete,,5e3b31ae5b90d207e4ec89b0,computer,Desktop or Laptop,Windows 10,Chrome 79.0.3945.130,1920x1080,1522x750,Pass,Demographics,1,Yes,Pass,Pass,,,Mixed_JaneSet1_AustinS_JaneSH_AustinTest1,,LeftMale_LeftShine,,,,,,,END QUESTIONNAIRE,25832
1,1580937873016,05/02/2020 21:24:33,1580937872047,-7,05/02/2020 14:24:32,12769,5,questionnaire-d7os,,3869421,5d92c8b53e7e420017b597cc,1092302,,complete,,5e3b3243c0ac4c000c016c92,computer,Desktop or Laptop,Windows 10,Chrome 79.0.3945.130,2048x1152,2048x1048,Pass,Demographics,1,Yes,Pass,Pass,,,Mixed_AustinSet1_AustinS_JaneSH_AustinTest1,LeftMale_LeftSign,,,,,,,,BEGIN QUESTIONNAIRE,
2,1580937891136,05/02/2020 21:24:51,1580937890174,-7,05/02/2020 14:24:50,12769,5,questionnaire-d7os,,3869421,5d92c8b53e7e420017b597cc,1092302,,complete,,5e3b3243c0ac4c000c016c92,computer,Desktop or Laptop,Windows 10,Chrome 79.0.3945.130,2048x1152,2048x1048,Pass,Demographics,1,Yes,Pass,Pass,,,Mixed_AustinSet1_AustinS_JaneSH_AustinTest1,LeftMale_LeftSign,,,,,,,,response-accent-7,Do not know
3,1580937891308,05/02/2020 21:24:51,1580937890175,-7,05/02/2020 14:24:50,12769,5,questionnaire-d7os,,3869421,5d92c8b53e7e420017b597cc,1092302,,complete,,5e3b3243c0ac4c000c016c92,computer,Desktop or Laptop,Windows 10,Chrome 79.0.3945.130,2048x1152,2048x1048,Pass,Demographics,1,Yes,Pass,Pass,,,Mixed_AustinSet1_AustinS_JaneSH_AustinTest1,LeftMale_LeftSign,,,,,,,,response-accent-text,
4,1580937891308,05/02/2020 21:24:51,1580937890175,-7,05/02/2020 14:24:50,12769,5,questionnaire-d7os,,3869421,5d92c8b53e7e420017b597cc,1092302,,complete,,5e3b3243c0ac4c000c016c92,computer,Desktop or Laptop,Windows 10,Chrome 79.0.3945.130,2048x1152,2048x1048,Pass,Demographics,1,Yes,Pass,Pass,,,Mixed_AustinSet1_AustinS_JaneSH_AustinTest1,LeftMale_LeftSign,,,,,,,,response-sex-1,Female
5,1580937891308,05/02/2020 21:24:51,1580937890175,-7,05/02/2020 14:24:50,12769,5,questionnaire-d7os,,3869421,5d92c8b53e7e420017b597cc,1092302,,complete,,5e3b3243c0ac4c000c016c92,computer,Desktop or Laptop,Windows 10,Chrome 79.0.3945.130,2048x1152,2048x1048,Pass,Demographics,1,Yes,Pass,Pass,,,Mixed_AustinSet1_AustinS_JaneSH_AustinTest1,LeftMale_LeftSign,,,,,,,,response-ethnicity-2,Not Hispanic or Latino
6,1580937891308,05/02/2020 21:24:51,1580937890175,-7,05/02/2020 14:24:50,12769,5,questionnaire-d7os,,3869421,5d92c8b53e7e420017b597cc,1092302,,complete,,5e3b3243c0ac4c000c016c92,computer,Desktop or Laptop,Windows 10,Chrome 79.0.3945.130,2048x1152,2048x1048,Pass,Demographics,1,Yes,Pass,Pass,,,Mixed_AustinSet1_AustinS_JaneSH_AustinTest1,LeftMale_LeftSign,,,,,,,,response-race-2,Asian
7,1580937891308,05/02/2020 21:24:51,1580937890175,-7,05/02/2020 14:24:50,12769,5,questionnaire-d7os,,3869421,5d92c8b53e7e420017b597cc,1092302,,complete,,5e3b3243c0ac4c000c016c92,computer,Desktop or Laptop,Windows 10,Chrome 79.0.3945.130,2048x1152,2048x1048,Pass,Demographics,1,Yes,Pass,Pass,,,Mixed_AustinSet1_AustinS_JaneSH_AustinTest1,LeftMale_LeftSign,,,,,,,,response-race-5,White
8,1580937891308,05/02/2020 21:24:51,1580937890175,-7,05/02/2020 14:24:50,12769,5,questionnaire-d7os,,3869421,5d92c8b53e7e420017b597cc,1092302,,complete,,5e3b3243c0ac4c000c016c92,computer,Desktop or Laptop,Windows 10,Chrome 79.0.3945.130,2048x1152,2048x1048,Pass,Demographics,1,Yes,Pass,Pass,,,Mixed_AustinSet1_AustinS_JaneSH_AustinTest1,LeftMale_LeftSign,,,,,,,,response-race-6,More than One Race
9,1580937891308,05/02/2020 21:24:51,1580937890176,-7,05/02/2020 14:24:50,12769,5,questionnaire-d7os,,3869421,5d92c8b53e7e420017b597cc,1092302,,complete,,5e3b3243c0ac4c000c016c92,computer,Desktop or Laptop,Windows 10,Chrome 79.0.3945.130,2048x1152,2048x1048,Pass,Demographics,1,Yes,Pass,Pass,,,Mixed_AustinSet1_AustinS_JaneSH_AustinTest1,LeftMale_LeftSign,,,,,,,,END QUESTIONNAIRE,18129
1,1580937899498,05/02/2020 21:24:59,1580937899744,-8,05/02/2020 13:24:59,12769,5,questionnaire-d7os,,3869429,5d7df1d0cb35810017c8cf8c,1092303,,complete,,5e3b323112cf4f07ed856d4a,computer,Desktop or Laptop,Windows 10,Chrome 79.0.3945.130,1920x1080,1920x975,Pass,Demographics,1,Yes,Pass,Pass,,,Mixed_AustinSet1_AustinSH_JaneS_AustinTest1,,,LeftMale_LeftSign,,,,,,BEGIN QUESTIONNAIRE,
2,1580937911897,05/02/2020 21:25:11,1580937912200,-8,05/02/2020 13:25:12,12769,5,questionnaire-d7os,,3869429,5d7df1d0cb35810017c8cf8c,1092303,,complete,,5e3b323112cf4f07ed856d4a,computer,Desktop or Laptop,Windows 10,Chrome 79.0.3945.130,1920x1080,1920x975,Pass,Demographics,1,Yes,Pass,Pass,,,Mixed_AustinSet1_AustinSH_JaneS_AustinTest1,,,LeftMale_LeftSign,,,,,,response-accent-4,Pacific northwest
3,1580937912100,05/02/2020 21:25:12,1580937912201,-8,05/02/2020 13:25:12,12769,5,questionnaire-d7os,,3869429,5d7df1d0cb35810017c8cf8c,1092303,,complete,,5e3b323112cf4f07ed856d4a,computer,Desktop or Laptop,Windows 10,Chrome 79.0.3945.130,1920x1080,1920x975,Pass,Demographics,1,Yes,Pass,Pass,,,Mixed_AustinSet1_AustinSH_JaneS_AustinTest1,,,LeftMale_LeftSign,,,,,,response-accent-text,
4,1580937912100,05/02/2020 21:25:12,1580937912201,-8,05/02/2020 13:25:12,12769,5,questionnaire-d7os,,3869429,5d7df1d0cb35810017c8cf8c,1092303,,complete,,5e3b323112cf4f07ed856d4a,computer,Desktop or Laptop,Windows 10,Chrome 79.0.3945.130,1920x1080,1920x975,Pass,Demographics,1,Yes,Pass,Pass,,,Mixed_AustinSet1_AustinSH_JaneS_AustinTest1,,,LeftMale_LeftSign,,,,,,response-sex-2,Male
5,1580937912100,05/02/2020 21:25:12,1580937912201,-8,05/02/2020 13:25:12,12769,5,questionnaire-d7os,,3869429,5d7df1d0cb35810017c8cf8c,1092303,,complete,,5e3b323112cf4f07ed856d4a,computer,Desktop or Laptop,Windows 10,Chrome 79.0.3945.130,1920x1080,1920x975,Pass,Demographics,1,Yes,Pass,Pass,,,Mixed_AustinSet1_AustinSH_JaneS_AustinTest1,,,LeftMale_LeftSign,,,,,,response-ethnicity-2,Not Hispanic or Latino
6,1580937912100,05/02/2020 21:25:12,1580937912201,-8,05/02/2020 13:25:12,12769,5,questionnaire-d7os,,3869429,5d7df1d0cb35810017c8cf8c,1092303,,complete,,5e3b323112cf4f07ed856d4a,computer,Desktop or Laptop,Windows 10,Chrome 79.0.3945.130,1920x1080,1920x975,Pass,Demographics,1,Yes,Pass,Pass,,,Mixed_AustinSet1_AustinSH_JaneS_AustinTest1,,,LeftMale_LeftSign,,,,,,response-race-5,White
7,1580937912100,05/02/2020 21:25:12,1580937912201,-8,05/02/2020 13:25:12,12769,5,questionnaire-d7os,,3869429,5d7df1d0cb35810017c8cf8c,1092303,,complete,,5e3b323112cf4f07ed856d4a,computer,Desktop or Laptop,Windows 10,Chrome 79.0.3945.130,1920x1080,1920x975,Pass,Demographics,1,Yes,Pass,Pass,,,Mixed_AustinSet1_AustinSH_JaneS_AustinTest1,,,LeftMale_LeftSign,,,,,,END QUESTIONNAIRE,12457
1,1580937919628,05/02/2020 21:25:19,1580937919384,-5,05/02/2020 16:25:19,12769,5,questionnaire-d7os,,3869433,596c36966956b40001c59d4e,1092304,,complete,,5e3b315b8a444d353d0a5934,computer,Desktop or Laptop,Mac OS 10.15.0,Chrome 79.0.3945.88,1440x900,1440x686,Pass,Demographics,1,Yes,Pass,Pass,,,Mixed_JaneSet1_AustinSH_JaneS_JaneTest1,,,,,,,,LeftFemale_LeftShine,BEGIN QUESTIONNAIRE,
2,1580937932536,05/02/2020 21:25:32,1580937932318,-5,05/02/2020 16:25:32,12769,5,questionnaire-d7os,,3869433,596c36966956b40001c59d4e,1092304,,complete,,5e3b315b8a444d353d0a5934,computer,Desktop or Laptop,Mac OS 10.15.0,Chrome 79.0.3945.88,1440x900,1440x686,Pass,Demographics,1,Yes,Pass,Pass,,,Mixed_JaneSet1_AustinSH_JaneS_JaneTest1,,,,,,,,LeftFemale_LeftShine,response-accent-3,Midwestern
3,1580937932819,05/02/2020 21:25:32,1580937932320,-5,05/02/2020 16:25:32,12769,5,questionnaire-d7os,,3869433,596c36966956b40001c59d4e,1092304,,complete,,5e3b315b8a444d353d0a5934,computer,Desktop or Laptop,Mac OS 10.15.0,Chrome 79.0.3945.88,1440x900,1440x686,Pass,Demographics,1,Yes,Pass,Pass,,,Mixed_JaneSet1_AustinSH_JaneS_JaneTest1,,,,,,,,LeftFemale_LeftShine,response-accent-text,
4,1580937932819,05/02/2020 21:25:32,1580937932321,-5,05/02/2020 16:25:32,12769,5,questionnaire-d7os,,3869433,596c36966956b40001c59d4e,1092304,,complete,,5e3b315b8a444d353d0a5934,computer,Desktop or Laptop,Mac OS 10.15.0,Chrome 79.0.3945.88,1440x900,1440x686,Pass,Demographics,1,Yes,Pass,Pass,,,Mixed_JaneSet1_AustinSH_JaneS_JaneTest1,,,,,,,,LeftFemale_LeftShine,response-sex-1,Female
5,1580937932819,05/02/2020 21:25:32,1580937932322,-5,05/02/2020 16:25:32,12769,5,questionnaire-d7os,,3869433,596c36966956b40001c59d4e,1092304,,complete,,5e3b315b8a444d353d0a5934,computer,Desktop or Laptop,Mac OS 10.15.0,Chrome 79.0.3945.88,1440x900,1440x686,Pass,Demographics,1,Yes,Pass,Pass,,,Mixed_JaneSet1_AustinSH_JaneS_JaneTest1,,,,,,,,LeftFemale_LeftShine,response-ethnicity-2,Not Hispanic or Latino
6,1580937932819,05/02/2020 21:25:32,1580937932322,-5,05/02/2020 16:25:32,12769,5,questionnaire-d7os,,3869433,596c36966956b40001c59d4e,1092304,,complete,,5e3b315b8a444d353d0a5934,computer,Desktop or Laptop,Mac OS 10.15.0,Chrome 79.0.3945.88,1440x900,1440x686,Pass,Demographics,1,Yes,Pass,Pass,,,Mixed_JaneSet1_AustinSH_JaneS_JaneTest1,,,,,,,,LeftFemale_LeftShine,response-race-5,White
7,1580937932819,05/02/2020 21:25:32,1580937932322,-5,05/02/2020 16:25:32,12769,5,questionnaire-d7os,,3869433,596c36966956b40001c59d4e,1092304,,complete,,5e3b315b8a444d353d0a5934,computer,Desktop or Laptop,Mac OS 10.15.0,Chrome 79.0.3945.88,1440x900,1440x686,Pass,Demographics,1,Yes,Pass,Pass,,,Mixed_JaneSet1_AustinSH_JaneS_JaneTest1,,,,,,,,LeftFemale_LeftShine,END QUESTIONNAIRE,12938
1,1580938015875,05/02/2020 21:26:55,1580938018089,-6,05/02/2020 15:26:58,12769,5,questionnaire-d7os,,3869455,5d62239454f7a50001c70f03,1092301,,complete,,5e3b323d983be7346c1ab8eb,computer,Desktop or Laptop,Windows 10,Chrome 79.0.3945.130,1366x768,1366x663,Pass,Demographics,1,Yes,Fail,Pass,Pass,,Mixed_JaneSet1_AustinS_JaneSH_AustinTest1,,LeftMale_LeftSign,,,,,,,BEGIN QUESTIONNAIRE,
2,1580938034848,05/02/2020 21:27:14,1580938036660,-6,05/02/2020 15:27:16,12769,5,questionnaire-d7os,,3869455,5d62239454f7a50001c70f03,1092301,,complete,,5e3b323d983be7346c1ab8eb,computer,Desktop or Laptop,Windows 10,Chrome 79.0.3945.130,1366x768,1349x663,Pass,Demographics,1,Yes,Fail,Pass,Pass,,Mixed_JaneSet1_AustinS_JaneSH_AustinTest1,,LeftMale_LeftSign,,,,,,,response-accent-2,Southern
3,1580938035162,05/02/2020 21:27:15,1580938036666,-6,05/02/2020 15:27:16,12769,5,questionnaire-d7os,,3869455,5d62239454f7a50001c70f03,1092301,,complete,,5e3b323d983be7346c1ab8eb,computer,Desktop or Laptop,Windows 10,Chrome 79.0.3945.130,1366x768,1349x663,Pass,Demographics,1,Yes,Fail,Pass,Pass,,Mixed_JaneSet1_AustinS_JaneSH_AustinTest1,,LeftMale_LeftSign,,,,,,,response-accent-text,
4,1580938035162,05/02/2020 21:27:15,1580938036667,-6,05/02/2020 15:27:16,12769,5,questionnaire-d7os,,3869455,5d62239454f7a50001c70f03,1092301,,complete,,5e3b323d983be7346c1ab8eb,computer,Desktop or Laptop,Windows 10,Chrome 79.0.3945.130,1366x768,1349x663,Pass,Demographics,1,Yes,Fail,Pass,Pass,,Mixed_JaneSet1_AustinS_JaneSH_AustinTest1,,LeftMale_LeftSign,,,,,,,response-sex-1,Female
5,1580938035162,05/02/2020 21:27:15,1580938036670,-6,05/02/2020 15:27:16,12769,5,questionnaire-d7os,,3869455,5d62239454f7a50001c70f03,1092301,,complete,,5e3b323d983be7346c1ab8eb,computer,Desktop or Laptop,Windows 10,Chrome 79.0.3945.130,1366x768,1349x663,Pass,Demographics,1,Yes,Fail,Pass,Pass,,Mixed_JaneSet1_AustinS_JaneSH_AustinTest1,,LeftMale_LeftSign,,,,,,,response-ethnicity-2,Not Hispanic or Latino
6,1580938035162,05/02/2020 21:27:15,1580938036671,-6,05/02/2020 15:27:16,12769,5,questionnaire-d7os,,3869455,5d62239454f7a50001c70f03,1092301,,complete,,5e3b323d983be7346c1ab8eb,computer,Desktop or Laptop,Windows 10,Chrome 79.0.3945.130,1366x768,1349x663,Pass,Demographics,1,Yes,Fail,Pass,Pass,,Mixed_JaneSet1_AustinS_JaneSH_AustinTest1,,LeftMale_LeftSign,,,,,,,response-race-4,Black or African American
7,1580938035162,05/02/2020 21:27:15,1580938036671,-6,05/02/2020 15:27:16,12769,5,questionnaire-d7os,,3869455,5d62239454f7a50001c70f03,1092301,,complete,,5e3b323d983be7346c1ab8eb,computer,Desktop or Laptop,Windows 10,Chrome 79.0.3945.130,1366x768,1349x663,Pass,Demographics,1,Yes,Fail,Pass,Pass,,Mixed_JaneSet1_AustinS_JaneSH_AustinTest1,,LeftMale_LeftSign,,,,,,,END QUESTIONNAIRE,18582
1,1580938033724,05/02/2020 21:27:13,1580938036429,-5,05/02/2020 16:27:16,12769,5,questionnaire-d7os,,3869459,5dfc48e70108e5952da3cc11,1092309,,complete,,5e3b324f5da22c0850a6befc,computer,Desktop or Laptop,Windows 10,Chrome 79.0.3945.130,1920x1080,1920x937,Pass,Demographics,1,Yes,Pass,Pass,,,Mixed_AustinSet1_AustinS_JaneSH_JaneTest1,,,,,LeftMale_LeftSign,,,,BEGIN QUESTIONNAIRE,
2,1580938049478,05/02/2020 21:27:29,1580938052218,-5,05/02/2020 16:27:32,12769,5,questionnaire-d7os,,3869459,5dfc48e70108e5952da3cc11,1092309,,complete,,5e3b324f5da22c0850a6befc,computer,Desktop or Laptop,Windows 10,Chrome 79.0.3945.130,1920x1080,1920x937,Pass,Demographics,1,Yes,Pass,Pass,,,Mixed_AustinSet1_AustinS_JaneSH_JaneTest1,,,,,LeftMale_LeftSign,,,,response-accent-1,New England
3,1580938049633,05/02/2020 21:27:29,1580938052220,-5,05/02/2020 16:27:32,12769,5,questionnaire-d7os,,3869459,5dfc48e70108e5952da3cc11,1092309,,complete,,5e3b324f5da22c0850a6befc,computer,Desktop or Laptop,Windows 10,Chrome 79.0.3945.130,1920x1080,1920x937,Pass,Demographics,1,Yes,Pass,Pass,,,Mixed_AustinSet1_AustinS_JaneSH_JaneTest1,,,,,LeftMale_LeftSign,,,,response-accent-text,
4,1580938049633,05/02/2020 21:27:29,1580938052220,-5,05/02/2020 16:27:32,12769,5,questionnaire-d7os,,3869459,5dfc48e70108e5952da3cc11,1092309,,complete,,5e3b324f5da22c0850a6befc,computer,Desktop or Laptop,Windows 10,Chrome 79.0.3945.130,1920x1080,1920x937,Pass,Demographics,1,Yes,Pass,Pass,,,Mixed_AustinSet1_AustinS_JaneSH_JaneTest1,,,,,LeftMale_LeftSign,,,,response-sex-2,Male
5,1580938049633,05/02/2020 21:27:29,1580938052220,-5,05/02/2020 16:27:32,12769,5,questionnaire-d7os,,3869459,5dfc48e70108e5952da3cc11,1092309,,complete,,5e3b324f5da22c0850a6befc,computer,Desktop or Laptop,Windows 10,Chrome 79.0.3945.130,1920x1080,1920x937,Pass,Demographics,1,Yes,Pass,Pass,,,Mixed_AustinSet1_AustinS_JaneSH_JaneTest1,,,,,LeftMale_LeftSign,,,,response-ethnicity-2,Not Hispanic or Latino
6,1580938049633,05/02/2020 21:27:29,1580938052220,-5,05/02/2020 16:27:32,12769,5,questionnaire-d7os,,3869459,5dfc48e70108e5952da3cc11,1092309,,complete,,5e3b324f5da22c0850a6befc,computer,Desktop or Laptop,Windows 10,Chrome 79.0.3945.130,1920x1080,1920x937,Pass,Demographics,1,Yes,Pass,Pass,,,Mixed_AustinSet1_AustinS_JaneSH_JaneTest1,,,,,LeftMale_LeftSign,,,,response-race-5,White
7,1580938049633,05/02/2020 21:27:29,1580938052220,-5,05/02/2020 16:27:32,12769,5,questionnaire-d7os,,3869459,5dfc48e70108e5952da3cc11,1092309,,complete,,5e3b324f5da22c0850a6befc,computer,Desktop or Laptop,Windows 10,Chrome 79.0.3945.130,1920x1080,1920x937,Pass,Demographics,1,Yes,Pass,Pass,,,Mixed_AustinSet1_AustinS_JaneSH_JaneTest1,,,,,LeftMale_LeftSign,,,,END QUESTIONNAIRE,15792
1,1580938129261,05/02/2020 21:28:49,1580938129137,-8,05/02/2020 13:28:49,12769,5,questionnaire-d7os,,3869487,5dadfba804a8070016d5dc68,1092316,,complete,,5e3b332d55be5b34e0e39352,computer,Desktop or Laptop,Mac OS 10.13.6,Chrome 73.0.3683.103,1440x900,1439x685,Pass,Demographics,1,Yes,Pass,Pass,,,Mixed_JaneSet1_AustinSH_JaneS_AustinTest1,,,,LeftFemale_LeftSign,,,,,BEGIN QUESTIONNAIRE,
2,1580938206086,05/02/2020 21:30:06,1580938205975,-8,05/02/2020 13:30:05,12769,5,questionnaire-d7os,,3869487,5dadfba804a8070016d5dc68,1092316,,complete,,5e3b332d55be5b34e0e39352,computer,Desktop or Laptop,Mac OS 10.13.6,Chrome 73.0.3683.103,1440x900,1439x685,Pass,Demographics,1,Yes,Pass,Pass,,,Mixed_JaneSet1_AustinSH_JaneS_AustinTest1,,,,LeftFemale_LeftSign,,,,,response-accent-other,Other (please specify)
3,1580938206259,05/02/2020 21:30:06,1580938205977,-8,05/02/2020 13:30:05,12769,5,questionnaire-d7os,,3869487,5dadfba804a8070016d5dc68,1092316,,complete,,5e3b332d55be5b34e0e39352,computer,Desktop or Laptop,Mac OS 10.13.6,Chrome 73.0.3683.103,1440x900,1439x685,Pass,Demographics,1,Yes,Pass,Pass,,,Mixed_JaneSet1_AustinSH_JaneS_AustinTest1,,,,LeftFemale_LeftSign,,,,,response-accent-text,"Yorkshire Dialect (North West England, United Kingdom)"
4,1580938206259,05/02/2020 21:30:06,1580938205977,-8,05/02/2020 13:30:05,12769,5,questionnaire-d7os,,3869487,5dadfba804a8070016d5dc68,1092316,,complete,,5e3b332d55be5b34e0e39352,computer,Desktop or Laptop,Mac OS 10.13.6,Chrome 73.0.3683.103,1440x900,1439x685,Pass,Demographics,1,Yes,Pass,Pass,,,Mixed_JaneSet1_AustinSH_JaneS_AustinTest1,,,,LeftFemale_LeftSign,,,,,response-sex-2,Male
5,1580938206259,05/02/2020 21:30:06,1580938205977,-8,05/02/2020 13:30:05,12769,5,questionnaire-d7os,,3869487,5dadfba804a8070016d5dc68,1092316,,complete,,5e3b332d55be5b34e0e39352,computer,Desktop or Laptop,Mac OS 10.13.6,Chrome 73.0.3683.103,1440x900,1439x685,Pass,Demographics,1,Yes,Pass,Pass,,,Mixed_JaneSet1_AustinSH_JaneS_AustinTest1,,,,LeftFemale_LeftSign,,,,,response-ethnicity-2,Not Hispanic or Latino
6,1580938206259,05/02/2020 21:30:06,1580938205978,-8,05/02/2020 13:30:05,12769,5,questionnaire-d7os,,3869487,5dadfba804a8070016d5dc68,1092316,,complete,,5e3b332d55be5b34e0e39352,computer,Desktop or Laptop,Mac OS 10.13.6,Chrome 73.0.3683.103,1440x900,1439x685,Pass,Demographics,1,Yes,Pass,Pass,,,Mixed_JaneSet1_AustinSH_JaneS_AustinTest1,,,,LeftFemale_LeftSign,,,,,response-race-5,White
7,1580938206259,05/02/2020 21:30:06,1580938205978,-8,05/02/2020 13:30:05,12769,5,questionnaire-d7os,,3869487,5dadfba804a8070016d5dc68,1092316,,complete,,5e3b332d55be5b34e0e39352,computer,Desktop or Laptop,Mac OS 10.13.6,Chrome 73.0.3683.103,1440x900,1439x685,Pass,Demographics,1,Yes,Pass,Pass,,,Mixed_JaneSet1_AustinSH_JaneS_AustinTest1,,,,LeftFemale_LeftSign,,,,,END QUESTIONNAIRE,76841
1,1580938237656,05/02/2020 21:30:37,1580938238879,-5,05/02/2020 16:30:38,12769,5,questionnaire-d7os,,3869521,5db71aa75d4951000fbb2328,1092318,,complete,,5e3b329f3aba99347e9266b4,computer,Desktop or Laptop,Windows 10,Chrome 79.0.3945.130,1536x864,1536x722,Pass,Demographics,1,Yes,Fail,Pass,Pass,,Mixed_JaneSet1_AustinSH_JaneS_JaneTest1,,,,,,,,LeftMale_LeftSign,BEGIN QUESTIONNAIRE,
2,1580938259554,05/02/2020 21:30:59,1580938260825,-5,05/02/2020 16:31:00,12769,5,questionnaire-d7os,,3869521,5db71aa75d4951000fbb2328,1092318,,complete,,5e3b329f3aba99347e9266b4,computer,Desktop or Laptop,Windows 10,Chrome 79.0.3945.130,1536x864,1519x722,Pass,Demographics,1,Yes,Fail,Pass,Pass,,Mixed_JaneSet1_AustinSH_JaneS_JaneTest1,,,,,,,,LeftMale_LeftSign,response-accent-2,Southern
3,1580938259721,05/02/2020 21:30:59,1580938260827,-5,05/02/2020 16:31:00,12769,5,questionnaire-d7os,,3869521,5db71aa75d4951000fbb2328,1092318,,complete,,5e3b329f3aba99347e9266b4,computer,Desktop or Laptop,Windows 10,Chrome 79.0.3945.130,1536x864,1519x722,Pass,Demographics,1,Yes,Fail,Pass,Pass,,Mixed_JaneSet1_AustinSH_JaneS_JaneTest1,,,,,,,,LeftMale_LeftSign,response-accent-text,
4,1580938259721,05/02/2020 21:30:59,1580938260827,-5,05/02/2020 16:31:00,12769,5,questionnaire-d7os,,3869521,5db71aa75d4951000fbb2328,1092318,,complete,,5e3b329f3aba99347e9266b4,computer,Desktop or Laptop,Windows 10,Chrome 79.0.3945.130,1536x864,1519x722,Pass,Demographics,1,Yes,Fail,Pass,Pass,,Mixed_JaneSet1_AustinSH_JaneS_JaneTest1,,,,,,,,LeftMale_LeftSign,response-sex-1,Female
5,1580938259721,05/02/2020 21:30:59,1580938260828,-5,05/02/2020 16:31:00,12769,5,questionnaire-d7os,,3869521,5db71aa75d4951000fbb2328,1092318,,complete,,5e3b329f3aba99347e9266b4,computer,Desktop or Laptop,Windows 10,Chrome 79.0.3945.130,1536x864,1519x722,Pass,Demographics,1,Yes,Fail,Pass,Pass,,Mixed_JaneSet1_AustinSH_JaneS_JaneTest1,,,,,,,,LeftMale_LeftSign,response-ethnicity-2,Not Hispanic or Latino
6,1580938259721,05/02/2020 21:30:59,1580938260828,-5,05/02/2020 16:31:00,12769,5,questionnaire-d7os,,3869521,5db71aa75d4951000fbb2328,1092318,,complete,,5e3b329f3aba99347e9266b4,computer,Desktop or Laptop,Windows 10,Chrome 79.0.3945.130,1536x864,1519x722,Pass,Demographics,1,Yes,Fail,Pass,Pass,,Mixed_JaneSet1_AustinSH_JaneS_JaneTest1,,,,,,,,LeftMale_LeftSign,response-race-5,White
7,1580938259721,05/02/2020 21:30:59,1580938260828,-5,05/02/2020 16:31:00,12769,5,questionnaire-d7os,,3869521,5db71aa75d4951000fbb2328,1092318,,complete,,5e3b329f3aba99347e9266b4,computer,Desktop or Laptop,Windows 10,Chrome 79.0.3945.130,1536x864,1519x722,Pass,Demographics,1,Yes,Fail,Pass,Pass,,Mixed_JaneSet1_AustinSH_JaneS_JaneTest1,,,,,,,,LeftMale_LeftSign,END QUESTIONNAIRE,21949
1,1580938239829,05/02/2020 21:30:39,1580938243068,-6,05/02/2020 15:30:43,12769,5,questionnaire-d7os,,3869522,59ace492321f870001d16fcb,1092328,,complete,,5e3b33b30014e2353380caaf,computer,Desktop or Laptop,Windows 7,Chrome 79.0.3945.130,1920x1080,1271x848,Pass,Demographics,1,Yes,Pass,Pass,,,Mixed_AustinSet1_AustinSH_JaneS_JaneTest1,,,,,,,LeftMale_LeftSign,,BEGIN QUESTIONNAIRE,
2,1580938265299,05/02/2020 21:31:05,1580938268376,-6,05/02/2020 15:31:08,12769,5,questionnaire-d7os,,3869522,59ace492321f870001d16fcb,1092328,,complete,,5e3b33b30014e2353380caaf,computer,Desktop or Laptop,Windows 7,Chrome 79.0.3945.130,1920x1080,1254x848,Pass,Demographics,1,Yes,Pass,Pass,,,Mixed_AustinSet1_AustinSH_JaneS_JaneTest1,,,,,,,LeftMale_LeftSign,,response-accent-7,Do not know
3,1580938265486,05/02/2020 21:31:05,1580938268378,-6,05/02/2020 15:31:08,12769,5,questionnaire-d7os,,3869522,59ace492321f870001d16fcb,1092328,,complete,,5e3b33b30014e2353380caaf,computer,Desktop or Laptop,Windows 7,Chrome 79.0.3945.130,1920x1080,1254x848,Pass,Demographics,1,Yes,Pass,Pass,,,Mixed_AustinSet1_AustinSH_JaneS_JaneTest1,,,,,,,LeftMale_LeftSign,,response-accent-text,
4,1580938265486,05/02/2020 21:31:05,1580938268378,-6,05/02/2020 15:31:08,12769,5,questionnaire-d7os,,3869522,59ace492321f870001d16fcb,1092328,,complete,,5e3b33b30014e2353380caaf,computer,Desktop or Laptop,Windows 7,Chrome 79.0.3945.130,1920x1080,1254x848,Pass,Demographics,1,Yes,Pass,Pass,,,Mixed_AustinSet1_AustinSH_JaneS_JaneTest1,,,,,,,LeftMale_LeftSign,,response-sex-2,Male
5,1580938265486,05/02/2020 21:31:05,1580938268378,-6,05/02/2020 15:31:08,12769,5,questionnaire-d7os,,3869522,59ace492321f870001d16fcb,1092328,,complete,,5e3b33b30014e2353380caaf,computer,Desktop or Laptop,Windows 7,Chrome 79.0.3945.130,1920x1080,1254x848,Pass,Demographics,1,Yes,Pass,Pass,,,Mixed_AustinSet1_AustinSH_JaneS_JaneTest1,,,,,,,LeftMale_LeftSign,,response-ethnicity-2,Not Hispanic or Latino
6,1580938265486,05/02/2020 21:31:05,1580938268379,-6,05/02/2020 15:31:08,12769,5,questionnaire-d7os,,3869522,59ace492321f870001d16fcb,1092328,,complete,,5e3b33b30014e2353380caaf,computer,Desktop or Laptop,Windows 7,Chrome 79.0.3945.130,1920x1080,1254x848,Pass,Demographics,1,Yes,Pass,Pass,,,Mixed_AustinSet1_AustinSH_JaneS_JaneTest1,,,,,,,LeftMale_LeftSign,,response-race-5,White
7,1580938265486,05/02/2020 21:31:05,1580938268379,-6,05/02/2020 15:31:08,12769,5,questionnaire-d7os,,3869522,59ace492321f870001d16fcb,1092328,,complete,,5e3b33b30014e2353380caaf,computer,Desktop or Laptop,Windows 7,Chrome 79.0.3945.130,1920x1080,1254x848,Pass,Demographics,1,Yes,Pass,Pass,,,Mixed_AustinSet1_AustinSH_JaneS_JaneTest1,,,,,,,LeftMale_LeftSign,,END QUESTIONNAIRE,25311
1,1580938241501,05/02/2020 21:30:41,1580938240486,-6,05/02/2020 15:30:40,12769,5,questionnaire-d7os,,3869523,5e178a7e8600ac000c3fe84e,1092317,,complete,,5e3b3364e4a925350fff500d,computer,Desktop or Laptop,Windows 10,Chrome 79.0.3945.130,1920x1080,1920x937,Pass,Demographics,1,Yes,Pass,Pass,,,Mixed_JaneSet1_AustinS_JaneSH_JaneTest1,,,,,,LeftMale_LeftSign,,,BEGIN QUESTIONNAIRE,
2,1580938255111,05/02/2020 21:30:55,1580938254194,-6,05/02/2020 15:30:54,12769,5,questionnaire-d7os,,3869523,5e178a7e8600ac000c3fe84e,1092317,,complete,,5e3b3364e4a925350fff500d,computer,Desktop or Laptop,Windows 10,Chrome 79.0.3945.130,1920x1080,1920x937,Pass,Demographics,1,Yes,Pass,Pass,,,Mixed_JaneSet1_AustinS_JaneSH_JaneTest1,,,,,,LeftMale_LeftSign,,,response-accent-1,New England
3,1580938255298,05/02/2020 21:30:55,1580938254195,-6,05/02/2020 15:30:54,12769,5,questionnaire-d7os,,3869523,5e178a7e8600ac000c3fe84e,1092317,,complete,,5e3b3364e4a925350fff500d,computer,Desktop or Laptop,Windows 10,Chrome 79.0.3945.130,1920x1080,1920x937,Pass,Demographics,1,Yes,Pass,Pass,,,Mixed_JaneSet1_AustinS_JaneSH_JaneTest1,,,,,,LeftMale_LeftSign,,,response-accent-text,
4,1580938255298,05/02/2020 21:30:55,1580938254195,-6,05/02/2020 15:30:54,12769,5,questionnaire-d7os,,3869523,5e178a7e8600ac000c3fe84e,1092317,,complete,,5e3b3364e4a925350fff500d,computer,Desktop or Laptop,Windows 10,Chrome 79.0.3945.130,1920x1080,1920x937,Pass,Demographics,1,Yes,Pass,Pass,,,Mixed_JaneSet1_AustinS_JaneSH_JaneTest1,,,,,,LeftMale_LeftSign,,,response-sex-3,Other
5,1580938255298,05/02/2020 21:30:55,1580938254196,-6,05/02/2020 15:30:54,12769,5,questionnaire-d7os,,3869523,5e178a7e8600ac000c3fe84e,1092317,,complete,,5e3b3364e4a925350fff500d,computer,Desktop or Laptop,Windows 10,Chrome 79.0.3945.130,1920x1080,1920x937,Pass,Demographics,1,Yes,Pass,Pass,,,Mixed_JaneSet1_AustinS_JaneSH_JaneTest1,,,,,,LeftMale_LeftSign,,,response-ethnicity-2,Not Hispanic or Latino
6,1580938255298,05/02/2020 21:30:55,1580938254196,-6,05/02/2020 15:30:54,12769,5,questionnaire-d7os,,3869523,5e178a7e8600ac000c3fe84e,1092317,,complete,,5e3b3364e4a925350fff500d,computer,Desktop or Laptop,Windows 10,Chrome 79.0.3945.130,1920x1080,1920x937,Pass,Demographics,1,Yes,Pass,Pass,,,Mixed_JaneSet1_AustinS_JaneSH_JaneTest1,,,,,,LeftMale_LeftSign,,,response-race-5,White
7,1580938255298,05/02/2020 21:30:55,1580938254196,-6,05/02/2020 15:30:54,12769,5,questionnaire-d7os,,3869523,5e178a7e8600ac000c3fe84e,1092317,,complete,,5e3b3364e4a925350fff500d,computer,Desktop or Laptop,Windows 10,Chrome 79.0.3945.130,1920x1080,1920x937,Pass,Demographics,1,Yes,Pass,Pass,,,Mixed_JaneSet1_AustinS_JaneSH_JaneTest1,,,,,,LeftMale_LeftSign,,,END QUESTIONNAIRE,13710
1,1580938291397,05/02/2020 21:31:31,1580938297457,-8,05/02/2020 13:31:37,12769,5,questionnaire-d7os,,3869532,5e0583957dd477fb29fae7dd,1092331,,complete,,5e3b33d2bf69e134a1af8ac8,computer,Desktop or Laptop,Windows 10,Chrome 79.0.3945.130,1280x720,1280x578,Pass,Demographics,1,Yes,Pass,Pass,,,Mixed_AustinSet1_AustinSH_JaneS_AustinTest1,,,LeftFemale_LeftShine,,,,,,BEGIN QUESTIONNAIRE,
2,1580938312004,05/02/2020 21:31:52,1580938318094,-8,05/02/2020 13:31:58,12769,5,questionnaire-d7os,,3869532,5e0583957dd477fb29fae7dd,1092331,,complete,,5e3b33d2bf69e134a1af8ac8,computer,Desktop or Laptop,Windows 10,Chrome 79.0.3945.130,1280x720,1263x578,Pass,Demographics,1,Yes,Pass,Pass,,,Mixed_AustinSet1_AustinSH_JaneS_AustinTest1,,,LeftFemale_LeftShine,,,,,,response-accent-5,Pacific southwest
3,1580938312207,05/02/2020 21:31:52,1580938318099,-8,05/02/2020 13:31:58,12769,5,questionnaire-d7os,,3869532,5e0583957dd477fb29fae7dd,1092331,,complete,,5e3b33d2bf69e134a1af8ac8,computer,Desktop or Laptop,Windows 10,Chrome 79.0.3945.130,1280x720,1263x578,Pass,Demographics,1,Yes,Pass,Pass,,,Mixed_AustinSet1_AustinSH_JaneS_AustinTest1,,,LeftFemale_LeftShine,,,,,,response-accent-text,
4,1580938312207,05/02/2020 21:31:52,1580938318099,-8,05/02/2020 13:31:58,12769,5,questionnaire-d7os,,3869532,5e0583957dd477fb29fae7dd,1092331,,complete,,5e3b33d2bf69e134a1af8ac8,computer,Desktop or Laptop,Windows 10,Chrome 79.0.3945.130,1280x720,1263x578,Pass,Demographics,1,Yes,Pass,Pass,,,Mixed_AustinSet1_AustinSH_JaneS_AustinTest1,,,LeftFemale_LeftShine,,,,,,response-sex-1,Female
5,1580938312207,05/02/2020 21:31:52,1580938318100,-8,05/02/2020 13:31:58,12769,5,questionnaire-d7os,,3869532,5e0583957dd477fb29fae7dd,1092331,,complete,,5e3b33d2bf69e134a1af8ac8,computer,Desktop or Laptop,Windows 10,Chrome 79.0.3945.130,1280x720,1263x578,Pass,Demographics,1,Yes,Pass,Pass,,,Mixed_AustinSet1_AustinSH_JaneS_AustinTest1,,,LeftFemale_LeftShine,,,,,,response-ethnicity-2,Not Hispanic or Latino
6,1580938312207,05/02/2020 21:31:52,1580938318100,-8,05/02/2020 13:31:58,12769,5,questionnaire-d7os,,3869532,5e0583957dd477fb29fae7dd,1092331,,complete,,5e3b33d2bf69e134a1af8ac8,computer,Desktop or Laptop,Windows 10,Chrome 79.0.3945.130,1280x720,1263x578,Pass,Demographics,1,Yes,Pass,Pass,,,Mixed_AustinSet1_AustinSH_JaneS_AustinTest1,,,LeftFemale_LeftShine,,,,,,response-race-2,Asian
7,1580938312207,05/02/2020 21:31:52,1580938318100,-8,05/02/2020 13:31:58,12769,5,questionnaire-d7os,,3869532,5e0583957dd477fb29fae7dd,1092331,,complete,,5e3b33d2bf69e134a1af8ac8,computer,Desktop or Laptop,Windows 10,Chrome 79.0.3945.130,1280x720,1263x578,Pass,Demographics,1,Yes,Pass,Pass,,,Mixed_AustinSet1_AustinSH_JaneS_AustinTest1,,,LeftFemale_LeftShine,,,,,,response-race-5,White
8,1580938312207,05/02/2020 21:31:52,1580938318100,-8,05/02/2020 13:31:58,12769,5,questionnaire-d7os,,3869532,5e0583957dd477fb29fae7dd,1092331,,complete,,5e3b33d2bf69e134a1af8ac8,computer,Desktop or Laptop,Windows 10,Chrome 79.0.3945.130,1280x720,1263x578,Pass,Demographics,1,Yes,Pass,Pass,,,Mixed_AustinSet1_AustinSH_JaneS_AustinTest1,,,LeftFemale_LeftShine,,,,,,END QUESTIONNAIRE,20643
1,1580938644535,05/02/2020 21:37:24,1580938667860,-6,05/02/2020 15:37:47,12769,5,questionnaire-d7os,,3869584,5dcb527b4fbc3e83034f3606,1092342,,complete,,5e3b351f9d5f1e34cb2f0907,computer,Desktop or Laptop,Windows 10,Chrome 79.0.3945.130,1366x768,1366x625,Pass,Demographics,1,Yes,Fail,Pass,Pass,,Mixed_JaneSet1_AustinS_JaneSH_AustinTest1,,LeftFemale_LeftShine,,,,,,,BEGIN QUESTIONNAIRE,
2,1580938652255,05/02/2020 21:37:32,1580938675266,-6,05/02/2020 15:37:55,12769,5,questionnaire-d7os,,3869584,5dcb527b4fbc3e83034f3606,1092342,,complete,,5e3b351f9d5f1e34cb2f0907,computer,Desktop or Laptop,Windows 10,Chrome 79.0.3945.130,1366x768,1349x625,Pass,Demographics,1,Yes,Fail,Pass,Pass,,Mixed_JaneSet1_AustinS_JaneSH_AustinTest1,,LeftFemale_LeftShine,,,,,,,response-accent-2,Southern
3,1580938652427,05/02/2020 21:37:32,1580938675268,-6,05/02/2020 15:37:55,12769,5,questionnaire-d7os,,3869584,5dcb527b4fbc3e83034f3606,1092342,,complete,,5e3b351f9d5f1e34cb2f0907,computer,Desktop or Laptop,Windows 10,Chrome 79.0.3945.130,1366x768,1349x625,Pass,Demographics,1,Yes,Fail,Pass,Pass,,Mixed_JaneSet1_AustinS_JaneSH_AustinTest1,,LeftFemale_LeftShine,,,,,,,response-accent-text,
4,1580938652427,05/02/2020 21:37:32,1580938675269,-6,05/02/2020 15:37:55,12769,5,questionnaire-d7os,,3869584,5dcb527b4fbc3e83034f3606,1092342,,complete,,5e3b351f9d5f1e34cb2f0907,computer,Desktop or Laptop,Windows 10,Chrome 79.0.3945.130,1366x768,1349x625,Pass,Demographics,1,Yes,Fail,Pass,Pass,,Mixed_JaneSet1_AustinS_JaneSH_AustinTest1,,LeftFemale_LeftShine,,,,,,,response-sex-1,Female
5,1580938652427,05/02/2020 21:37:32,1580938675269,-6,05/02/2020 15:37:55,12769,5,questionnaire-d7os,,3869584,5dcb527b4fbc3e83034f3606,1092342,,complete,,5e3b351f9d5f1e34cb2f0907,computer,Desktop or Laptop,Windows 10,Chrome 79.0.3945.130,1366x768,1349x625,Pass,Demographics,1,Yes,Fail,Pass,Pass,,Mixed_JaneSet1_AustinS_JaneSH_AustinTest1,,LeftFemale_LeftShine,,,,,,,response-ethnicity-2,Not Hispanic or Latino
6,1580938652427,05/02/2020 21:37:32,1580938675269,-6,05/02/2020 15:37:55,12769,5,questionnaire-d7os,,3869584,5dcb527b4fbc3e83034f3606,1092342,,complete,,5e3b351f9d5f1e34cb2f0907,computer,Desktop or Laptop,Windows 10,Chrome 79.0.3945.130,1366x768,1349x625,Pass,Demographics,1,Yes,Fail,Pass,Pass,,Mixed_JaneSet1_AustinS_JaneSH_AustinTest1,,LeftFemale_LeftShine,,,,,,,response-race-5,White
7,1580938652427,05/02/2020 21:37:32,1580938675269,-6,05/02/2020 15:37:55,12769,5,questionnaire-d7os,,3869584,5dcb527b4fbc3e83034f3606,1092342,,complete,,5e3b351f9d5f1e34cb2f0907,computer,Desktop or Laptop,Windows 10,Chrome 79.0.3945.130,1366x768,1349x625,Pass,Demographics,1,Yes,Fail,Pass,Pass,,Mixed_JaneSet1_AustinS_JaneSH_AustinTest1,,LeftFemale_LeftShine,,,,,,,END QUESTIONNAIRE,7409
1,1580943740531,05/02/2020 23:02:20,1580943740048,-5,05/02/2020 18:02:20,12769,5,questionnaire-d7os,,3870736,5e0840192b12bd16b02895cd,1092574,,complete,,5e3b4916bf69e13619bc0ffa,computer,Desktop or Laptop,Windows 10,Firefox 72.0,1536x864,1536x750,Pass,Demographics,1,Yes,Pass,Pass,,,Mixed_JaneSet1_AustinS_JaneSH_AustinTest1,,LeftFemale_LeftShine,,,,,,,BEGIN QUESTIONNAIRE,
2,1580943755476,05/02/2020 23:02:35,1580943755065,-5,05/02/2020 18:02:35,12769,5,questionnaire-d7os,,3870736,5e0840192b12bd16b02895cd,1092574,,complete,,5e3b4916bf69e13619bc0ffa,computer,Desktop or Laptop,Windows 10,Firefox 72.0,1536x864,1519x750,Pass,Demographics,1,Yes,Pass,Pass,,,Mixed_JaneSet1_AustinS_JaneSH_AustinTest1,,LeftFemale_LeftShine,,,,,,,response-accent-2,Southern
3,1580943755633,05/02/2020 23:02:35,1580943755066,-5,05/02/2020 18:02:35,12769,5,questionnaire-d7os,,3870736,5e0840192b12bd16b02895cd,1092574,,complete,,5e3b4916bf69e13619bc0ffa,computer,Desktop or Laptop,Windows 10,Firefox 72.0,1536x864,1519x750,Pass,Demographics,1,Yes,Pass,Pass,,,Mixed_JaneSet1_AustinS_JaneSH_AustinTest1,,LeftFemale_LeftShine,,,,,,,response-accent-text,
4,1580943755633,05/02/2020 23:02:35,1580943755067,-5,05/02/2020 18:02:35,12769,5,questionnaire-d7os,,3870736,5e0840192b12bd16b02895cd,1092574,,complete,,5e3b4916bf69e13619bc0ffa,computer,Desktop or Laptop,Windows 10,Firefox 72.0,1536x864,1519x750,Pass,Demographics,1,Yes,Pass,Pass,,,Mixed_JaneSet1_AustinS_JaneSH_AustinTest1,,LeftFemale_LeftShine,,,,,,,response-sex-1,Female
5,1580943755633,05/02/2020 23:02:35,1580943755067,-5,05/02/2020 18:02:35,12769,5,questionnaire-d7os,,3870736,5e0840192b12bd16b02895cd,1092574,,complete,,5e3b4916bf69e13619bc0ffa,computer,Desktop or Laptop,Windows 10,Firefox 72.0,1536x864,1519x750,Pass,Demographics,1,Yes,Pass,Pass,,,Mixed_JaneSet1_AustinS_JaneSH_AustinTest1,,LeftFemale_LeftShine,,,,,,,response-ethnicity-2,Not Hispanic or Latino
6,1580943755633,05/02/2020 23:02:35,1580943755067,-5,05/02/2020 18:02:35,12769,5,questionnaire-d7os,,3870736,5e0840192b12bd16b02895cd,1092574,,complete,,5e3b4916bf69e13619bc0ffa,computer,Desktop or Laptop,Windows 10,Firefox 72.0,1536x864,1519x750,Pass,Demographics,1,Yes,Pass,Pass,,,Mixed_JaneSet1_AustinS_JaneSH_AustinTest1,,LeftFemale_LeftShine,,,,,,,response-race-5,White
7,1580943755633,05/02/2020 23:02:35,1580943755068,-5,05/02/2020 18:02:35,12769,5,questionnaire-d7os,,3870736,5e0840192b12bd16b02895cd,1092574,,complete,,5e3b4916bf69e13619bc0ffa,computer,Desktop or Laptop,Windows 10,Firefox 72.0,1536x864,1519x750,Pass,Demographics,1,Yes,Pass,Pass,,,Mixed_JaneSet1_AustinS_JaneSH_AustinTest1,,LeftFemale_LeftShine,,,,,,,END QUESTIONNAIRE,15021
END OF FILE
