﻿Event Index,UTC Timestamp,UTC Date,Local Timestamp,Local Timezone,Local Date,Experiment ID,Experiment Version,Tree Node Key,Repeat Key,Schedule ID,Participant Public ID,Participant Private ID,Participant Starting Group,Participant Status,Participant Completion Code,Participant External Session ID,Participant Device Type,Participant Device,Participant OS,Participant Browser,Participant Monitor Size,Participant Viewport Size,Checkpoint,Task Name,Task Version,branch-9edj,branch-ee59,checkpoint-7g4v,branch-52fz,checkpoint-irp3,randomiser-czzd,randomiser-hvq1,randomiser-7do6,randomiser-o6lu,randomiser-b834,randomiser-gfgd,randomiser-ml5o,randomiser-mulp,randomiser-didj,Question Key,Response
1,1581092297890,07/02/2020 16:18:17,1581092297264,-6,07/02/2020 10:18:17,12769,6,questionnaire-t1fh,,3889566,5dd6eec3dcec8768a0c1f881,1098170,,complete,,5e3d8db55d101e0265878486,computer,Desktop or Laptop,Mac OS 10.15.3,Chrome 79.0.3945.130,1440x900,1440x713,Pass,Information-Sheet,2,Yes,Pass,Pass,,,Mixed_JaneSet1_AustinS_JaneSH_JaneTest1,,,,,,LeftFemale_LeftShine,,,BEGIN QUESTIONNAIRE,
2,1581092321533,07/02/2020 16:18:41,1581092321251,-6,07/02/2020 10:18:41,12769,6,questionnaire-t1fh,,3889566,5dd6eec3dcec8768a0c1f881,1098170,,complete,,5e3d8db55d101e0265878486,computer,Desktop or Laptop,Mac OS 10.15.3,Chrome 79.0.3945.130,1440x900,1440x713,Pass,Information-Sheet,2,Yes,Pass,Pass,,,Mixed_JaneSet1_AustinS_JaneSH_JaneTest1,,,,,,LeftFemale_LeftShine,,,consent,Yes
3,1581092321953,07/02/2020 16:18:41,1581092321253,-6,07/02/2020 10:18:41,12769,6,questionnaire-t1fh,,3889566,5dd6eec3dcec8768a0c1f881,1098170,,complete,,5e3d8db55d101e0265878486,computer,Desktop or Laptop,Mac OS 10.15.3,Chrome 79.0.3945.130,1440x900,1440x713,Pass,Information-Sheet,2,Yes,Pass,Pass,,,Mixed_JaneSet1_AustinS_JaneSH_JaneTest1,,,,,,LeftFemale_LeftShine,,,consent-quantised,1
4,1581092321953,07/02/2020 16:18:41,1581092321253,-6,07/02/2020 10:18:41,12769,6,questionnaire-t1fh,,3889566,5dd6eec3dcec8768a0c1f881,1098170,,complete,,5e3d8db55d101e0265878486,computer,Desktop or Laptop,Mac OS 10.15.3,Chrome 79.0.3945.130,1440x900,1440x713,Pass,Information-Sheet,2,Yes,Pass,Pass,,,Mixed_JaneSet1_AustinS_JaneSH_JaneTest1,,,,,,LeftFemale_LeftShine,,,END QUESTIONNAIRE,23990
1,1581092333734,07/02/2020 16:18:53,1581092333561,-5,07/02/2020 11:18:53,12769,6,questionnaire-t1fh,,3889609,5d88dcb723dfcc00151fd043,1098189,,complete,,5e3d8dd9d3b5a20442445ecc,computer,Desktop or Laptop,Mac OS 10.11.6,Chrome 79.0.3945.130,1920x1200,1846x1012,Pass,Information-Sheet,2,Yes,Pass,Pass,,,Mixed_AustinSet1_AustinS_JaneSH_AustinTest1,LeftFemale_LeftSign,,,,,,,,BEGIN QUESTIONNAIRE,
2,1581092355680,07/02/2020 16:19:15,1581092355258,-5,07/02/2020 11:19:15,12769,6,questionnaire-t1fh,,3889609,5d88dcb723dfcc00151fd043,1098189,,complete,,5e3d8dd9d3b5a20442445ecc,computer,Desktop or Laptop,Mac OS 10.11.6,Chrome 79.0.3945.130,1920x1200,1846x1012,Pass,Information-Sheet,2,Yes,Pass,Pass,,,Mixed_AustinSet1_AustinS_JaneSH_AustinTest1,LeftFemale_LeftSign,,,,,,,,consent,Yes
3,1581092356027,07/02/2020 16:19:16,1581092355260,-5,07/02/2020 11:19:15,12769,6,questionnaire-t1fh,,3889609,5d88dcb723dfcc00151fd043,1098189,,complete,,5e3d8dd9d3b5a20442445ecc,computer,Desktop or Laptop,Mac OS 10.11.6,Chrome 79.0.3945.130,1920x1200,1846x1012,Pass,Information-Sheet,2,Yes,Pass,Pass,,,Mixed_AustinSet1_AustinS_JaneSH_AustinTest1,LeftFemale_LeftSign,,,,,,,,consent-quantised,1
4,1581092356027,07/02/2020 16:19:16,1581092355261,-5,07/02/2020 11:19:15,12769,6,questionnaire-t1fh,,3889609,5d88dcb723dfcc00151fd043,1098189,,complete,,5e3d8dd9d3b5a20442445ecc,computer,Desktop or Laptop,Mac OS 10.11.6,Chrome 79.0.3945.130,1920x1200,1846x1012,Pass,Information-Sheet,2,Yes,Pass,Pass,,,Mixed_AustinSet1_AustinS_JaneSH_AustinTest1,LeftFemale_LeftSign,,,,,,,,END QUESTIONNAIRE,21700
1,1581092334686,07/02/2020 16:18:54,1581092327508,-5,07/02/2020 11:18:47,12769,6,questionnaire-t1fh,,3889611,55bfa394fdf99b38606a5176,1098190,,complete,,5e3d8ddba70238049c11d463,computer,Desktop or Laptop,Windows 7,Chrome 80.0.3987.87,1366x768,1366x657,Pass,Information-Sheet,2,Yes,Pass,Pass,,,Mixed_AustinSet1_AustinS_JaneSH_AustinTest1,LeftMale_LeftShine,,,,,,,,BEGIN QUESTIONNAIRE,
2,1581092387134,07/02/2020 16:19:47,1581092380007,-5,07/02/2020 11:19:40,12769,6,questionnaire-t1fh,,3889611,55bfa394fdf99b38606a5176,1098190,,complete,,5e3d8ddba70238049c11d463,computer,Desktop or Laptop,Windows 7,Chrome 80.0.3987.87,1366x768,1349x657,Pass,Information-Sheet,2,Yes,Pass,Pass,,,Mixed_AustinSet1_AustinS_JaneSH_AustinTest1,LeftMale_LeftShine,,,,,,,,consent,Yes
3,1581092387324,07/02/2020 16:19:47,1581092380012,-5,07/02/2020 11:19:40,12769,6,questionnaire-t1fh,,3889611,55bfa394fdf99b38606a5176,1098190,,complete,,5e3d8ddba70238049c11d463,computer,Desktop or Laptop,Windows 7,Chrome 80.0.3987.87,1366x768,1349x657,Pass,Information-Sheet,2,Yes,Pass,Pass,,,Mixed_AustinSet1_AustinS_JaneSH_AustinTest1,LeftMale_LeftShine,,,,,,,,consent-quantised,1
4,1581092387324,07/02/2020 16:19:47,1581092380013,-5,07/02/2020 11:19:40,12769,6,questionnaire-t1fh,,3889611,55bfa394fdf99b38606a5176,1098190,,complete,,5e3d8ddba70238049c11d463,computer,Desktop or Laptop,Windows 7,Chrome 80.0.3987.87,1366x768,1349x657,Pass,Information-Sheet,2,Yes,Pass,Pass,,,Mixed_AustinSet1_AustinS_JaneSH_AustinTest1,LeftMale_LeftShine,,,,,,,,END QUESTIONNAIRE,52506
1,1581092425180,07/02/2020 16:20:25,1581092424947,-5,07/02/2020 11:20:24,12769,6,questionnaire-t1fh,,3889665,5e0d6dee4f40fb4f60fc0494,1098195,,complete,,5e3d8dcd3586aa03db48a3ff,computer,Desktop or Laptop,Windows 10,Chrome 79.0.3945.130,1600x900,1600x789,Pass,Information-Sheet,2,Yes,Pass,Pass,,,Mixed_JaneSet1_AustinSH_JaneS_AustinTest1,,,,LeftMale_LeftSign,,,,,BEGIN QUESTIONNAIRE,
2,1581092451559,07/02/2020 16:20:51,1581092451446,-5,07/02/2020 11:20:51,12769,6,questionnaire-t1fh,,3889665,5e0d6dee4f40fb4f60fc0494,1098195,,complete,,5e3d8dcd3586aa03db48a3ff,computer,Desktop or Laptop,Windows 10,Chrome 79.0.3945.130,1600x900,1583x789,Pass,Information-Sheet,2,Yes,Pass,Pass,,,Mixed_JaneSet1_AustinSH_JaneS_AustinTest1,,,,LeftMale_LeftSign,,,,,consent,Yes
3,1581092452636,07/02/2020 16:20:52,1581092451448,-5,07/02/2020 11:20:51,12769,6,questionnaire-t1fh,,3889665,5e0d6dee4f40fb4f60fc0494,1098195,,complete,,5e3d8dcd3586aa03db48a3ff,computer,Desktop or Laptop,Windows 10,Chrome 79.0.3945.130,1600x900,1583x789,Pass,Information-Sheet,2,Yes,Pass,Pass,,,Mixed_JaneSet1_AustinSH_JaneS_AustinTest1,,,,LeftMale_LeftSign,,,,,consent-quantised,1
4,1581092452636,07/02/2020 16:20:52,1581092451449,-5,07/02/2020 11:20:51,12769,6,questionnaire-t1fh,,3889665,5e0d6dee4f40fb4f60fc0494,1098195,,complete,,5e3d8dcd3586aa03db48a3ff,computer,Desktop or Laptop,Windows 10,Chrome 79.0.3945.130,1600x900,1583x789,Pass,Information-Sheet,2,Yes,Pass,Pass,,,Mixed_JaneSet1_AustinSH_JaneS_AustinTest1,,,,LeftMale_LeftSign,,,,,END QUESTIONNAIRE,26502
1,1581092499791,07/02/2020 16:21:39,1581092499605,-5,07/02/2020 11:21:39,12769,6,questionnaire-t1fh,,3889691,5e2534721c55ad7943337a48,1098206,,complete,,5e3d8e88cf4345044a24e438,computer,Desktop or Laptop,Mac OS 10.15,Firefox 72.0,1440x900,1163x698,Pass,Information-Sheet,2,Yes,Pass,Pass,,,Mixed_AustinSet1_AustinS_JaneSH_JaneTest1,,,,,LeftMale_LeftShine,,,,BEGIN QUESTIONNAIRE,
2,1581092505244,07/02/2020 16:21:45,1581092505158,-5,07/02/2020 11:21:45,12769,6,questionnaire-t1fh,,3889691,5e2534721c55ad7943337a48,1098206,,complete,,5e3d8e88cf4345044a24e438,computer,Desktop or Laptop,Mac OS 10.15,Firefox 72.0,1440x900,1148x698,Pass,Information-Sheet,2,Yes,Pass,Pass,,,Mixed_AustinSet1_AustinS_JaneSH_JaneTest1,,,,,LeftMale_LeftShine,,,,consent,Yes
3,1581092505401,07/02/2020 16:21:45,1581092505160,-5,07/02/2020 11:21:45,12769,6,questionnaire-t1fh,,3889691,5e2534721c55ad7943337a48,1098206,,complete,,5e3d8e88cf4345044a24e438,computer,Desktop or Laptop,Mac OS 10.15,Firefox 72.0,1440x900,1148x698,Pass,Information-Sheet,2,Yes,Pass,Pass,,,Mixed_AustinSet1_AustinS_JaneSH_JaneTest1,,,,,LeftMale_LeftShine,,,,consent-quantised,1
4,1581092505401,07/02/2020 16:21:45,1581092505161,-5,07/02/2020 11:21:45,12769,6,questionnaire-t1fh,,3889691,5e2534721c55ad7943337a48,1098206,,complete,,5e3d8e88cf4345044a24e438,computer,Desktop or Laptop,Mac OS 10.15,Firefox 72.0,1440x900,1148x698,Pass,Information-Sheet,2,Yes,Pass,Pass,,,Mixed_AustinSet1_AustinS_JaneSH_JaneTest1,,,,,LeftMale_LeftShine,,,,END QUESTIONNAIRE,5556
1,1581094732130,07/02/2020 16:58:52,1581094731943,-6,07/02/2020 10:58:51,12769,6,questionnaire-t1fh,,3890009,5c0023fb2213be0001c2cdde,1098397,,complete,,5e3d924d7433ab000b532754,computer,Desktop or Laptop,Mac OS 10.15.3,Chrome 79.0.3945.130,2560x1440,1774x1039,Pass,Information-Sheet,2,Yes,Pass,Pass,,,Mixed_AustinSet1_AustinSH_JaneS_JaneTest1,,,,,,,LeftFemale_LeftSign,,BEGIN QUESTIONNAIRE,
2,1581094742351,07/02/2020 16:59:02,1581094742257,-6,07/02/2020 10:59:02,12769,6,questionnaire-t1fh,,3890009,5c0023fb2213be0001c2cdde,1098397,,complete,,5e3d924d7433ab000b532754,computer,Desktop or Laptop,Mac OS 10.15.3,Chrome 79.0.3945.130,2560x1440,1774x1039,Pass,Information-Sheet,2,Yes,Pass,Pass,,,Mixed_AustinSet1_AustinSH_JaneS_JaneTest1,,,,,,,LeftFemale_LeftSign,,consent,Yes
3,1581094742522,07/02/2020 16:59:02,1581094742258,-6,07/02/2020 10:59:02,12769,6,questionnaire-t1fh,,3890009,5c0023fb2213be0001c2cdde,1098397,,complete,,5e3d924d7433ab000b532754,computer,Desktop or Laptop,Mac OS 10.15.3,Chrome 79.0.3945.130,2560x1440,1774x1039,Pass,Information-Sheet,2,Yes,Pass,Pass,,,Mixed_AustinSet1_AustinSH_JaneS_JaneTest1,,,,,,,LeftFemale_LeftSign,,consent-quantised,1
4,1581094742522,07/02/2020 16:59:02,1581094742259,-6,07/02/2020 10:59:02,12769,6,questionnaire-t1fh,,3890009,5c0023fb2213be0001c2cdde,1098397,,complete,,5e3d924d7433ab000b532754,computer,Desktop or Laptop,Mac OS 10.15.3,Chrome 79.0.3945.130,2560x1440,1774x1039,Pass,Information-Sheet,2,Yes,Pass,Pass,,,Mixed_AustinSet1_AustinSH_JaneS_JaneTest1,,,,,,,LeftFemale_LeftSign,,END QUESTIONNAIRE,10316
1,1581095038029,07/02/2020 17:03:58,1581095044817,6,07/02/2020 23:04:04,12769,6,questionnaire-t1fh,,3890068,5dc7248de4f0ff518d0cfe90,1098418,,complete,,5e3d8f68cae2ad03f5562a83,computer,Desktop or Laptop,Windows 7,Firefox 72.0,1366x768,1366x632,Pass,Information-Sheet,2,Yes,Pass,Pass,,,Mixed_JaneSet1_AustinS_JaneSH_JaneTest1,,,,,,LeftFemale_LeftShine,,,BEGIN QUESTIONNAIRE,
2,1581095185397,07/02/2020 17:06:25,1581095189899,6,07/02/2020 23:06:29,12769,6,questionnaire-t1fh,,3890068,5dc7248de4f0ff518d0cfe90,1098418,,complete,,5e3d8f68cae2ad03f5562a83,computer,Desktop or Laptop,Windows 7,Firefox 72.0,1366x768,1349x632,Pass,Information-Sheet,2,Yes,Pass,Pass,,,Mixed_JaneSet1_AustinS_JaneSH_JaneTest1,,,,,,LeftFemale_LeftShine,,,consent,Yes
3,1581095186181,07/02/2020 17:06:26,1581095189912,6,07/02/2020 23:06:29,12769,6,questionnaire-t1fh,,3890068,5dc7248de4f0ff518d0cfe90,1098418,,complete,,5e3d8f68cae2ad03f5562a83,computer,Desktop or Laptop,Windows 7,Firefox 72.0,1366x768,1349x632,Pass,Information-Sheet,2,Yes,Pass,Pass,,,Mixed_JaneSet1_AustinS_JaneSH_JaneTest1,,,,,,LeftFemale_LeftShine,,,consent-quantised,1
4,1581095186181,07/02/2020 17:06:26,1581095189912,6,07/02/2020 23:06:29,12769,6,questionnaire-t1fh,,3890068,5dc7248de4f0ff518d0cfe90,1098418,,complete,,5e3d8f68cae2ad03f5562a83,computer,Desktop or Laptop,Windows 7,Firefox 72.0,1366x768,1349x632,Pass,Information-Sheet,2,Yes,Pass,Pass,,,Mixed_JaneSet1_AustinS_JaneSH_JaneTest1,,,,,,LeftFemale_LeftShine,,,END QUESTIONNAIRE,145097
END OF FILE
